title,channel_url,channel_id,publishedAt,statistics,head_pic,keywords,videos
PHLEARN,https://www.youtube.com/@phlearn,@phlearn,2011-10-11T15:26:09Z,"{'viewCount': '155158966', 'subscriberCount': '2170000', 'videoCount': '962'}",https://yt3.ggpht.com/2uLKFrKOUNAeT2s2m16qoBz2QDjHn2ku_sRUAB2ksUu57yXCMZjGaR5VNH7FkaVzWcP7PCfExA=s240-c-k-c0x00ffffff-no-rj,Phlearn Photoshop Photography AaronNace Adobe Tutorials Lightroom Tips and Tricks How To Learn Free,"[{'title': 'Adobe Firefly: Intro to AI Video Generation', 'link': 'https://www.youtube.com/watch?v=-SoqQK8WAQw'}, {'title': 'Adobe Camera RAW: Explore the New Remove Reflections Tool', 'link': 'https://www.youtube.com/watch?v=v_W8VxrjetA'}, {'title': 'Photoshop Beta: New Hue Saturation Tool', 'link': 'https://www.youtube.com/watch?v=KvPtgPTxm1s'}]"
Graeme Williams - Photographic Conversations,https://www.youtube.com/@PhotoConversations,@photoconversations,2014-01-17T16:18:34Z,"{'viewCount': '715910', 'subscriberCount': '11000', 'videoCount': '165'}",https://yt3.ggpht.com/lEI1xiL1sLKzbfOrYjs1pHwzbw-fI5N4C6xM5EhJ3iaWYJIJ8R9nCDf-pF-7Q3mrPam7O5vByg=s240-c-k-c0x00ffffff-no-rj,"Photography Education Information ""Helpful tips"" Entertainment Photographic Photojournalism Reportage ""Landscape photography"" ""Street photography"" ""War photography"" ""portrait photography"" Composition","[{'title': ""Looking back at Lisa Barlow's 80s essay"", 'link': 'https://www.youtube.com/watch?v=GAjJtPNX7TE'}, {'title': 'Meatyard -  A surrealist who influenced generations', 'link': 'https://www.youtube.com/watch?v=vCPuYJtck4s'}, {'title': 'Bryan Schutmaat and the American West', 'link': 'https://www.youtube.com/watch?v=9mw0-64sL4s'}]"
Jamie Windsor,https://www.youtube.com/@jamiewindsor,@jamiewindsor,2006-08-21T02:13:39Z,"{'viewCount': '24292051', 'subscriberCount': '533000', 'videoCount': '84'}",https://yt3.ggpht.com/vXg2NlrjN5UqGVbmUMJcBLokp_LvcMECgRy4eLCDkzRGBfU3R8AkiDTc2xcBkEY3M4Xysp_opw=s240-c-k-c0x00ffffff-no-rj,,"[{'title': 'The SECRETS to MEMORABLE Portraits  |  Full Harry Borden Interview', 'link': 'https://www.youtube.com/watch?v=y8CyAL-P0O8'}, {'title': 'Portrait tips from Harry Borden', 'link': 'https://www.youtube.com/watch?v=9JVyyx3VrNk'}, {'title': 'Portrait tips from Harry Borden', 'link': 'https://www.youtube.com/watch?v=0X6sDeUkzgk'}]"
iPhone Photography School,https://www.youtube.com/@iPhone_Photography_School,@iphone_photography_school,2012-07-15T13:50:13Z,"{'viewCount': '55130241', 'subscriberCount': '853000', 'videoCount': '1766'}",https://yt3.ggpht.com/adBWg9RX0-hE7QIj1EhE8-R7UYmQ8TDXa40TOjMMmy91MOhva9ZUj3H5YhHoX-5wjnQ0-D_594o=s240-c-k-c0x00ffffff-no-rj,"""iphone photography"" ""iphone photography school"" ""iphone photo academy"" ""photography iphone"" ""iphone photography tutorials for beginners"" ""iphone academy"" ""iphone photo"" ""photography with iphone"" ""iphone photography tips"" ""emil pakarklis"" ""iphone photography tutorial"" ""iphone photographer"" ""photo iphone"" ""learn iphone photography"" ""photography on iphone"" iphonephotography iphoneography photography apple ""iphone 7"" photos reflection iphone tutorial camera ""iphone 8"" photo tips ""iphone x"" tricks","[{'title': 'Did You Know This iPhone Photo Trick? 🤯 #iphonecamera #iphonetrick #hacks #shorts', 'link': 'https://www.youtube.com/watch?v=7U-ErZNTG7g'}, {'title': 'Epic Video Editing Trick! 😍🎥 #videoediting #capcut #videoeffects #shorts', 'link': 'https://www.youtube.com/watch?v=ErwiEolXhmc'}, {'title': 'No More BORING Beach Photos ❌🏝️ #iphonephotography #photoideas #beachphotography #shorts', 'link': 'https://www.youtube.com/watch?v=8w8RqNjd27c'}]"
PhotographyTV,https://www.youtube.com/@PhotographyTVcom,@photographytvcom,2016-05-10T03:23:09Z,"{'viewCount': '1306113', 'subscriberCount': '14700', 'videoCount': '86'}",https://yt3.ggpht.com/ytc/AIdro_mojugPq6Mb7jmD6noe49xsb3tGAgBe0fR0BGtEKKDKPdo=s240-c-k-c0x00ffffff-no-rj,"""photography tutorials"" ""travel photography"" ""how to photography"" ""starting a youtube channel"" ""photography gear"" ""landscape photography""","[{'title': 'Art Wolfe Interview - Travel Photography', 'link': 'https://www.youtube.com/watch?v=eXwVJpfq2jQ'}, {'title': 'Quit Your Job to Become a Full Time Photographer - Interview', 'link': 'https://www.youtube.com/watch?v=OecrYAPbC0I'}, {'title': 'Wildlife Photography Interview with Jake Davis', 'link': 'https://www.youtube.com/watch?v=E17GFWZHLNY'}]"
SLR Lounge | Photography Tutorials,https://www.youtube.com/@slrlounge,@slrlounge,2010-09-30T00:01:33Z,"{'viewCount': '41754354', 'subscriberCount': '508000', 'videoCount': '1306'}",https://yt3.ggpht.com/ytc/AIdro_m5nzQ519a9h_pCyZOLfUK2zWFV-j6nbNMloj5r2EwjRg=s240-c-k-c0x00ffffff-no-rj,"photography ""photography tutorials"" lightroom ""lightroom tutorials"" photoshop ""photoshop tutorials""","[{'title': 'The No. 1 Marketing Mistake New Business Owners Make #shorts', 'link': 'https://www.youtube.com/watch?v=Fq6-8BG4VKY'}, {'title': 'Stop Buying Gear & Start Building a Business! #shorts', 'link': 'https://www.youtube.com/watch?v=-SoHx-vze4w'}, {'title': 'Real Business, Real Result: A Mentorship That Actually Works #shorts', 'link': 'https://www.youtube.com/watch?v=aiyZ2QUOWKU'}]"
Camera Talk,https://www.youtube.com/@CameraTalkVideos,@cameratalkvideos,2023-02-26T14:21:18.157363Z,"{'viewCount': '108360', 'subscriberCount': '1120', 'videoCount': '116'}",https://yt3.ggpht.com/ds1dqPqFPiMP7TzgcagWywba-YSAqqr_mhnf9mEB-W_7SF6A5aRqPONRntyIy7mPUBy8mMYQyNM=s240-c-k-c0x00ffffff-no-rj,"photography cameras film ""digital photography"" ""film photography"" composition art entertainment ""camera talk"" ""classic cameras"" ""folding cameras""","[{'title': ""Nikon FE: As Good as the FM? Some Say, 'No' - Camera Talk"", 'link': 'https://www.youtube.com/watch?v=jwafkIOpXyA'}, {'title': 'Kilfitt Makro Kilar: Optical Excellence from Lichtenstein - Camera Talk', 'link': 'https://www.youtube.com/watch?v=FG508OrLoFk'}, {'title': 'Pentax SLRs: Do You Know About This Undocumented Feature? - Camera Talk', 'link': 'https://www.youtube.com/watch?v=NeXreKsfTHM'}]"
Shutterbug 101,https://www.youtube.com/@Shutterbug101,@shutterbug101,2019-04-29T15:39:00Z,"{'viewCount': '2646485', 'subscriberCount': '20200', 'videoCount': '199'}",https://yt3.ggpht.com/ytc/AIdro_kDI4f4GmlcbxqWT2wEUxKZC4Lh3HqG9prAosAV3DVZFg=s240-c-k-c0x00ffffff-no-rj,Photography; Canon; Nikon; Sony; Panasonic; Olympus; camera; lens; tutorial;,"[{'title': 'Vlog #28 The Search for the White Raven', 'link': 'https://www.youtube.com/watch?v=K224yALcQFk'}, {'title': 'Full Menu Walkthrough: Sony (Old & New)', 'link': 'https://www.youtube.com/watch?v=Vf6gyiBqbPE'}, {'title': 'Goodbye, Amazon!', 'link': 'https://www.youtube.com/watch?v=P8WgUorlL4s'}]"
Matthew Littlewood,https://www.youtube.com/@matthewlittlewood,@matthewlittlewood,2016-01-05T09:03:21Z,"{'viewCount': '132166', 'subscriberCount': '3660', 'videoCount': '75'}",https://yt3.ggpht.com/H9d3QDnvtS5WO-TDqAwk_b6FxVd9GeQjj6SChhADi8x-QUeoWlVvTE_NaP9V-EN-g8oQUspe1Q=s240-c-k-c0x00ffffff-no-rj,"photography ""photography tutorials"" ""travel photography"" ""travel photography tutorials"" ""adventure photography"" ""travel videography"" ""videography tutorials""","[{'title': 'Insta360 X4 vs X5 Comparison Video | Snowboarding, Kayaking, Motorbiking & Low Light Test', 'link': 'https://www.youtube.com/watch?v=G9v_2Ktx0do'}, {'title': 'Photo editing in SECONDS with Stackable Ai Presets + Make your own!', 'link': 'https://www.youtube.com/watch?v=Z75SLHYRO_I'}, {'title': 'Testing Ace Pro 2 In Low Light - Does It Live Up To The Hype?', 'link': 'https://www.youtube.com/watch?v=es2xcn0dUHY'}]"
Photoshop Training Channel,https://www.youtube.com/channel/UCdQ_ZkYaMe6qPoueUyPQgpQ,@photoshoptrainingchannel,2012-07-13T20:26:32Z,"{'viewCount': '141840206', 'subscriberCount': '2140000', 'videoCount': '592'}",https://yt3.ggpht.com/ytc/AIdro_nJkpjQxa9ZRh3P1QQ2AbpYcjBqLw8-9JykO64A03MhxQ=s240-c-k-c0x00ffffff-no-rj,"""Photoshop tutorials"" ""Photoshop Tutorial"" ""Photoshop training"" photography ""graphic design"" Photoshop ""Learn Photoshop"" ""Photoshop Effects"" PSD PTC PTCvids JRfromPTC Adobe ""Jesus Ramirez"" ""Photoshop for Beginners""","[{'title': '5 Hidden Photoshop Features Only Pros Know', 'link': 'https://www.youtube.com/watch?v=_GaCm912EtE'}, {'title': '🔥Turn your Photoshop Composite into video with the Adobe Firefly mobile app', 'link': 'https://www.youtube.com/watch?v=l4DiIYT3nSQ'}, {'title': 'Top 6 Photoshop 2025 NEW Features [April Release]', 'link': 'https://www.youtube.com/watch?v=XWYDlgShm_Y'}]"
FRAMES,https://www.youtube.com/channel/UCVazokunXdsU_KhZZb7T9kQ,@thisisframes,2015-03-01T19:53:40Z,"{'viewCount': '400773', 'subscriberCount': '26200', 'videoCount': '91'}",https://yt3.ggpht.com/iilRJHxK5hpsKvzsFyIFmKaP-3R1SC28_1ayyYf9xYkucgW6VUwdY7khh9abJj7sqzKbNrIzOA=s240-c-k-c0x00ffffff-no-rj,"photography inspiration ""learn photography"" ""photography tips"" ""improve photography"" ""fine art photography""","[{'title': 'From Smartphone to Signature Style - with FRANK BRUYNSERAEDE', 'link': 'https://www.youtube.com/watch?v=Al-AiR2JFGY'}, {'title': 'Editing Changed Everything - with RUSS RADCLIFFE', 'link': 'https://www.youtube.com/watch?v=wgnsgvc5KTk'}, {'title': 'Some Moments Take Years to Capture - with VICKI SANTELLO', 'link': 'https://www.youtube.com/watch?v=cMMxvoXBauI'}]"
Steve Gerrard,https://www.youtube.com/channel/UCo__OuKkUtcYyQ3pVCilbWw,@stevegerrardphotography,2013-01-10T00:13:07Z,"{'viewCount': '557232', 'subscriberCount': '4420', 'videoCount': '56'}",https://yt3.ggpht.com/ytc/AIdro_lDOEvuo3EUgV6sQTOzRtQW98wFiljcjSTp6fU6z2wr3Tws=s240-c-k-c0x00ffffff-no-rj,"Photography Photographer tutorials ""wedding photography"" ""steve gerrard"" ""steve gerrard photography"" ""how to""","[{'title': 'FEDWED: Must-have tool for wedding pros! (Book more weddings!)', 'link': 'https://www.youtube.com/watch?v=ufp5TwvYFGc'}, {'title': 'The weird condition that stopped me making videos', 'link': 'https://www.youtube.com/watch?v=nBh2e4UuUBA'}, {'title': 'The Photographer Who Fooled Instagram', 'link': 'https://www.youtube.com/watch?v=_BEY03rpnUc'}]"
Photoshop Tamilan,https://www.youtube.com/channel/UCsZiKQfIqf1eMxDs3V8ST8w,@photoshoptamilan,2016-06-26T13:13:47Z,"{'viewCount': '1969731', 'subscriberCount': '38400', 'videoCount': '258'}",https://yt3.ggpht.com/ytc/AIdro_lXxvpJKeFs4ry2AYOLpdsxrQNy5EljBjdCpnCux8j9vrM=s240-c-k-c0x00ffffff-no-rj,"Photoshop Tamilan photoshoptamilan ""Wedding Album"" tools ""Photoshop cc editing"" ""photoshop cs6 editing"" ""photoshop latest version"" ""photoshop 2018"" ""tips and tricks"" ""photoshop hacks"" ""photoshop edit"" ""photoshop designs"" ""photoshop 7.0"" ""photo edit"" ""photoshop tutorials tamil"" ""tamil tutorial technology"" multimedia ""computer tips"" ""photoshop tamil tech"" tricks ""flex banner design"" ""logo design""","[{'title': 'ai murugan baby #ai  #ai murugan #aiart  #ai edit', 'link': 'https://www.youtube.com/watch?v=lg83sLZVG_8'}, {'title': '#ai  captain America', 'link': 'https://www.youtube.com/watch?v=l7N88zpKJQ0'}, {'title': 'Using AI to create video', 'link': 'https://www.youtube.com/watch?v=Svwk9WTxzNI'}]"
linusandhiscamera,https://www.youtube.com/channel/UC3UrTubzntGwzXMFvuGxh_Q,@linusandhiscamera,2017-02-14T02:57:26Z,"{'viewCount': '2407156', 'subscriberCount': '53200', 'videoCount': '66'}",https://yt3.ggpht.com/k5Xc1Y9bMJrMOOZMAU4LMzreaQVoXLOvoEsgp50t1WWgu_K8tE1Rm1K13C_c_aXwKf5ne-W9=s240-c-k-c0x00ffffff-no-rj,,"[{'title': ""Los Angeles Film Photographer's Apartment Tour"", 'link': 'https://www.youtube.com/watch?v=zkqBwnY0vO4'}, {'title': 'Paid Film Photography Jobs: What You Need to Know First', 'link': 'https://www.youtube.com/watch?v=MZLE_jxFQ3A'}, {'title': 'The Perfect Film Cameras For A Road Trip', 'link': 'https://www.youtube.com/watch?v=-W_CFY7KN_M'}]"
Brooklyn Film Camera,https://www.youtube.com/channel/UCgttTP9m9ZaBIB-FHVsjofA,@brooklynfilmcamera,2022-03-07T22:01:52.128796Z,"{'viewCount': '474212', 'subscriberCount': '7910', 'videoCount': '34'}",https://yt3.ggpht.com/D7weAwAvM80yPSERZH9pR-Xc7orgZZPeS7izH7JRa7zfKZQFqrQTNDVr8mlCHx_7mHz06EdsAbQ=s240-c-k-c0x00ffffff-no-rj,,"[{'title': 'Meet Aurora 800! Shooting 35mm color film just got cheaper. Portra 800 and Lomo 800 comparisons!', 'link': 'https://www.youtube.com/watch?v=8-nRupBAiik'}, {'title': 'A Portrait of BFC Founder Kyle Depew by DELIGHT FILMS.', 'link': 'https://www.youtube.com/watch?v=qK_DA5s5xNo'}, {'title': 'Can New Yorkers name 5 Film Cameras for $20? Film Photography Trivia and Polaroid Challenge!', 'link': 'https://www.youtube.com/watch?v=lS8XEgu7Bj4'}]"
FilmPhotographyProject,https://www.youtube.com/channel/UCuIEnDthlBBWXhxoZxIXlUg,@filmphotographyproject,2010-06-12T05:00:45Z,"{'viewCount': '6041245', 'subscriberCount': '39600', 'videoCount': '680'}",https://yt3.ggpht.com/vbKQpbVi8k1VSliwlNaDJNM32Lkx2oAdvuLDlW79H5C4_77ho6lEqAjEhBy_2lpdLwQWgq-7WqQ=s240-c-k-c0x00ffffff-no-rj,"FilmPhotography ""Film Photography"" Polaroid Kodachrome Canon Kodak Processing ""16mm Film"" ""8mm Film"" ""Super 8 Film"" ""Movie Making""","[{'title': 'Cine16 BW 400 16mm Film Test Shot at 200 ISO', 'link': 'https://www.youtube.com/watch?v=AcSmYpnqyAM'}, {'title': 'Original Wolfen in Double 8, Super 8 and 16mm!', 'link': 'https://www.youtube.com/watch?v=2AavRfj64W4'}, {'title': 'ai and its impact on your film photography - Podcast ep. 341', 'link': 'https://www.youtube.com/watch?v=fkcfimBLHBo'}]"
Nico's Photography Show,https://www.youtube.com/channel/UCkcuvqBAZPgTJ9evx9wkzvA,@nicosphotographyshow,2015-09-11T13:13:05Z,"{'viewCount': '8123733', 'subscriberCount': '37500', 'videoCount': '853'}",https://yt3.ggpht.com/xb9d1l3HPLyghz27iT6c3BIkxWvpRW5vo7rWPvvCYa3WaF5_ozOzzuGlOCOPyuvZlEQGRlO5JQ=s240-c-k-c0x00ffffff-no-rj,Analog Film Camera Review Darkroom Leica Hasselblad,"[{'title': 'Will China Make All the Film We want? || News', 'link': 'https://www.youtube.com/watch?v=LOQMsaUFi_4'}, {'title': 'Why did Kodak Kill Cinema Film for Photographers || Opinion', 'link': 'https://www.youtube.com/watch?v=rfzwXf0TvZs'}, {'title': 'How to Use a Pentax 17 || How to', 'link': 'https://www.youtube.com/watch?v=MHXTiOFiFAk'}]"
Film Photography with Taylor Jackson,https://www.youtube.com/channel/UCNzx6d-H0a3Pzd7jTgkFppQ,@filmphotography-taylorjackson,2025-02-12T19:03:58.11791Z,"{'viewCount': '48594', 'subscriberCount': '1160', 'videoCount': '30'}",https://yt3.ggpht.com/CU0oM-MF_f1sbfpitaaNAtJAR-8bnMB3sQJFQB2u89TYZcyJRHlt4Zjfof-e8KDuDHKvl8lC27s=s240-c-k-c0x00ffffff-no-rj,"""film photography"" ""analogue photography"" ""35mm film"" cameras ""film cameras""","[{'title': 'Fujifilm History, and Why We Love Them', 'link': 'https://www.youtube.com/watch?v=uUgBgR786hM'}, {'title': ""Amazon's Worst Rated Camera"", 'link': 'https://www.youtube.com/watch?v=0yqfHWdZBvM'}, {'title': 'Unboxing the Contax T2', 'link': 'https://www.youtube.com/watch?v=BxmUE_56cqs'}]"
Film Photography Channel,https://www.youtube.com/channel/UCuu1PNmOFTb8i7NOg1fZyFQ,@filmphotographychannel,2018-02-17T20:43:47Z,"{'viewCount': '1196153', 'subscriberCount': '12200', 'videoCount': '50'}",https://yt3.ggpht.com/ytc/AIdro_l6cV3kgEkoda7Y1MUVTXzkfHwYazybcupu-gYIvwYScg=s240-c-k-c0x00ffffff-no-rj,"""film photography channel"" ""film photography"" ""film camera"" ""camera review"" ""film camera review"" ""35mm film"" ""analogue camera"" SLR Leica nikon minolta agfa voigtlander ""film camera reviews"" ""medium format"" filmexplosion.blogspot.com ""canon ae1"" ""nikon f3"" ""leica m6"" ""leica m7"" ""leica m10"" ""leica m3"" ""film developing"" ""nikon f6"" ""nikon d850"" ""lumix g9"" ""scanning film""","[{'title': 'QUICK TIP: Flattening Curly 35mm Film for Sharp Scans on Your Flatbed Scanner', 'link': 'https://www.youtube.com/watch?v=fE2JWNEwT1I'}, {'title': ""I DIDN'T Expect to Like ANY Camera THIS MUCH: The Minolta SR-T 102 Review"", 'link': 'https://www.youtube.com/watch?v=Xt5qcMUeW_I'}, {'title': 'Ten Million People Bought This Camera! Could They ALL HAVE BEEN WRONG? NO! Olympus Trip 35 Review.', 'link': 'https://www.youtube.com/watch?v=B_E3tiWOYa0'}]"
Film Cameras,https://www.youtube.com/channel/UCs72j2OXedJfEvoyblDUaTw,@filmcameras,2018-02-28T17:24:31Z,"{'viewCount': '1121945', 'subscriberCount': '7200', 'videoCount': '28'}",https://yt3.ggpht.com/ytc/AIdro_msbCMByHARGJD5xixMR1kjI6bWuzKnEjZma-dzroUWRpw=s240-c-k-c0x00ffffff-no-rj,"Photography film cameras photo ""B&W photography"" ""35mm film"" ""120 film"" kodak ""soviet cameras"" brownie canon nikon leica smena lubitel ""5x7 film"" fujifilm lens analog analogue ""analog photography"" ""film photography"" ""how to shoot film"" ""photography tips"" ""photography manual"" ""photography for beginners""","[{'title': 'Zeiss Ikon Nettar 515/2: How to use - Video Manual', 'link': 'https://www.youtube.com/watch?v=MvGwWsFjsu4'}, {'title': 'Canon AE-1: The complete video manual - How to use', 'link': 'https://www.youtube.com/watch?v=SqI2bCosQbo'}, {'title': 'Topcon Unirex: How to use - Complete video manual', 'link': 'https://www.youtube.com/watch?v=naS38xTtuXY'}]"
Film Supply Club,https://www.youtube.com/channel/UC1TF5VhiFgWw0c61vnTA6Tw,@filmsupplyclub,2014-04-11T23:19:06Z,"{'viewCount': '2022364', 'subscriberCount': '32700', 'videoCount': '200'}",https://yt3.ggpht.com/ytc/AIdro_kmN81KDsJRpGGuEwwTUaxmFJjraiq51pkVe2U2BzEytGY=s240-c-k-c0x00ffffff-no-rj,"""learn to shoot film"" ""how to shoot film"" ""best medium format"" kodak Leica ""Pentax 67"" rz67 ""learn photography"" ""how to photograph an actor"" ""how to shoot for a magazine"" ""get hired for photography"" ""learn to shoot film"" ""using a pentax67"" ""film photography"" ""pentax 67"" ""contax 645"" ""medium format film"" ""how to shoot film"" ""nobleman magazine"" ""editorial photo shoot"" ""editorial photography poses"" ""editorial photography tips"" ""editorial photography bts""","[{'title': 'Is This the Best Film Camera for Landscapes? Hasselblad XPan in Action!', 'link': 'https://www.youtube.com/watch?v=qyFVHRlqBw8'}, {'title': 'Best Film Point & Shoot ever?? #filmphotography #filmcamera #filmisnotdead #film', 'link': 'https://www.youtube.com/watch?v=unvjqvzJ608'}, {'title': '30 sec Camera Repair #filmisnotdead  #filmphotography #filmcamerarepair #filmcamera #filmcameras', 'link': 'https://www.youtube.com/watch?v=7Wxe63xwUyU'}]"
PHLEARN,https://www.youtube.com/channel/UC47XN5bhLTBH5TRFyKaUpKg,@phlearn,2011-10-11T15:26:09Z,"{'viewCount': '155158966', 'subscriberCount': '2170000', 'videoCount': '962'}",https://yt3.ggpht.com/2uLKFrKOUNAeT2s2m16qoBz2QDjHn2ku_sRUAB2ksUu57yXCMZjGaR5VNH7FkaVzWcP7PCfExA=s240-c-k-c0x00ffffff-no-rj,Phlearn Photoshop Photography AaronNace Adobe Tutorials Lightroom Tips and Tricks How To Learn Free,"[{'title': 'Adobe Firefly: Intro to AI Video Generation', 'link': 'https://www.youtube.com/watch?v=-SoqQK8WAQw'}, {'title': 'Adobe Camera RAW: Explore the New Remove Reflections Tool', 'link': 'https://www.youtube.com/watch?v=v_W8VxrjetA'}, {'title': 'Photoshop Beta: New Hue Saturation Tool', 'link': 'https://www.youtube.com/watch?v=KvPtgPTxm1s'}]"
Howard Pinsky,https://www.youtube.com/channel/UC48fSJKMFBka3Zl0u7DGf0A,@howardpinsky,2006-08-06T06:48:32Z,"{'viewCount': '65970822', 'subscriberCount': '467000', 'videoCount': '604'}",https://yt3.ggpht.com/2_DWAnXwolhAwn-1WEcm-47VJFNsJkokdYsHDv6npJsYT1zpNKeCBlF6L-e4DFCsJsjOQsomUVU=s240-c-k-c0x00ffffff-no-rj,"""adobe xd"" ""web design"" ""mobile design"" ui UX ""Adobe Photoshop (Software)"" Photoshop ""photoshop tutorials"" ""adobe photoshop"" ""photoshop cc"" ""photoshop cs6"" ""graphic design"" photography ""photo editing"" ""adobe creative cloud"" ""creative cloud"" ""adobe xd tutorial"" ""learn adobe xd"" ""design tutorials""","[{'title': 'Interviewing James White AKA Signalnoise', 'link': 'https://www.youtube.com/watch?v=loPbazsPyjQ'}, {'title': 'Removing reflections on JPGs! 🤯', 'link': 'https://www.youtube.com/watch?v=uNl-CiWvtfw'}, {'title': 'Big Photoshop Update: April 2025', 'link': 'https://www.youtube.com/watch?v=zDeCix1ct08'}]"
Photoshop Tutorials,https://www.youtube.com/channel/UCRv33-aa67mPcDWF2jocHSg,@photoshoptutorials8559,2016-11-12T13:20:31Z,"{'viewCount': '64', 'subscriberCount': '18', 'videoCount': '6'}",https://yt3.ggpht.com/ytc/AIdro_mGNq7B5fPkp_K-3ZT2N2z5TNQ0FSP2v_Z2lEkZuzbttA=s240-c-k-c0x00ffffff-no-rj,Basic Photoshop Tutorials,"[{'title': 'Photoshop CS6 Various Text Tutorials part 02', 'link': 'https://www.youtube.com/watch?v=Iv7dAGNCPSk'}, {'title': 'Photoshop CS6 Various Text Tutorial Part 01', 'link': 'https://www.youtube.com/watch?v=MJdExSXDVII'}, {'title': 'Photoshop CS6 Effect Tutorials', 'link': 'https://www.youtube.com/watch?v=WLRtjOJqcYc'}]"
Educative Methun,https://www.youtube.com/channel/UC7m-McwPdrga16JPLe9WOOA,@educativemethun6185,2022-02-17T06:12:57.305284Z,"{'viewCount': '1097', 'subscriberCount': '6', 'videoCount': '26'}",https://yt3.ggpht.com/2FrdyMdjV45zdCVwd5pEu_cyWcJTmWAMLgapzEoG6Q1IHAYCpm_Kig_BsROilgspG3jimPzSjA=s240-c-k-c0x00ffffff-no-rj,"photoshop ""photoshop tutorial"" ""adobe photoshop"" ""photoshop effects"" ""photoshop cs6"" ""photo effects"" ""photo editing"" ""how to"" ""graphic design"" effects ""adobe photoshop lightroom"" ""photoshop tutorials"" ""photoshop effects"" photo ""graphic design"" ""All Adobi tutorials"" ""adobe photoshop colour grading"" ""adobe photoshop 2021 remove background"" ""how to remove background in photoshop cc 2019"" ""how to remove background in photoshop cs6"" ""All adobe tutorials photoshop tutorials"" ""Educative Methun""","[{'title': 'painting on photoshop tutorial/background remover in photoshop', 'link': 'https://www.youtube.com/watch?v=3pv08JVnYfI'}, {'title': 'gold skin adobe photoshop/ gold effect photoshop', 'link': 'https://www.youtube.com/watch?v=3T7OV7EsbfA'}, {'title': 'background remover in photoshop', 'link': 'https://www.youtube.com/watch?v=FgdwBYWPLh0'}]"
Christian Möhrle - The Phlog Photography,https://www.youtube.com/channel/UCeos-Ju_sSs7Wb7FR-2VcQA,@thephlogphotography,2014-04-24T12:50:20Z,"{'viewCount': '8484233', 'subscriberCount': '100000', 'videoCount': '858'}",https://yt3.ggpht.com/Hg0gmECVN4WJt_73mVWzLRoDYanQ7_xScFHWd3ClemUAuqkIPjjVsCbBrW9Gp7Xg9m8ExDtS2A=s240-c-k-c0x00ffffff-no-rj,"""landscape photography"" ""landscape photography tutorials"" ""landscape photography workshop"" ""photography tips"" ""photography tricks"" ""professional landscape photography"" ""landscape lightroom post processing"" ""photoshop post processing"" ""lightroom beginner tutorials"" ""professional lightroom tutorials"" ""landscape photoshop"" ""photoshop post processing tutorials"" ""photoshop tips"" ""photoshop tricks"" ""photoshop workshop"" ""photoshop for beginner"" ""adobe creative suite tutorials""","[{'title': 'Create This DARK BLUE Style using ONLY LIGHTROOM!', 'link': 'https://www.youtube.com/watch?v=wTKw89S1ZtA'}, {'title': '9 LIGHTROOM EDITING TIPS & TRICKS for AMAZING Flower Photos!', 'link': 'https://www.youtube.com/watch?v=QaW414zOIlA'}, {'title': 'Use THIS TRICK for AMAZING CONTRAST - Lightroom Masking Tutorial', 'link': 'https://www.youtube.com/watch?v=t_oJViH0xsM'}]"
Pawan Sharma-Graphic Designer & Digital Marketing,https://www.youtube.com/channel/UCfx0U8dps132T5f_wNZCIhg,@mrdesigner35,2022-11-07T00:25:54.707255Z,"{'viewCount': '27358', 'subscriberCount': '263', 'videoCount': '130'}",https://yt3.ggpht.com/FygMRrhe3z7B4N0zGbeCsykbTJ6YdD0zpe4m7e9XtDsU5VhiCvCrqEIp9qpxAxbkHwP_pTxQ=s240-c-k-c0x00ffffff-no-rj,"photoshop ""Photoshop Tutorial"" ""graphic design"" ""photoshop tutorial in hindi"" adobe ""adobe photoshop"" gfx ""adobe illustrator"" illustrator photoediting manipulation ""learn Photoshop in hindi"" ""learn graphic design"" ""learn video editing"" ""learn photoediting"" branding ""logo Design"" designinspiration ""photoshop 2022 free download"" ""photoshop free"" ""photoshop tutorial for beginners"" ""photoshop editing"" ""photoshop and illustrator"" ""photoshop and after effects animation"" ""photoshop android tutorial""","[{'title': 'Tips and Tricks for Designer #graphicdesign #freeresources #photoshop #learn #design', 'link': 'https://www.youtube.com/watch?v=Hy2JjbEuG98'}, {'title': 'Download FREE Design resources like posters,  thumbnails! #freemockup #graphicdesigner #resource', 'link': 'https://www.youtube.com/watch?v=PMB6pDSd154'}, {'title': 'Top 5 Freelance Websites for Designers That Are Better Than #Fiverr and #Upwork!!', 'link': 'https://www.youtube.com/watch?v=Ksy5yufuFIo'}]"
Raj Banik,https://www.youtube.com/channel/UCIdAwPkHjvFrUqRGcyUOtOg,@rajbanik_official,2015-07-30T19:20:43Z,"{'viewCount': '20512', 'subscriberCount': '166', 'videoCount': '55'}",https://yt3.ggpht.com/WYfQ3w1E-43BflzhaU8Eq0OXgt241Ngf1oe8Co0N1w1qg26NsBf5IYEdPKaDh_KYh1y4kpI8pg=s240-c-k-c0x00ffffff-no-rj,"""Hi Raj"" ""Raj Banik"" ""photoshop tutorial"" ""photoshop tutorials for beginner"" ""photo editing"" ""graphics designing"" ""graphics designer"" ""premiere pro"" ""premiere pro basics"" ""premiere pro for beginners"" ""after effects tutorial"" ""after effects"" ""motion designing"" ""video editor"" ""video editing"" ""video editing tips"" shorts freelancing freelancers fiverr ""fiverr freelancer"" ""fiverr gigs"" ""freelancer life""","[{'title': 'Blur background with these easy steps in Photoshop #shorts #photoshoptutorial', 'link': 'https://www.youtube.com/watch?v=3UPBg_6MgMY'}, {'title': 'Dreamy Glow effect|  Aesthetic Edit| Photoshop Tutorial #shorts #photoshoptutorial', 'link': 'https://www.youtube.com/watch?v=DkXf6WkR16M'}, {'title': 'How to Blur the Background with some easy steps easily #shorts #photoshoptutorial', 'link': 'https://www.youtube.com/watch?v=4LXLqQHFY3Y'}]"
Creative Studio By Mim ,https://www.youtube.com/channel/UCjz43T7xkSVd-it9G8TZmAQ,@creativestudiobymim,2024-10-11T14:54:45.959456Z,"{'viewCount': '18227', 'subscriberCount': '83', 'videoCount': '50'}",https://yt3.ggpht.com/pbZIdETql5bqQVb-wb7b7gPQ5KRcqBxqrkAsjFqjcrif6TIGEIeaQOf6_1PnOA1dg1qBGjIEug=s240-c-k-c0x00ffffff-no-rj,"""Graphic Desing"" ""Photoshop Tutorials"" ""Creative Techniques"" ""T-Shirt Desing"" ""Youtube Thumbnail Desing"" Shorts ""Youtube Shorts"" Photoshoptricks photoshopshorts ""Adobe Photoshop tutorial"" ""Best Photoshop tutorial"" ""Photoshop manipulation"" ""Adobe Photoshop"" piximperfect ""blue lightning TV photoshop"" phlearn ""spoon graphics"" ""terry white"" ""howard pinsky"" ""glyn dewis"" ""nathaniel dodson"" ""envato tust+"" ""photoshop training channel"" https://www.youtube.com/channel/UCjz43T7xkSVd-it9G8TZmAQ","[{'title': 'MAGICAL  T-Shirt Color Change Tricks in Photoshop!#shorts #photoshop', 'link': 'https://www.youtube.com/watch?v=IoAScreCSr0'}, {'title': 'Create REALISTIC Reflection in PHotoshop FAST! #shorts #photoshop', 'link': 'https://www.youtube.com/watch?v=HaS0SkortWg'}, {'title': 'Fill GRADIENT Text in Illustrator Like a Pro! #shorts #illustrator', 'link': 'https://www.youtube.com/watch?v=ddZqIaIJnDo'}]"
Learn From Fiverr,https://www.youtube.com/channel/UCu6axJUOJhG2KBF_XkLkXmA,@learnfromfiverr877,2020-07-15T07:23:08.596835Z,"{'viewCount': '3634', 'subscriberCount': '106', 'videoCount': '23'}",https://yt3.ggpht.com/ytc/AIdro_loIOt6ho5ZcAVAtkT3Mzjrf4dmnMEXOsWOMk26wKQRuA=s240-c-k-c0x00ffffff-no-rj,"fiverr ""online course"" freelancing tutorials lessons education elearning course adobe photoshop indesign illlustrator ""google analytics"" facebook","[{'title': 'From Shapes to Complex & Beautiful Illustrations', 'link': 'https://www.youtube.com/watch?v=OGFH-jzP3qE'}, {'title': 'How to Remove Anything in Photoshop by Aaron Nace (PHLEARN)', 'link': 'https://www.youtube.com/watch?v=TsRUs_zogGo'}, {'title': 'Craft a Logo by Hand', 'link': 'https://www.youtube.com/watch?v=bfo5WWfRI5E'}]"
Today's Creator Podcast,https://www.youtube.com/channel/UCSmLc0fzZsZLoTe5il99hcw,@todayscreatorpod,2022-11-14T20:43:19.889091Z,"{'viewCount': '26534', 'subscriberCount': '539', 'videoCount': '45'}",https://yt3.ggpht.com/doar3hPKqD1xtD7KrXr1EMqN8F95gLHHCE75wUKL9KL2aj4KdCq1R0pxJxTflgM7Nhkjoq5BHw=s240-c-k-c0x00ffffff-no-rj,Creative Podcast Design Photography Creator,"[{'title': 'Embrace the challenge of A.I. rather than fear it 🤖✨#AI #Art #TodaysCreatorPod', 'link': 'https://www.youtube.com/watch?v=hEWU6b837Ic'}, {'title': 'Carlos shares how the Apple logo we all know was crafted ✍️🍎#Apple #SteveJobs #TodaysCreatorPod', 'link': 'https://www.youtube.com/watch?v=sB1nEZxopSI'}, {'title': 'Carlos shares his life-changing encounter when he first met Steve Jobs 💫🍎#Apple #TodaysCreatorPod', 'link': 'https://www.youtube.com/watch?v=4u1zEZ5xK4g'}]"
Graeme Williams - Photographic Conversations,https://www.youtube.com/channel/UCXga3OFVs5BG0uSTrYDMzmw,@photoconversations,2014-01-17T16:18:34Z,"{'viewCount': '715910', 'subscriberCount': '11000', 'videoCount': '165'}",https://yt3.ggpht.com/lEI1xiL1sLKzbfOrYjs1pHwzbw-fI5N4C6xM5EhJ3iaWYJIJ8R9nCDf-pF-7Q3mrPam7O5vByg=s240-c-k-c0x00ffffff-no-rj,"Photography Education Information ""Helpful tips"" Entertainment Photographic Photojournalism Reportage ""Landscape photography"" ""Street photography"" ""War photography"" ""portrait photography"" Composition","[{'title': ""Looking back at Lisa Barlow's 80s essay"", 'link': 'https://www.youtube.com/watch?v=GAjJtPNX7TE'}, {'title': 'Meatyard -  A surrealist who influenced generations', 'link': 'https://www.youtube.com/watch?v=vCPuYJtck4s'}, {'title': 'Bryan Schutmaat and the American West', 'link': 'https://www.youtube.com/watch?v=9mw0-64sL4s'}]"
PhotoChat,https://www.youtube.com/channel/UCT45JkhVrYnZQ9ikABlYMuA,@photo_chat,2024-08-24T10:36:31.718557Z,"{'viewCount': '617', 'subscriberCount': '8', 'videoCount': '13'}",https://yt3.ggpht.com/ZWRM2zZ63ED2azbCAkD8ZnvPWrzElYX1_paCQXc1fzTNuo6XLvljHZp5w0l7jzIz6IBA6bH9SOI=s240-c-k-c0x00ffffff-no-rj,"""old lens"" ""vintage lens"" photography 올드렌즈 빈티지렌즈 leica carlzeiss","[{'title': 'Sony a7R5 Why_소니 a7R5 구입이유 (a7R5 Vs a7S3 Vs a7C2)', 'link': 'https://www.youtube.com/watch?v=949fw4wxxmk'}, {'title': 'Leica M3_라이카 M3, 최고의 카메라', 'link': 'https://www.youtube.com/watch?v=oF7N_XArCFg'}, {'title': 'Leica M3_라이카 M3 (Legend of Leitz camera)', 'link': 'https://www.youtube.com/watch?v=e9I4QrtutYc'}]"
大象phototalks,https://www.youtube.com/channel/UC8_UxKC6fCcz1_JnHQ0sa6A,@daxiangphototalks,2013-07-26T13:08:20Z,"{'viewCount': '35911', 'subscriberCount': '139', 'videoCount': '46'}",https://yt3.ggpht.com/-coscbWlc300naebZsOKCJ_lxLlJZ2Dp3OMyfcB-kjIRJvKHouQX-1zxtON598GzhSDsULw9=s240-c-k-c0x00ffffff-no-rj,"泰国生活 从零开始学打高尔夫球 曼谷市景 Thailand bangkok ""Thailand sky view""","[{'title': 'Durian Temple along Chaipaya river Bangkok', 'link': 'https://www.youtube.com/watch?v=pBUm8cizQLo'}, {'title': 'Songkran festival activity near Grand Palace', 'link': 'https://www.youtube.com/watch?v=qtqbRUk-GYI'}, {'title': 'Thailand Songkran Festival 2025', 'link': 'https://www.youtube.com/watch?v=rrnshRMqMYE'}]"
Kinda Fool,https://www.youtube.com/channel/UC9JMncB0oqIyQYGrb6Q7rLA,@kindafool8515,2019-05-09T06:52:06Z,"{'viewCount': '2712', 'subscriberCount': '42', 'videoCount': '6'}",https://yt3.ggpht.com/ytc/AIdro_m0O9UHfk0IBoJ-s0-b62RicwAD_rEFZpiJtV3U1O9q0A=s240-c-k-c0x00ffffff-no-rj,,"[{'title': 'Drawing Fstopper Lee moris Vexel Timelapse  Kinda Fool Photoshop Cc 2019', 'link': 'https://www.youtube.com/watch?v=tMXpX8MpVVk'}, {'title': 'Marques Brownlee Digital Drawing  ( Kinda Fool Vexel Photoshop Cc 2019 )  Speedart', 'link': 'https://www.youtube.com/watch?v=49mssO0Y6R8'}, {'title': 'Phlearn vexel potrait  (Aaron Nace) using Adobe Photoshop Cc 2019 Speedart', 'link': 'https://www.youtube.com/watch?v=TZLHyAszkbI'}]"
OCTAVOTRIM,https://www.youtube.com/channel/UCLBbKi6WQGXWEvDycLS47yA,@octavotrim,2016-10-25T17:42:21Z,"{'viewCount': '1002', 'subscriberCount': '51', 'videoCount': '11'}",https://yt3.ggpht.com/tK0z_t1HS5nqaQIjfdjPkwV5WIeBUzjlsN776z1Cq2Efzavr7mMww8sxeODtK3IIIBEKnCI3=s240-c-k-c0x00ffffff-no-rj,,"[{'title': 'How to apply Colour Lookup/LUT, what is Colour Lookup/LUT', 'link': 'https://www.youtube.com/watch?v=z-63ulOiltM'}, {'title': 'How to place your logo into mock-up', 'link': 'https://www.youtube.com/watch?v=xD0Ue0E_3lA'}, {'title': 'ADVERTISING PAGE DESIGNING', 'link': 'https://www.youtube.com/watch?v=FSvXqyuDTJI'}]"
 PHLEARN TELUGU,https://www.youtube.com/channel/UCGdNnqdUfngXgrEPHjXNrnA,@phlearn.telugu,2015-07-29T11:31:24Z,"{'viewCount': '61542', 'subscriberCount': '1470', 'videoCount': '43'}",https://yt3.ggpht.com/c8Qa-I1VmFfd7wy11sbiz5pveQDW2Bp2kQ3yT9q6-92fg_9L0BlIgyFUJoQ4C1WcTqex256C4WM=s240-c-k-c0x00ffffff-no-rj,"""phlearn telugu"" Phlearn ""telugu editing"" photoshop ""photoshop telugu"" ""photoshop learn"" ""photoshop learn telugu"" lightroom ""editing tutorial"" ""photoshop tutorial"" ""telugulo photoshop editing"" ""how to edit photos"" ""how to"" ""how to edit""","[{'title': 'PREWEDDING SHOOT 2025 | KARIMNAGAR | KRUPAKAR & KRUPAKEERTHI | BEST PREWEDDING 2025', 'link': 'https://www.youtube.com/watch?v=LGHSPnJ59MU'}, {'title': 'PRE WEDDING PHOTO EDITING IN TELUGU I PHOTOSHOP I PHLEARN TELUGU(Photoshop Tutorial)', 'link': 'https://www.youtube.com/watch?v=BUn96qeI6XM'}, {'title': 'Photography#shorts', 'link': 'https://www.youtube.com/watch?v=C73F6rLkovY'}]"
PHLEARN EASY CREATIVE,https://www.youtube.com/channel/UCyHZWgBBOeqBtO1eTpTQDGw,@phlearneasycreative37,2020-05-15T07:48:09.237831Z,"{'viewCount': '75', 'subscriberCount': '5', 'videoCount': '1'}",https://yt3.ggpht.com/ytc/AIdro_mL5UfRh5yXpJaHStbm3Iw-TXHQJPioGeC06WRZARGCEg=s240-c-k-c0x00ffffff-no-rj,,"[{'title': 'Sports Graphics Degine |Photoshop|Virat kolhi|Steve smith|Ab devilliers|', 'link': 'https://www.youtube.com/watch?v=7UhnGzCdf-A'}]"
PH LEARN,https://www.youtube.com/channel/UCe6B38ERPNX8AGTiQHVRWEw,@phlearn2269,2022-04-08T18:04:10.111977Z,"{'viewCount': '8', 'subscriberCount': '0', 'videoCount': '3'}",https://yt3.ggpht.com/ytc/AIdro_l1zU22StKNf871dicTQBDk4x19Yspedvo2dT3lgfSr6SUuLOsP9TA7e55SMaN_kxlqmQ=s240-c-k-c0x00ffffff-no-rj,,"[{'title': 'Thumbnail making tutorial | Youtube ke liye thumbnail kaise bnaye | how to make thumbnail', 'link': 'https://www.youtube.com/watch?v=_24lSbfqsPk'}, {'title': 'HOW TO MAKE THUMBNAILS ON YOUTUBE | Photoshop Tutorial | Making thumbnail for youtube', 'link': 'https://www.youtube.com/watch?v=MiwZCdI8XsQ'}, {'title': 'How To Make Professional Thumbnails For YouTube  | YouTube Thumbnail Kaise Banaye', 'link': 'https://www.youtube.com/watch?v=XgaX2MsJOj4'}]"
creative albums design,https://www.youtube.com/channel/UC5isCiDyU44fEGcUiBVO79g,@creativealbumsdesign7455,2016-07-08T12:18:16Z,"{'viewCount': '133', 'subscriberCount': '1', 'videoCount': '1'}",https://yt3.ggpht.com/ytc/AIdro_l8aqy8825zYvtja3Yo59E3Yv0Z8m0mPS6OUB7zi8v6Xw=s240-c-k-c0x00ffffff-no-rj,,"[{'title': 'Kiran engagement', 'link': 'https://www.youtube.com/watch?v=g1RHObr8Ihw'}]"
Rehmani Editz,https://www.youtube.com/channel/UCzPMi9PLH_O4leD6D3rQaOQ,@rehmanieditz4309,2016-12-29T20:26:23Z,"{'viewCount': '414', 'subscriberCount': '3', 'videoCount': '11'}",https://yt3.ggpht.com/ytc/AIdro_kFptb509gnf0ctlRgBlngu8X3HK4vsfqZPcAtIrPt_nw=s240-c-k-c0x00ffffff-no-rj,,"[{'title': 'New Photoshop Manipulation Tutorial With Awesome Tricks', 'link': 'https://www.youtube.com/watch?v=ITqu3Rz3hSs'}, {'title': 'Photoshop Manipulation Tutorial   Social Boy', 'link': 'https://www.youtube.com/watch?v=fTY3kCEVGI8'}, {'title': 'Photoshop Manipulation Tutorial | Edit Your Photo Like  professional Editor', 'link': 'https://www.youtube.com/watch?v=U6ftdsM2vuI'}]"
SpeedTutoZ,https://www.youtube.com/channel/UCcd3LJ9e6nQV-UYQZ5eaixQ,@speedtutoz943,2016-04-21T10:28:22Z,"{'viewCount': '30479', 'subscriberCount': '79', 'videoCount': '1'}",https://yt3.ggpht.com/ytc/AIdro_lyKpcGjxC82o5noZz1QqU6KF9-LkRE7STE4GWsXs06sw=s240-c-k-c0x00ffffff-no-rj,speed art tutorial lern,"[{'title': 'Speed Art How to Create Cloud Shapes in Photoshop ( #PhLearn )', 'link': 'https://www.youtube.com/watch?v=Yh3zg3aiWsw'}]"
creative albums design,https://www.youtube.com/channel/UCsJse3c0iFzYTzXjLnN928Q,@creativealbumsdesign3581,2016-07-08T13:00:37Z,"{'viewCount': '30', 'subscriberCount': '4', 'videoCount': '1'}",https://yt3.ggpht.com/ytc/AIdro_mIzkdkZZyr_aRMQDbeqSrPooAwyRh9OQf9IqEPNQk=s240-c-k-c0x00ffffff-no-rj,,"[{'title': 'yash & Neeta', 'link': 'https://www.youtube.com/watch?v=7p9HCclVUuM'}]"
Graphic Design,https://www.youtube.com/channel/UC3_LLapQaxGP10OXP7UWAdw,@graphicdesign8630,2015-01-29T15:08:21Z,"{'viewCount': '1933', 'subscriberCount': '12', 'videoCount': '4'}",https://yt3.ggpht.com/ytc/AIdro_k1qsW-PpHNGD6ddmLtrUrCB7K-3s2Lc5dZaDYu9bVO4Q=s240-c-k-c0x00ffffff-no-rj,,"[{'title': 'Phlearn PRO - The Outlaws Intro', 'link': 'https://www.youtube.com/watch?v=EWkgLEJW-rM'}]"
BluePrimes Software Pvt. Ltd,https://www.youtube.com/channel/UCSiQRKazXQjHMh17QDL-sgA,@blueprimes101,2016-08-05T09:25:27Z,"{'viewCount': '9807', 'subscriberCount': '2180', 'videoCount': '109'}",https://yt3.ggpht.com/ipuyYKJymtPHBIsT46UXfMuEYEhjxUt7jpYZ3_S9omqPOKej7J-J5oVP8h0QK9dE1SMbNglaJA=s240-c-k-c0x00ffffff-no-rj,"""Point of Sale"" ""POS System"" ""Retail POS"" ""Restaurant POS"" ""POS Software"" ""POS Hardware"" ""POS Terminal"" ""POS Setup"" ""POS Tutorial"" ""POS Features"" ""POS Benefits"" ""POS Integration"" ""POS Inventory Management"" ""POS User Guide"" ""POS Demo"" ""Small Business POS"" ""POS for Beginners"" ""iPad POS"" ""Cloud-Based POS"" ""POS Security"" ""Mobile POS"" ""POS Customer Management"" ""POS Reporting"" ""POS Troubleshooting"" ""Choosing the Right POS"" ""Retail Technology"" ""Hospitality POS"" ""POS Training"" ""POS Maintenance""","[{'title': 'How To Import Customers In Blueprimes Software', 'link': 'https://www.youtube.com/watch?v=-w-6VYYQbiU'}, {'title': 'How To Import Products In Blueprimes Software', 'link': 'https://www.youtube.com/watch?v=pf9_I1Fs-mc'}, {'title': 'How To Creat Backup In Blueprimes', 'link': 'https://www.youtube.com/watch?v=DNgFjkAhNyk'}]"
Photography Educators,https://www.youtube.com/channel/UCehHoZ2932g_6Nst9JNHZNg,@photographyeducators,2020-06-07T15:01:07.11154Z,"{'viewCount': '43081115', 'subscriberCount': '431000', 'videoCount': '581'}",https://yt3.ggpht.com/ytc/AIdro_mvAYwnfhX1id0ftm1JclwzDfMxp44HKOZyhw6pOE2Tp2Y=s240-c-k-c0x00ffffff-no-rj,,"[{'title': 'Eight Camera Angle Online Editing & Live Streaming 🤯😱 #photographyeducators', 'link': 'https://www.youtube.com/watch?v=CE2Y-crJS0s'}, {'title': 'Shoot 360 Degree Product Videos #photographyeducators #digitalfoto', 'link': 'https://www.youtube.com/watch?v=wBfLtqYD_sA'}, {'title': 'Attaching Canon EF lens on Nikon Z mount Camera with Meike Convertor #photographyeducators #meike', 'link': 'https://www.youtube.com/watch?v=_JNLSIB4nHY'}]"
Visual Education,https://www.youtube.com/channel/UCZajtzLoD3nxn2G9ripCjPg,@visualeducationstudio,2009-09-29T11:51:02Z,"{'viewCount': '42432988', 'subscriberCount': '598000', 'videoCount': '604'}",https://yt3.ggpht.com/evfbZ-bWySZX-e6VLk7-sXCBc8D7zTYd-GOweIEmaR6Xf9GFV22DBT789uyiBf1Dr_i3wKwD4A=s240-c-k-c0x00ffffff-no-rj,"""Learn Photography"" ""Photography Courses"" ""Photography lessons"" ""Photography Tutorials"" ""Photography Training"" ""product photography setup"" ""product photography lighting"" ""still life photography lighting"" ""online photography courses"" ""professional photography course"" ""studio portrait photography"" ""best lighting for portraits"" ""portrait photography classes"" ""learn portrait photography"" ""fashion photography courses"" ""fashion photography course"" ""photography training"" ""introduction to photography""","[{'title': 'She’s 9 and Already Winning Major Photography Awards – Meet the Eagle Eyed Girl', 'link': 'https://www.youtube.com/watch?v=roCHGmq0_ic'}, {'title': 'From Passion to Profit - The Hard Truth About Starting a Creative Business', 'link': 'https://www.youtube.com/watch?v=GzWrwLMQon8'}, {'title': 'Creative Block Crushing You? Discover How to Break Free', 'link': 'https://www.youtube.com/watch?v=fFJCCnV6ZXU'}]"
Rap Education Photography School,https://www.youtube.com/channel/UCviR1VkToYZPgAc9QshZyuA,@rapeducationphotography,2021-09-17T19:56:24.170035Z,"{'viewCount': '3288', 'subscriberCount': '3210', 'videoCount': '22'}",https://yt3.ggpht.com/Awb0IkZ0g4RSL2skcXfTAfckvoBcRJBBLunCYAAxqJ4fpWA_2Gxyd1Zt1VWoY3HG2-blacASGQ=s240-c-k-c0x00ffffff-no-rj,"""art photography"" ""history of photography"" ""photography interviews"" ""contemporary photographers"" rapeducation ""photography learning"" ""conservation photography"" ""editorial photography"" ""free photography videos"" ""image analysis"" ""photography aesthetic"" ""photography carrier guidance"" ""Best photography school in kolkata"" ""Photography workshops"" Adobe Editing","[{'title': 'Learning Photography & Cinematography Q&A in Bengali | Riddhi Bhattacharjee| RAP EDUCATION | 2025', 'link': 'https://www.youtube.com/watch?v=oXPg_4guVro'}, {'title': 'Learn Food Photography | Understanding Photography | RAP Education Photography School', 'link': 'https://www.youtube.com/watch?v=2TLXh8yBQnE'}, {'title': '28 August 2024', 'link': 'https://www.youtube.com/watch?v=5ht8ywMh12A'}]"
Photography Education,https://www.youtube.com/channel/UCGhCT9WOlBuJBE1YeqsXBOg,@photographyeducation,2016-07-11T21:36:08Z,"{'viewCount': '2055', 'subscriberCount': '22', 'videoCount': '2'}",https://yt3.ggpht.com/yveLz0DzN7ob7COnW3g5Lm8OpLSK3PFKBZeC1dLe_RJH68uVkU1qyUJwHSHEhj7YVygvnFYeYQ=s240-c-k-c0x00ffffff-no-rj,Wedding photography,"[{'title': 'Is WPPI Worth It for Beginner & Professional Photographers?', 'link': 'https://www.youtube.com/watch?v=9sBB7hUxUa8'}, {'title': '2024 WPPI Las Vegas Exclusive: Meet the Portrait Masters Winners', 'link': 'https://www.youtube.com/watch?v=2JKNVlX8cZQ'}]"
The School of Photography,https://www.youtube.com/channel/UCdkflGXVy2R_z8JT9kR_oEA,@theschoolofphotography,2014-08-11T07:42:38Z,"{'viewCount': '14035509', 'subscriberCount': '245000', 'videoCount': '258'}",https://yt3.ggpht.com/ytc/AIdro_lisC8KewbwMhMHbFJ_1e49N571Yf3JpnA5s37q6HhzjhA=s240-c-k-c0x00ffffff-no-rj,"""photography courses"" ""the school of photography"" ""digital photography courses"" ""free online photography course"" ""beginners photography courses"" ""basic photography course"" ""dslr photography course"" ""Photoshop course"" ""Photoshop tutorials"" ""learn Photoshop"" ""learn lightroom"" ""photography lessons"" ""online photography course"" ""online photography tutorial"" ""Photoshop video tutorials""","[{'title': 'Best Camera Bags 📸💼 #shorts', 'link': 'https://www.youtube.com/watch?v=aKONo6jgGKI'}, {'title': 'Best Pro Camera for £1000! 📷 #shorts', 'link': 'https://www.youtube.com/watch?v=O-cytuxWX_Q'}, {'title': 'Best Beginner Camera 📸 #shorts', 'link': 'https://www.youtube.com/watch?v=sNLQtpEjBUQ'}]"
Photography Education,https://www.youtube.com/channel/UCst0HBOOMX3Nj3MtNlCLcuw,@photographyeducation5869,2018-06-11T20:30:48Z,"{'viewCount': '10', 'subscriberCount': '1', 'videoCount': '1'}",https://yt3.ggpht.com/ytc/AIdro_n-FcljiDCzlbADz0Nsogy8XIwM4xgX2GnI5rhZ4yU=s240-c-k-c0x00ffffff-no-rj,,"[{'title': 'How To Use The ""Angle And Power"" Technique To Massively Improve The Quality Of Your Photos', 'link': 'https://www.youtube.com/watch?v=7hfaGKxA-Dc'}]"
GPPE - Gavriella Pet Photography Education,https://www.youtube.com/channel/UCsKzkTAG_jsgI1ScbMO34yA,@gppe-gavriellapetphotographyed,2025-01-04T18:17:02.543848Z,"{'viewCount': '486', 'subscriberCount': '37', 'videoCount': '6'}",https://yt3.ggpht.com/kTw3IDOQCiaaeVivT6vJKdsroSfF1VyoyL6rYdbBNA4BWHoaizmKwbX2vb77xZPbAAgOd6_aKAs=s240-c-k-c0x00ffffff-no-rj,,"[{'title': 'Florida 3 day Express Business and pet photography workshop', 'link': 'https://www.youtube.com/watch?v=9AwOajARybM'}, {'title': 'Pet photography workshop in Oregon! May 12-16, 2025', 'link': 'https://www.youtube.com/watch?v=9y4LAIeYZL0'}, {'title': 'Pet Photography workshop - Oregon, May 11-16, 2025 - Gabi explains all about what to expect.', 'link': 'https://www.youtube.com/watch?v=BYAbCCIXQh0'}]"
Unleashed Education,https://www.youtube.com/channel/UCreAg97ComjnMD0OmwrXv0A,@unleashededucation,2021-03-26T06:08:57.6569Z,"{'viewCount': '124871', 'subscriberCount': '2350', 'videoCount': '137'}",https://yt3.ggpht.com/ytc/AIdro_mzhhL5BI8X4mXfp6waGrD8H3aj1vG3lvfRQvGhCcv3mA=s240-c-k-c0x00ffffff-no-rj,"photography pets education tutorials photoshop ""dog photography"" ""pet photography"" teaching learning how-to lightroom photographer ""pet photography editing"" ""dog photography editing""","[{'title': 'Setting Up Double Back Button Focus on Your Canon R5 Mark II for Pet Photography', 'link': 'https://www.youtube.com/watch?v=Ihnjc9Hpqng'}, {'title': 'Edit My Photo - January 2023', 'link': 'https://www.youtube.com/watch?v=9KN50yEkLlQ'}, {'title': 'What To Do When Lightroom Subject Selection FAILS', 'link': 'https://www.youtube.com/watch?v=OPSyeI9491w'}]"
photography education,https://www.youtube.com/channel/UCp53eFPj4y4sBgWtfi4vHEA,@nitishnayak-7782,2023-04-17T06:49:34.006995Z,"{'viewCount': '22796', 'subscriberCount': '64', 'videoCount': '25'}",https://yt3.ggpht.com/PQuIhO090FownApVH_x-v0PrdSpNDtGd3krW5TlAte_znZfvWiYRlBOfbgpw3A-lOi9CRoUAhA=s240-c-k-c0x00ffffff-no-rj,,"[{'title': '#photography #hiphopmusic #love #song #trending #videography #videoviral', 'link': 'https://www.youtube.com/watch?v=_zxltZhNFJc'}, {'title': '📷 video camera wala #bhojpuri #khesari #newsong', 'link': 'https://www.youtube.com/watch?v=aEY1XaYt9YM'}, {'title': 'photography!!🥰🥰', 'link': 'https://www.youtube.com/watch?v=KTOq14KIghg'}]"
Code17 Hairdressing & Photography Education,https://www.youtube.com/channel/UCFcXclCWlFvFGoIUx8rBTdg,@code17hairdressingphotogra46,2019-07-12T05:57:05Z,"{'viewCount': '9', 'subscriberCount': '0', 'videoCount': '1'}",https://yt3.ggpht.com/ytc/AIdro_lCwhO2J23XkiNoJqWzEjbcXmQ6xnxkN7FbZMJm-NT5kg=s240-c-k-c0x00ffffff-no-rj,,"[{'title': 'Intro', 'link': 'https://www.youtube.com/watch?v=YgSk7TeZlng'}]"
Bobbi B Photography Education,https://www.youtube.com/channel/UCHlJH23YySXFTTIdwpn-fig,@barbarichphoto,2023-04-03T16:52:39.519672Z,"{'viewCount': '1582', 'subscriberCount': '49', 'videoCount': '35'}",https://yt3.ggpht.com/tvoRj_LHjrJL6WbREhctagxNZQgKGy4WWcsV7P8vpUS3_X5a274TFjkCp4utF4CEVxJ1IA_TDw=s240-c-k-c0x00ffffff-no-rj,"""wedding photography"" ""family photography"" ""documentary wedding photography"" ""documentary family photography"" ""photography skills"" ""photography coaching"" ""photography business coaching""","[{'title': '50: 5 Limitations to Boost your Creativity', 'link': 'https://www.youtube.com/watch?v=jCQ28OlIBiY'}, {'title': '49 Enter the Creative Process with photographer Anastasia Pagonas', 'link': 'https://www.youtube.com/watch?v=TiJh_vtU54o'}, {'title': 'FOLLOW UP to Episode 48: How to break up with Meta', 'link': 'https://www.youtube.com/watch?v=1h6G57kkws8'}]"
Photography Education,https://www.youtube.com/channel/UCdM7fpyV4TbeLYY0Q7d5OPQ,@photographyeducation8774,2021-06-18T05:47:15.229163Z,"{'viewCount': '5348', 'subscriberCount': '53', 'videoCount': '5'}",https://yt3.ggpht.com/7vZx0raxkdChNxJxU6PxqEPNPjdIBxFsBSkUce9crKITa6b8yT2IApLu0_VBDNwPBpdCIYts=s240-c-k-c0x00ffffff-no-rj,,"[{'title': 'Membuka usaha kedai Kopi di tengah pandemi, Dengan memberikan nuansa Bali', 'link': 'https://www.youtube.com/watch?v=Lqt9Fl_jp6E'}, {'title': 'BELAJAR PHOTOGRAPHY#4 TEKNIK FOTO PANNING', 'link': 'https://www.youtube.com/watch?v=_ZiewXWdZ2I'}, {'title': 'BELAJAR PHOTOGRAPHY#3Mengenal apa itu croping dan macam macam croping', 'link': 'https://www.youtube.com/watch?v=YEolx7e9pLw'}]"
Nicole Begley Photography Education,https://www.youtube.com/channel/UCqdNutgMHZQSjs6cSdhgyYQ,@nicolebegleyedu,2012-06-30T01:09:09Z,"{'viewCount': '262031', 'subscriberCount': '3260', 'videoCount': '581'}",https://yt3.ggpht.com/NyTeXGLlLBaNdfnpCcE8iScRTri23_5SBXwqMcJgDL2fE6ViHVFy3kyr8aWCUXSjnRscnr7b=s240-c-k-c0x00ffffff-no-rj,"""Hair of the Dog"" ""nicole begley"" ""pet photography"" ""dog photography"" ""horse photography"" ""equine photography"" ""cat photography"" ""pet photography business"" ""marketing pet photography"" ""pricing pet photography"" ""editing pets"" ""editing black dogs"" Photoshop ""editing dogs"" ""remove leash in photoshop"" ""photography business tips"" ""business tips"" ""pet photography business tips"" ""business education"" ""business success"" ""Freedom focus photography"" ""portrait photographer"" ""photography business""","[{'title': 'Ep. 288 Snippet: The Sale-Killing Mistake You’re Probably Making', 'link': 'https://www.youtube.com/watch?v=3zUeTFtq8Pg'}, {'title': ""SNIPPET: Ep. 287 - $15 files?  Don't panic."", 'link': 'https://www.youtube.com/watch?v=Ur4fXP14jjg'}, {'title': '[SNIPPET] Ep 286 - The Truth About Part Time', 'link': 'https://www.youtube.com/watch?v=J7YGiqk3f0U'}]"
Rebecca Rice Education,https://www.youtube.com/channel/UCZVQmCl-su5LlR5GV31kpVw,@rebeccariceeducation,2018-04-06T20:06:24Z,"{'viewCount': '680940', 'subscriberCount': '13700', 'videoCount': '321'}",https://yt3.ggpht.com/OAuwGDoT-JFrv5NFbE3gSUH2octHZLjBL3JcczVelE5uf230WHcBbqGKfGKKxowwV09xXEvCccQ=s240-c-k-c0x00ffffff-no-rj,,"[{'title': 'It’s the most magical session in my opinion!', 'link': 'https://www.youtube.com/watch?v=esWgSk42yow'}, {'title': 'You just need a DSLR or mirrorless camera!', 'link': 'https://www.youtube.com/watch?v=SoOJlcLJFE4'}, {'title': 'If you want to double your session bookings this year, there are few things you NEED to know!', 'link': 'https://www.youtube.com/watch?v=fc4Xuo4YjlY'}]"
Photography Education,https://www.youtube.com/channel/UCOVfMVuksVVZExY4kcstmYQ,@photographyeducation-ix1sf,2024-02-20T10:59:26.873617Z,"{'viewCount': '3', 'subscriberCount': '2', 'videoCount': '1'}",https://yt3.ggpht.com/l0ifhzkB_Q1wrzPjVXgcBx07urNSGfuzNSxLj8WJeC4R7Nv_CUUF9uW5oK8yBBrAo1OUfvlQgg=s240-c-k-c0x00ffffff-no-rj,,"[{'title': 'Awesome Watermelon Art Crafts', 'link': 'https://www.youtube.com/watch?v=-mBTUxZcJwQ'}]"
VAUEM PHOTOGRAPHY EDUCATION,https://www.youtube.com/channel/UClTuHbf-vTfkMDHbrqORdPg,@vauemphotographyeducation,2020-08-31T08:04:28.909354Z,"{'viewCount': '68218', 'subscriberCount': '566', 'videoCount': '60'}",https://yt3.ggpht.com/f6R6exaKxfFZTHKI6hODgIav2zByeoPmYXSZB1CTXHv34XN9-EA6JkPJGXP8fguNdETxpVBzeQ=s240-c-k-c0x00ffffff-no-rj,"""photography education"" ""beauty photography"" ""beauty photographer"" ""studio photography"" ""studio portraits"" ""editing tutorials"" photoshop ""portrait photography"" ""photography tutorials"" ""dodge and burn"" ""beauty retouching"" ""portrait retouching"" ""retouching tutorial"" ""retouching tips"" ""photoshop tutorial"" ""photoshop masterclass"" ""photoshop actions"" ""photoshop room tour"" ""photoshop for beginners"" ""editing for beginners"" ""beginner photoshop"" ""easy editing photoshop""","[{'title': 'color correction in photoshop under one minute', 'link': 'https://www.youtube.com/watch?v=Ha3lhZSVAgo'}, {'title': 'lightroom hacks for high-end results part two', 'link': 'https://www.youtube.com/watch?v=b_ZDOEfa2gM'}, {'title': 'lightroom hacks for high-end results', 'link': 'https://www.youtube.com/watch?v=kUXeNDMCDTg'}]"
Bradfords Photography Education,https://www.youtube.com/channel/UClcxc8OFy4GWsCWIrZjGaWw,@bradfordsphotographyllc,2021-11-22T21:20:03.066091Z,"{'viewCount': '408', 'subscriberCount': '15', 'videoCount': '9'}",https://yt3.ggpht.com/EPFU3akoS57sZlnMOBwAiIC4GNGGWYAJGBjDwuytJ9rfdUNzWN-BUt0EUpELrhktHxaOhZFd=s240-c-k-c0x00ffffff-no-rj,,"[{'title': 'How to start CHARGING for your photography!', 'link': 'https://www.youtube.com/watch?v=BeC3LMlrQ3Y'}, {'title': 'They KEY to Consistent Editing!', 'link': 'https://www.youtube.com/watch?v=0x9s5rQlA6U'}, {'title': 'Editing Tutorial for Light Room', 'link': 'https://www.youtube.com/watch?v=QJ4jMABWt1M'}]"
JCarr Photography Education ,https://www.youtube.com/channel/UC2SNL2VBuDFY2QVqj091ciA,@jcarrphotographyeducation,2023-07-13T01:46:33.676198Z,"{'viewCount': '27', 'subscriberCount': '1', 'videoCount': '2'}",https://yt3.ggpht.com/TRUnoUm3hvQ2zDJrq0AzevDou39luMTebg7GPUznCNhPT0gG6rvcaM1hJ6oxh4uPsNAwJOMm=s240-c-k-c0x00ffffff-no-rj,,"[{'title': 'Changing default PS Actions view to BUTTON MODE', 'link': 'https://www.youtube.com/watch?v=xhVR2R8ZRxY'}, {'title': 'Firefly Moonbeam Forest Edit', 'link': 'https://www.youtube.com/watch?v=kUjXsMcYFZw'}]"
Tara Mapes Photography and Editing Education,https://www.youtube.com/channel/UCoOt9utynBzg_Yfvdkm1ObA,@taramapesphotography,2009-01-31T01:31:59Z,"{'viewCount': '120129', 'subscriberCount': '1810', 'videoCount': '362'}",https://yt3.ggpht.com/2XhpdFEL0cLR4NQMuhSVT80nrFXZY67IH_tR5oiC9mJrZ5s6tv_pPJVl_oN3VQ-qdKQxQnmjKA=s240-c-k-c0x00ffffff-no-rj,"""photoshop tutorial"" ""photoshop tutorials"" ""how to composite"" ""how to combine images in photoshop"" ""tara mapes"" ""enchanted eye creations"" ""fine art photography"" bts ""how to edit"" ""edit photos"" ""edit in photoshop"" overlays ""digital backdrops"" ""fabric backdrops"" painterly ""ai generative fill"" ""photoshop ai"" ""ai tutorial"" ""off camera flash"" ""composite photography"" ""compositing in photoshop"" ""blending in photoshop"" ""painting edit in photoshop"" ""digital backgrounds"" ""digital overlays""","[{'title': 'Angelic Ice Photography Infringement on Tara Mapes Photography : 119 pages of images', 'link': 'https://www.youtube.com/watch?v=o_m0Mb3uTVc'}, {'title': 'Easter Digital Background Bundle', 'link': 'https://www.youtube.com/watch?v=V4CYTBPMjOA'}, {'title': 'Review of Angelic Ice Photography Infringement on Tara Mapes Photography Part 2', 'link': 'https://www.youtube.com/watch?v=H-kPJToHWRk'}]"
British Academy of Photography,https://www.youtube.com/channel/UCFXbYlIQSwqAknnVeP329OA,@britishacademyofphotography,2016-04-13T18:33:34Z,"{'viewCount': '639115', 'subscriberCount': '3750', 'videoCount': '21'}",https://yt3.ggpht.com/ytc/AIdro_lPkxlmqh3hjyRdMIUziBXxS5QBeSkwgTd_sMrswhLIJQ=s240-c-k-c0x00ffffff-no-rj,Photography Courses,"[{'title': 'Our Philosophy at the British Academy of Photography', 'link': 'https://www.youtube.com/watch?v=TJO2baPiFOM'}, {'title': 'Mastering Photography: Higher National programs at the Academy', 'link': 'https://www.youtube.com/watch?v=8Ej30FwQTHc'}, {'title': 'Advance to professionalism: Postgraduate Diploma in Photography at the Academy', 'link': 'https://www.youtube.com/watch?v=B0GcsZ1aqjE'}]"
NAN,https://www.youtube.com/channel/UCJ6U1YWbQqmZMZPkW22D0mg,@naturenomads-ud7iq_nan,2023-06-07T14:30:43.878218Z,"{'viewCount': '95641899', 'subscriberCount': '165000', 'videoCount': '584'}",https://yt3.ggpht.com/S_89bF59SBH83dC72gViyVTBS1IBIkq4IhM_bHj4nyzs9jwXy_GORXEH9IqggSzxo7siaZoTTg=s240-c-k-c0x00ffffff-no-rj,,"[{'title': ""New project blossoms: Grandma's challenges continue alongside the magical cave"", 'link': 'https://www.youtube.com/watch?v=ewuly_OZJnM'}, {'title': ""Steady Steps: What could Grandma Above the Magic Cave's new project be?"", 'link': 'https://www.youtube.com/watch?v=HugegzYgeqc'}, {'title': ""The secret of the grandmother's life in the magical cave was revealed by the operator!!"", 'link': 'https://www.youtube.com/watch?v=5PWuoPAVeIU'}]"
Nan PacharaNan,https://www.youtube.com/channel/UCBsFbCM1614pOXbL89EoJZw,@nanpacharanan,2021-04-20T14:35:57.728525Z,"{'viewCount': '12310675', 'subscriberCount': '143000', 'videoCount': '72'}",https://yt3.ggpht.com/ytc/AIdro_k2752XrcfEsNcuqvkcluV-YNWCuFeRZzn6hWlkNPey=s240-c-k-c0x00ffffff-no-rj,,"[{'title': 'ปริศนาสาวไทยหายตัวลึกลับในสหรัฐอเมริกา EP 58 I Know What You Did', 'link': 'https://www.youtube.com/watch?v=ML1bKoI8mvk'}, {'title': 'นางแบบมองโกเลียหายตัวปริศนา ก่อนถูกพบในป่ากับระเบิด C4 EP 57 I Know What You Did', 'link': 'https://www.youtube.com/watch?v=XnOeZLBGTbY'}, {'title': 'ใครคือฉัน? / เกือบถึงที่ตาย / เที่ยวบินผี  (PART 12)', 'link': 'https://www.youtube.com/watch?v=iTCSX9HMdXY'}]"
Nanさん,https://www.youtube.com/channel/UCtIjFbeSQwWLvVzyh5JKhDw,@nan_22,2022-07-04T09:13:33.924313Z,"{'viewCount': '1151081', 'subscriberCount': '5420', 'videoCount': '223'}",https://yt3.ggpht.com/1eBZEKPNoWzZnTonj3Pg9Emx0Uzds56NXhiZrIvYafZ19ln_m2qSBIT466pvvLkPBjxDQzbigg=s240-c-k-c0x00ffffff-no-rj,,"[{'title': '東方キャラにすきだよって言ってみたら！？２\u3000#ゆっくり茶番劇#ゆっくり #shorts #shorts#恋愛', 'link': 'https://www.youtube.com/watch?v=JdUJdOkruKQ'}, {'title': '勇者であり大賢者の俺が転生！？EP71', 'link': 'https://www.youtube.com/watch?v=DX7UOXJR9D4'}, {'title': 'お姉さんぶる東方キャラ！？', 'link': 'https://www.youtube.com/watch?v=MwywscjiF3M'}]"
Nan,https://www.youtube.com/channel/UCwZgW2GsbF-RFVtZsS0tCxw,@yomfnan,2019-10-20T06:09:47.399886Z,"{'viewCount': '13493', 'subscriberCount': '184', 'videoCount': '9'}",https://yt3.ggpht.com/J65z0K7_4jfGP1CJW2TH2fDhIElRpA8siRXO-aewCLquDBq1typGW5rB5F4l8tSF3BnQeKo8fA=s240-c-k-c0x00ffffff-no-rj,"""bawal sad dapat happy""","[{'title': 'WITH YA- NAN (LYRIC VIDEO)', 'link': 'https://www.youtube.com/watch?v=W1o2oM-1nqI'}, {'title': ""'DI KUNWARIAN- NAN (OFFICIAL LYRIC VIDEO)"", 'link': 'https://www.youtube.com/watch?v=Jf25T_gs_WI'}, {'title': 'PUSONG NAKAGAPOS- NAN (LYRIC VIDEO)', 'link': 'https://www.youtube.com/watch?v=gIS-m8JuU2g'}]"
Nan Simonsen,https://www.youtube.com/channel/UCLjQbufPO3Vns0w_FcCYFCg,@nansimonsen,2020-12-19T22:21:52.015117Z,"{'viewCount': '522688', 'subscriberCount': '10300', 'videoCount': '433'}",https://yt3.ggpht.com/ytc/AIdro_m84Xt6ryx9cvitgTTTIPxjrmxqvtQnFPTiCuB2xLNQtw=s240-c-k-c0x00ffffff-no-rj,"""plant based diet"" ""cooking videos"" ""healthy breakfast ideas"" Cooking ""Gluten Free"" ""Whole Food"" Vegan Vegetarian Recipes Aging BabyBoomer Dairy-free ""Vegetarian Recipes"" ""Aging Backwards""","[{'title': 'Awe, Curiosity & Meaningful Moments: Secret Ingredients for Healthier Living', 'link': 'https://www.youtube.com/watch?v=TtPgRTpvl3I'}, {'title': 'My BEST Blue Zones Minestrone--Vegan & oil free', 'link': 'https://www.youtube.com/watch?v=NQuoeEQ761k'}, {'title': '10K Strong: A CELEBRATION of Healing, Hope & Whole Food!', 'link': 'https://www.youtube.com/watch?v=5HskRcndYHg'}]"
Aung Nan Taw Languages & Buddhism Academy,https://www.youtube.com/channel/UC4DNNIAaM7fodLKNt5ECPhA,@aungnantaw689,2024-12-22T05:30:22.616487Z,"{'viewCount': '33868', 'subscriberCount': '910', 'videoCount': '218'}",https://yt3.ggpht.com/ahlWb6JCFDmICJanVsdu0xrjLw7Q_ekCi7XoYN0ahd488WFnZv2bHrpQQauZ2SLTxPo6B1nY4RI=s240-c-k-c0x00ffffff-no-rj,,"[{'title': 'Grammar 53', 'link': 'https://www.youtube.com/watch?v=Sx81AXK6GfI'}, {'title': 'Grammar 54', 'link': 'https://www.youtube.com/watch?v=v8dlM7XLFUM'}, {'title': 'Grammar 52', 'link': 'https://www.youtube.com/watch?v=Avo8bo0y-nI'}]"
Belltus Yii Nan Penampang ,https://www.youtube.com/channel/UCgyZM4we6-xYamgUz21GMBw,@belltus,2023-06-25T13:13:25.762008Z,"{'viewCount': '237', 'subscriberCount': '7', 'videoCount': '7'}",https://yt3.ggpht.com/ytc/AIdro_k6E7UTsF655DeERRis1BYvl8uSsF973x_Fdovm3dYObcg6BnyGOi5TiYl_QS1VWQCHTQ=s240-c-k-c0x00ffffff-no-rj,,"[{'title': 'training untuk CNY 2026', 'link': 'https://www.youtube.com/watch?v=dqaX85jliRs'}, {'title': 'kk plaza', 'link': 'https://www.youtube.com/watch?v=aYJDXzflKjI'}, {'title': 'Yii Nan Penampang', 'link': 'https://www.youtube.com/watch?v=FmZq2rq-slg'}]"
PU NAN [ភូមិខ្ជាយ],https://www.youtube.com/channel/UCV-5tg6T1OMfrXYpNHN7PoA,@punanភមខជាយ,2024-10-08T05:38:11.769Z,"{'viewCount': '3602551', 'subscriberCount': '13700', 'videoCount': '106'}",https://yt3.ggpht.com/J8XoZruQpwlvMvy1_FG5Rrxa7_W_QvYw3xNwtZqtOnXZVssQCYx-kOHRdpwHKgXPJd7GvQS9zA=s240-c-k-c0x00ffffff-no-rj,បទសេដល្បីៗ បទសេដថ្មីៗ កែវវាសនា ខេមរះសិរីមន្ដ តន់ចន័្ទសីម៉ា ខាត់ជេម៍ គូម៉ា ខេម សិរីវង្ស ចឺម ឆនសុវណ្ណរាជ ព្រាបសុវត្ថិ បូលីពៅ ភារ៉ាក់ សីហា,"[{'title': 'ម្អមស្រែ_បុកបាស់អេម ស្ដាប់កំដរអារម្មណ៍ Pu NAN Khmer Music🎶🎶', 'link': 'https://www.youtube.com/watch?v=kwBPjG4Lfk0'}, {'title': 'សង់ទីម៉ង បុកបាស់អេម2025_ចាក់កំដរភ្ងៀវ ពិរោះរណ្ដំដួងចិត្ត Pu NaN Khmer Music🎶', 'link': 'https://www.youtube.com/watch?v=7054ZXz7ppY'}, {'title': 'សង់ទីម៉ង បុកបាស់_ម្លប់ស្នាយម្លប់ស្នេហ៍ ស្ដាប់កំដរអារម្មណ៍_Pu NaN Khmer Music🎶🎶', 'link': 'https://www.youtube.com/watch?v=ET_15a_iQQA'}]"
Nan’s Reading Nook ,https://www.youtube.com/channel/UCi2sAcpeK89DBJ0RXy9LYKQ,@nansreadingnook,2024-11-03T19:16:52.452122Z,"{'viewCount': '951', 'subscriberCount': '6', 'videoCount': '90'}",https://yt3.ggpht.com/-jR9fEDI6dkz-fWyAuoutVbY5fbf1Zl3VejkE6qewKEglzJfAmP8kaRwwBLcHpLfdajeOk_X=s240-c-k-c0x00ffffff-no-rj,,"[{'title': 'Lucky Rabbit', 'link': 'https://www.youtube.com/watch?v=DBJsR0eadls'}, {'title': 'Clifford’s First Easter', 'link': 'https://www.youtube.com/watch?v=B9bF_r3o23k'}, {'title': 'Amon’s Adventure Chap 26', 'link': 'https://www.youtube.com/watch?v=Fc7wy1DMZbE'}]"
Vireak Nan,https://www.youtube.com/channel/UCL1R78dA3uiH5_TxvZfNEMQ,@vireaknan361,2017-06-06T11:41:55Z,"{'viewCount': '18356711', 'subscriberCount': '197000', 'videoCount': '198'}",https://yt3.ggpht.com/tvGrG5BS9ZjT6GRaI_wB3ZMXjfGaAWCnbteCFfhsN_mS4cFDhSUumlLy-48VKZl44ONHKAuJlA=s240-c-k-c0x00ffffff-no-rj,바카라 바카라실시간 바카라사이트 카지노,"[{'title': 'Charles Stanley - God cannot be manipulated', 'link': 'https://www.youtube.com/watch?v=chPvTEfRAjM'}, {'title': ""Charles Stanley - Do we have faith in God's Word?"", 'link': 'https://www.youtube.com/watch?v=e_UUOMnD6Io'}, {'title': 'Charles Stanley - consequences last a lifetime', 'link': 'https://www.youtube.com/watch?v=aHc2K8K-hbg'}]"
Nan Kham Yin,https://www.youtube.com/channel/UCh0nv3CEO7mTLHdK7W-wK3w,@nankhamyin04,2024-12-06T10:25:02.266121Z,"{'viewCount': '57743', 'subscriberCount': '5330', 'videoCount': '7'}",https://yt3.ggpht.com/nNkC3KIaR1NPJbpdmfgpVAeG0S5aM0b-s7pTP3DPh5VwcIrKnlThefbYOIrUai0aqBPGgsRDtg=s240-c-k-c0x00ffffff-no-rj,,"[{'title': 'အလေ့အကျင့်တွေကို ထိန်းချုပ်နိုင်ရင် အနာဂတ်ကိုလည်း စိတ်ကြိုက်မွန်းမံနိုင်မယ်။', 'link': 'https://www.youtube.com/watch?v=0sh3SLmzGe0'}, {'title': 'လူတွေနဲ့ ဆက်ဆံတဲ့အခါမှာ ဆရာ ကျကျ ပြုမူ နေထိုင်နည်း။', 'link': 'https://www.youtube.com/watch?v=h2em8raVn0w'}, {'title': 'စစ်မှန်သော ပျော်ရွှင်ခြင်းဆီသို့။', 'link': 'https://www.youtube.com/watch?v=pazbxwkuyUo'}]"
藍奕邦 Pong Nan,https://www.youtube.com/channel/UCtddwLdoYZKjo-pQugqtkVA,@pongnan,2008-01-08T07:27:04Z,"{'viewCount': '3159522', 'subscriberCount': '9140', 'videoCount': '52'}",https://yt3.ggpht.com/SClHC3ITRQeL5vloFouN9LX2ydOnyrLw-jlECB5-7RyBKWmxYk8JJBIrzpfowzWMKOcMMkVT=s240-c-k-c0x00ffffff-no-rj,,"[{'title': '情定唐人街 Snug In My Arms Live 現已上架 #藍奕邦', 'link': 'https://www.youtube.com/watch?v=ytOu7zLI8RM'}, {'title': '藍奕邦 Pong Nan 《情定唐人街》 Chinatown Love - Live from SNUG IN MY ARMS 2023', 'link': 'https://www.youtube.com/watch?v=TxS_mAIacVs'}, {'title': '快樂頌 Snug In My Arms Live 現已上架 #藍奕邦', 'link': 'https://www.youtube.com/watch?v=0jxTi1hwqH0'}]"
Nan Nan Cameragraphy,https://www.youtube.com/channel/UCko-wZ3b_WuOIx0_rlP7Org,@nannancameragraphy,2022-07-07T08:19:50.937606Z,"{'viewCount': '4042', 'subscriberCount': '72', 'videoCount': '47'}",https://yt3.ggpht.com/Gsi3LY0qSh2p8UrCcXnA7H3u6mkCcVg6dj5907XkFfAHgrt7FKpWPCUHIQKv7yBZbaXR4zQ-6Q=s240-c-k-c0x00ffffff-no-rj,,"[{'title': 'wi cross', 'link': 'https://www.youtube.com/watch?v=Nb4ia8ZfsxQ'}, {'title': 'funny  video', 'link': 'https://www.youtube.com/watch?v=X74ywZdklUI'}, {'title': ""i don't think it Will not be nice"", 'link': 'https://www.youtube.com/watch?v=yx0z9isYzao'}]"
NAN,https://www.youtube.com/channel/UCBgQAjLMtt9xkEGceVOGAqg,@nanligo,2025-03-26T14:06:04.553817Z,"{'viewCount': '6', 'subscriberCount': '1', 'videoCount': '3'}",https://yt3.ggpht.com/Mp0CpJeYUA-BJryONe7JXQ_ENQHvmyq20yMYDHLH7X_cpxLzFOt2lc9TzUB_fsns9UvtEu-797g=s240-c-k-c0x00ffffff-no-rj,"Games Gameplay Gameplays Jogos ""Vídeo Games""","[{'title': 'ONDE ESTÃO NOSSAS ARMAS?! - THE LAST OF US PART I - Parte 2', 'link': 'https://www.youtube.com/watch?v=uk7kH2xtXuw'}, {'title': 'FOI AQUI QUE TUDO MUDOU! - THE LAST OF US PART I - (Jogando Pela Primeira Vez)', 'link': 'https://www.youtube.com/watch?v=uY5sQRMnQ7E'}, {'title': 'Split Fiction e Minha Ansiedade... (O Game do Ano?)', 'link': 'https://www.youtube.com/watch?v=_Od72WEwnRg'}]"
Ngelay Nan,https://www.youtube.com/channel/UC4rK46Kaf9ZXpIEkdwMmLQw,@ngelaynan,2025-03-26T13:29:47.749777Z,"{'viewCount': '0', 'subscriberCount': '0', 'videoCount': '1'}",https://yt3.ggpht.com/ytc/AIdro_mLKPfQfsYtfUyqqe6FpMayQRafZoRgOUnqIFjEi-enSreCJmiWcdakwZy3g21qd24UHw=s240-c-k-c0x00ffffff-no-rj,,"[{'title': 'April 8, 2025', 'link': 'https://www.youtube.com/watch?v=4_XvcPTspuc'}]"
NAN 5555 V1,https://www.youtube.com/channel/UCxx2mwwsCI_qzHj-0w6R-mg,@nan-c7q,2017-10-04T07:12:21Z,"{'viewCount': '7470', 'subscriberCount': '52', 'videoCount': '21'}",https://yt3.ggpht.com/B5_nnssK0JGIP0OXph41U2KXXeGamGU7kDTXgtTwEwnb-m5VEpJxHqoI3z2WN1qVm8dh9dTR2w=s240-c-k-c0x00ffffff-no-rj,,"[{'title': 'ME 😵', 'link': 'https://www.youtube.com/watch?v=lJjQ4HKZGyk'}, {'title': '☢️☢️☢️⚠️⚠️', 'link': 'https://www.youtube.com/watch?v=FCL3rjtAvJg'}, {'title': 'ปัดเป่าสิ่งชั่วร้ายขับไล่ฮอนนี้', 'link': 'https://www.youtube.com/watch?v=xoiYuZ5wBPY'}]"
Nan Nangh,https://www.youtube.com/channel/UC-zTHvXi3gChUE2Srps-doA,@nannan-o4d6w,2025-03-20T08:56:00.796403Z,"{'viewCount': '13', 'subscriberCount': '2', 'videoCount': '2'}",https://yt3.ggpht.com/ytc/AIdro_mLKPfQfsYtfUyqqe6FpMayQRafZoRgOUnqIFjEi-enSreCJmiWcdakwZy3g21qd24UHw=s240-c-k-c0x00ffffff-no-rj,,"[{'title': '13 April 2025', 'link': 'https://www.youtube.com/watch?v=E91kN_K4ZxI'}, {'title': '12 April 2025', 'link': 'https://www.youtube.com/watch?v=j5pMXW-IYKg'}]"
iPhone Photography School,https://www.youtube.com/channel/UC1Q5iU8ODtqQjKFZgz8JAPg,@iphone_photography_school,2012-07-15T13:50:13Z,"{'viewCount': '55130241', 'subscriberCount': '853000', 'videoCount': '1766'}",https://yt3.ggpht.com/adBWg9RX0-hE7QIj1EhE8-R7UYmQ8TDXa40TOjMMmy91MOhva9ZUj3H5YhHoX-5wjnQ0-D_594o=s240-c-k-c0x00ffffff-no-rj,"""iphone photography"" ""iphone photography school"" ""iphone photo academy"" ""photography iphone"" ""iphone photography tutorials for beginners"" ""iphone academy"" ""iphone photo"" ""photography with iphone"" ""iphone photography tips"" ""emil pakarklis"" ""iphone photography tutorial"" ""iphone photographer"" ""photo iphone"" ""learn iphone photography"" ""photography on iphone"" iphonephotography iphoneography photography apple ""iphone 7"" photos reflection iphone tutorial camera ""iphone 8"" photo tips ""iphone x"" tricks","[{'title': 'Did You Know This iPhone Photo Trick? 🤯 #iphonecamera #iphonetrick #hacks #shorts', 'link': 'https://www.youtube.com/watch?v=7U-ErZNTG7g'}, {'title': 'Epic Video Editing Trick! 😍🎥 #videoediting #capcut #videoeffects #shorts', 'link': 'https://www.youtube.com/watch?v=ErwiEolXhmc'}, {'title': 'No More BORING Beach Photos ❌🏝️ #iphonephotography #photoideas #beachphotography #shorts', 'link': 'https://www.youtube.com/watch?v=8w8RqNjd27c'}]"
Iphone Photography School,https://www.youtube.com/channel/UCr4tRgg3s5UO6Fk8-SliBmw,@iphone50730,2022-11-10T19:15:02.225518Z,"{'viewCount': '20', 'subscriberCount': '0', 'videoCount': '2'}",https://yt3.ggpht.com/gQaWT4Sy3xEibG3IDkI_2iPrGkjZpOX7uE7trok3tnNgD8PiG_6wf17QqsEQeJIEnK-eL0ExTw=s240-c-k-c0x00ffffff-no-rj,,"[{'title': 'best photos on beche with iphone13 #shorts #iphonephotography #youtubeshorts', 'link': 'https://www.youtube.com/watch?v=rf1lQzlOSSU'}, {'title': 'Have you ever tried shooting on your i phone #shorts #iphonephotography #viral #tricks', 'link': 'https://www.youtube.com/watch?v=g-XsmcAwmTs'}]"
i phone photoshoot📷,https://www.youtube.com/channel/UCfktOn00SVeDfJhxGI14Ycg,@iphonephotoshoot,2022-11-19T17:45:31.312152Z,"{'viewCount': '147', 'subscriberCount': '1', 'videoCount': '4'}",https://yt3.ggpht.com/2xL8w93c63TiCPaxuHCQ69QykFUFBntIiAzOCInlzTxnkCDru-Hc4aHMIFzb9smGxaApX5I8-g=s240-c-k-c0x00ffffff-no-rj,,"[{'title': '#iphonephotography #iphonephotoediting #lightroomediting', 'link': 'https://www.youtube.com/watch?v=xqSL2XnfLic'}, {'title': '#iphonephotoediting #iphonephotography #editlightroom', 'link': 'https://www.youtube.com/watch?v=i7pxDufyQ14'}, {'title': '#iphonephotoediting #iphonephotography #iphonephoto #lightroom', 'link': 'https://www.youtube.com/watch?v=-H8fK7BtTPQ'}]"
Andrew Valentine,https://www.youtube.com/channel/UCnC1b2Yv1qtei2iJtqEMZ9Q,@andrewvalentine3764,2018-04-06T21:41:05Z,"{'viewCount': '130', 'subscriberCount': '1', 'videoCount': '2'}",https://yt3.ggpht.com/ytc/AIdro_mh5aiQ42TyYTPzPh83wkc2uFC-csLqXzq5enpaQno=s240-c-k-c0x00ffffff-no-rj,,"[{'title': 'iPhone Photography School - The #1 Mistake That All iPhone Photographers Make', 'link': 'https://www.youtube.com/watch?v=yBU6dKgv93c'}, {'title': 'iPhone Photography School - The #1 Mistake That iPhone Photographers Make', 'link': 'https://www.youtube.com/watch?v=kAJ3DXE1z5k'}]"
Crushing Photography!,https://www.youtube.com/channel/UCq8WNaRYZVL1nMk8O7uCaGw,@crushingphotography,2017-12-01T18:37:36Z,"{'viewCount': '519937', 'subscriberCount': '2560', 'videoCount': '72'}",https://yt3.ggpht.com/rjfAl-CVSPeRYyrV_WT5oELQwWEtESNUbKZF2QLgA0025xHGK6yp_YscXyQnUv27zLH0W2C2UA=s240-c-k-c0x00ffffff-no-rj,"Photography Cameras ""photography accessories"" ""photography gear"" ""photography tips"" photographer ""camera lenses"" ""best photography courses"" ""best digital cameras"" ""digital world beauty"" ""best photography gloves"" ""how to learn photography for beginners""","[{'title': 'Is Nikon D810 Good for Sports? (My Honest Opinion)', 'link': 'https://www.youtube.com/watch?v=y1wvWqcN1zo'}, {'title': 'Nikon D810 for Beginners? Do NOT Buy As Your First DSLR!', 'link': 'https://www.youtube.com/watch?v=sd-AqPSzgDM'}, {'title': 'NIKON D750 LENSES: Top 5 BUDGET Options in 2025!', 'link': 'https://www.youtube.com/watch?v=-nudu7eorTA'}]"
Usman & Amber's Life,https://www.youtube.com/channel/UCCNg5zV0Sc3XoUQxHgW_LVA,@iphonephotographyschool-vy4wh,2023-09-14T10:27:56.109173Z,"{'viewCount': '5', 'subscriberCount': '2', 'videoCount': '1'}",https://yt3.ggpht.com/XsgW1VRYHpBKCYpncn6GICqE6-s5oi79lbSztcFOCHbiYfnADWi00L6FSdSBwAbJDsLeQS-j44w=s240-c-k-c0x00ffffff-no-rj,,"[{'title': 'Best edit for muslim #viral #shorts #islamic # Pakistan #islam #shortvideo #trending', 'link': 'https://www.youtube.com/watch?v=RH-RyNNjxek'}]"
Harry Wood,https://www.youtube.com/channel/UCL_nVpcn_eO0NtdYCddV_7g,@harrywood97,2018-05-12T20:00:35Z,"{'viewCount': '223', 'subscriberCount': '0', 'videoCount': '5'}",https://yt3.ggpht.com/kMlVHt0QiHQ5AWYMWeL6Upz7i2V2WZyu8VMUIuIzuqmnieZAQE1my9KQUUF_d8Pf1af8GscI=s240-c-k-c0x00ffffff-no-rj,,"[{'title': 'iPhone Photography School Promo', 'link': 'https://www.youtube.com/watch?v=9XhOd5Ws4BI'}, {'title': 'ThoughtWaves Pro Samples 2', 'link': 'https://www.youtube.com/watch?v=trwNoPg7rww'}, {'title': 'ThoughtWaves Pro Samples 1', 'link': 'https://www.youtube.com/watch?v=4Cnq8Tiy9ew'}]"
Film Storytelling,https://www.youtube.com/channel/UCGcbqUMdD0jeFoYUrQSpwug,@filmstorytelling8346,2018-03-07T17:28:03Z,"{'viewCount': '392', 'subscriberCount': '8', 'videoCount': '1'}",https://yt3.ggpht.com/ytc/AIdro_lGkg5kbz79VnAaIgM_8BrE95oXqdKy4XsbSuGxZp7dbA=s240-c-k-c0x00ffffff-no-rj,,"[{'title': 'Jesus Sanoja Submission for Emil Pakarklis Iphone Photography School', 'link': 'https://www.youtube.com/watch?v=i7tcegZRUks'}]"
Jason Robins,https://www.youtube.com/channel/UCPtYIDVnOtz3hEAX6Ti9M8g,@thejrobins,2009-07-08T19:47:17Z,"{'viewCount': '5649', 'subscriberCount': '11', 'videoCount': '45'}",https://yt3.ggpht.com/ytc/AIdro_nuXBwZzPTPCTYdVTVnxeEXGE_rpGFI1tLoGU6KXLvKZg=s240-c-k-c0x00ffffff-no-rj,,"[{'title': 'stage setup', 'link': 'https://www.youtube.com/watch?v=1xwQbX5nuH0'}, {'title': 'dec22 jam', 'link': 'https://www.youtube.com/watch?v=0e0WknEeAu4'}, {'title': 'Jam Dec 10', 'link': 'https://www.youtube.com/watch?v=iCma-pUac-I'}]"
Julian Cachia,https://www.youtube.com/channel/UCO36ZpVVgYQdeOsOt7oFyJA,@juliancachia9608,2014-04-07T18:42:57Z,"{'viewCount': '233', 'subscriberCount': '3', 'videoCount': '2'}",https://yt3.ggpht.com/ytc/AIdro_kshwIAF7-6InrPuzaL2GwzG_nUQ_GIxY5jiNH4bRgqEZmH=s240-c-k-c0x00ffffff-no-rj,,"[{'title': 'iPhone Photography School - Video Editor Vacancy - Mock', 'link': 'https://www.youtube.com/watch?v=2YzEtb50_6k'}, {'title': 'Youth Exchange - Erasmus Programme - \'Green Earth Better Earth"" 2018', 'link': 'https://www.youtube.com/watch?v=pyTvBk09wbo'}]"
Kunal Prithviraj,https://www.youtube.com/channel/UClpemx0q2gUXcXj1kmfEAuA,@kunalprithviraj1711,2012-11-26T05:01:18Z,"{'viewCount': '112', 'subscriberCount': '35', 'videoCount': '7'}",https://yt3.ggpht.com/ytc/AIdro_m_hgjX56E5oJ88iD6ugLMznv91pbbQwnSIWjwy2Mw8_LY=s240-c-k-c0x00ffffff-no-rj,,"[{'title': '#harharmahadev #foryou #kedarnath #mahadev', 'link': 'https://www.youtube.com/watch?v=I2YDt2plP1g'}, {'title': '5 August 2023', 'link': 'https://www.youtube.com/watch?v=E6vq96TLQ_g'}, {'title': 'iPhone 14 pro Unboxing', 'link': 'https://www.youtube.com/watch?v=VHcbrMw_gfk'}]"
Arief Nurhidayanto,https://www.youtube.com/channel/UCUfCLt9Ss6_swLIumcdJ0CQ,@ariefnurhidayanto2257,2012-11-02T04:01:26Z,"{'viewCount': '11188', 'subscriberCount': '123', 'videoCount': '38'}",https://yt3.ggpht.com/lxB9iJl8uuwus6qCxFTozyCIdlkiSRKUTWjKNVVqT_Y_pz1FngD_95Ml63owoRWx0Y7uSJ0x=s240-c-k-c0x00ffffff-no-rj,"""twenty20 sell photos"" ""twenty20 photography"" ""twenty20 challenge"" ""twenty20 promoted photos"" contributor ""microstock 2022"" ""jual foto dapat uang"" ""penghasilan tambahan"" ""jual foto online"" ""jual foto dapat dollar"" ""jual foto di internet"" ""iphone photography"" ""mobile photography"" ""smartphone photography"" ""belajar fotografi"" ""penghasilan online"" ""iphone street photography"" shuttertstock eyeem envato ""envato elements"" ""envato market"" ""envato author"" ""envato contributor"" ""istock contributor""","[{'title': 'iStock Tutorial - Bagaimana cara submit foto pakai HP, dengan model rilis ?', 'link': 'https://www.youtube.com/watch?v=EQ5bknSNC1A'}, {'title': 'iStock tutorial - cara daftar pakai HP menjadi contributor jual foto online', 'link': 'https://www.youtube.com/watch?v=r3cQzL_Rres'}, {'title': 'iStock - Kesan pertama contributor pemula jual foto di iStock by getty images', 'link': 'https://www.youtube.com/watch?v=9_CrUYnucTY'}]"
PhotographyTV,https://www.youtube.com/channel/UC_QlBKlb1mlrXNcoCUue62Q,@photographytvcom,2016-05-10T03:23:09Z,"{'viewCount': '1306113', 'subscriberCount': '14700', 'videoCount': '86'}",https://yt3.ggpht.com/ytc/AIdro_mojugPq6Mb7jmD6noe49xsb3tGAgBe0fR0BGtEKKDKPdo=s240-c-k-c0x00ffffff-no-rj,"""photography tutorials"" ""travel photography"" ""how to photography"" ""starting a youtube channel"" ""photography gear"" ""landscape photography""","[{'title': 'Art Wolfe Interview - Travel Photography', 'link': 'https://www.youtube.com/watch?v=eXwVJpfq2jQ'}, {'title': 'Quit Your Job to Become a Full Time Photographer - Interview', 'link': 'https://www.youtube.com/watch?v=OecrYAPbC0I'}, {'title': 'Wildlife Photography Interview with Jake Davis', 'link': 'https://www.youtube.com/watch?v=E17GFWZHLNY'}]"
John McKenna Photography,https://www.youtube.com/channel/UCRUGdwmfNgx5npcDUVEl2jg,@johnmckennaphotography,2015-07-17T10:18:19Z,"{'viewCount': '211831', 'subscriberCount': '2740', 'videoCount': '204'}",https://yt3.ggpht.com/m2WZRy9bajzCK5j1tCxdmLVd64ORZIoJNdh0BYDKFoa_R-0PZ8XL7qVxMQ-9v7sHB3csS-453k0=s240-c-k-c0x00ffffff-no-rj,"scotland ""landscape photography"" ""landscape photography tips"" ""landscape photography tuition"" ""photography ideas"" ""photography tips"" ""john mckenna"" ""scottish landscape photography"" ""street photography"" ""best photo locations in scotland"" ""scotlands best photography spots"" ""how to photograph"" ""photography tutorials""","[{'title': 'Simple Tips for Waterfall Photos | Grey Mare’s Tail', 'link': 'https://www.youtube.com/watch?v=aTKaN4FCumM'}, {'title': 'Infra-red photography in Stirling old town', 'link': 'https://www.youtube.com/watch?v=0EA_PoFeFpI'}, {'title': 'Wood of Cree: Wrong Season, Harsh Light... Can I still get a good photograph?', 'link': 'https://www.youtube.com/watch?v=ZfIuyy3JPx4'}]"
MC Photography ,https://www.youtube.com/channel/UCGJ4qgis7LD5P_KZMRLDd-Q,@machehar-,2024-01-28T03:03:01.714933Z,"{'viewCount': '7', 'subscriberCount': '1', 'videoCount': '15'}",https://yt3.ggpht.com/ytc/AIdro_kAvXwKhF9W-758960a9XjLrXxvSdrZkX4XZl0vZ0CotMcCwuJe0HKveyMX8NMWQ9UFfw=s240-c-k-c0x00ffffff-no-rj,"photography ""photography tips"" ""learn photography"" ""landscape photography"" ""photography for beginners"" ""photography tutorial"" ""digital photography"" ""beginner photography"" ""photography basics"" ""photography tips for beginners"" ""photography composition"" ""photography gear"" ""street photography"" ""outdoor photography"" ""photography tutorials"" ""photography tutorials for beginners"" photograph ""bird photography"" ""how to photography"" ""photography ideas"" ""travel photography"" ""photography tricks""","[{'title': 'Top three photography style #shorts #photography @MrBeast', 'link': 'https://www.youtube.com/watch?v=SswFcFJTIgY'}, {'title': 'Top Five photography ideas #shorts #photography @MrBeast', 'link': 'https://www.youtube.com/watch?v=2QyUhOQevI0'}, {'title': 'Top Five photography ideas #shorts #photography @MrBeast', 'link': 'https://www.youtube.com/watch?v=LSfDHiQ8HCU'}]"
Pic Story,https://www.youtube.com/channel/UCmtwFBDljBbOCpdG88MgONA,@picstory5356,2021-07-13T14:16:00.463924Z,"{'viewCount': '147603', 'subscriberCount': '1010', 'videoCount': '122'}",https://yt3.ggpht.com/Dd4DkK8thvkpe8wlgd6xp-DeBhg-oxSK0WldLx-MkASSWFD69xW_EQeyMbMGvdszwva_W0O2Zw=s240-c-k-c0x00ffffff-no-rj,,"[{'title': 'Wedding Ceremony of Vithura & Aakash | 30 April 2025 | 11.00 am | Thuckalay', 'link': 'https://www.youtube.com/watch?v=m7pBVuuVP8c'}, {'title': 'Cayden Mavis Birthday  | Birthday Highlights |  Videography | Pic Story photography | Nagercoil |', 'link': 'https://www.youtube.com/watch?v=nKDV674miVk'}, {'title': 'Ciya Abraham Birthday  | Birthday Highlights |  Videography| Pic Story photography | Nagercoil |', 'link': 'https://www.youtube.com/watch?v=i_kEVsuyLt4'}]"
Through Sadim's Eye,https://www.youtube.com/channel/UCEMZ00sHhUoR5Ga3ih1RdBQ,@throughsadimseye3786,2022-06-27T16:05:01.378816Z,"{'viewCount': '341', 'subscriberCount': '28', 'videoCount': '2'}",https://yt3.ggpht.com/MDbPX92Mz5dVWubc09ZnBKjVFZmVxGe6arpDP77BEHCMedgM3Fk8lqgSclrBwyj9dsvv2FRq5t4=s240-c-k-c0x00ffffff-no-rj,"""vlog vlogs trending travel travel vlog vlogger"" ""cinematic cinematic video 4k cinematic smartphone video drone video drone"" ""Natural Photography Phone photographer"" ""New Photography vairal how to mobile photography""","[{'title': ""It's Our Beautiful Anowara_Film by Saiful Islam Sadim_Cinematic Video_Anowara Chittagong Bangladesh"", 'link': 'https://www.youtube.com/watch?v=8LR9I1YEfCI'}, {'title': ""Korbanir Hat Cinematic Vlog,  Anowara Chittagong, Through Sadim's Eye, Sadim Photography"", 'link': 'https://www.youtube.com/watch?v=pJP7STm5Knk'}]"
Between The Brackets,https://www.youtube.com/channel/UCJXLrV5jXIOPRmLXDNPeMtQ,@betweenthebrackets7494,2020-01-15T02:06:49.613033Z,"{'viewCount': '157', 'subscriberCount': '0', 'videoCount': '1'}",https://yt3.ggpht.com/ytc/AIdro_nKUadClQeUwC57CfC3t9v-9le_oOLcCo3DyTBTdYuQxQ=s240-c-k-c0x00ffffff-no-rj,,"[{'title': 'SWITZERLAND Travel Photography -Jungfraujoch, Wengen, Lauterbrunnen, Kleine Scheidegg', 'link': 'https://www.youtube.com/watch?v=TmxqkzSoIcw'}]"
Fuigy,https://www.youtube.com/channel/UCkov-EsC6uAJ4NXCtzyj2TA,@fuigy7731,2017-07-24T18:59:47Z,"{'viewCount': '41', 'subscriberCount': '1', 'videoCount': '2'}",https://yt3.ggpht.com/ytc/AIdro_nTK8N-zHdrpjVMPk3o7th4EEqzb2Gvnd2JcuvDPJEw=s240-c-k-c0x00ffffff-no-rj,,"[{'title': 'SHORTEST VLOG- LONGBOARDING', 'link': 'https://www.youtube.com/watch?v=LvmKBDVSfp8'}, {'title': 'Welcome to my channel', 'link': 'https://www.youtube.com/watch?v=4R1KmU0c4TE'}]"
YuriFineart,https://www.youtube.com/channel/UCy5SFbyxDPFC_xNFdDUteJA,@yurifineart,2015-03-23T01:51:30Z,"{'viewCount': '7995782', 'subscriberCount': '107000', 'videoCount': '307'}",https://yt3.ggpht.com/ytc/AIdro_mCtvV5RytrolgDZGnEBrT-ymdKyJYKbE-bzlLrDCfT4A=s240-c-k-c0x00ffffff-no-rj,"photography photoshop lightroom ""lightroom tutorials"" ""photography on location"" ""how to edit"" ""photo editing software"" ""photo editing app"" ""photography tutorial"" ""beginner tutorial"" ""photo editing tutorial"" ""how to take photos"" ""tips and tricks"" ""how to"" techniques ""post processing"" ""landscape photography"" education ""getting started with photography"" ""getting started with lightroom"" ""learning lightroom"" learning educational ""how to improve"" ""lightroom beginner tutorial"" ""photography vlog""","[{'title': 'Professional Product Photography With A Single Cheap Light & Photoshop Editing Tutorial', 'link': 'https://www.youtube.com/watch?v=GLBT0-JYdyo'}, {'title': 'My Experience Selling Stock Videos With 2000+ Clips Online', 'link': 'https://www.youtube.com/watch?v=zzWJrkYnWBY'}, {'title': '11 Ways You Can Land Paid Jobs and Start Making Money With Photography As a Beginner', 'link': 'https://www.youtube.com/watch?v=QIC1ebHqHrg'}]"
Photo Shooting Guide Idea,https://www.youtube.com/channel/UCuX2CIOJpczBkAjjVFCT83g,@photoshootingguide,2024-07-30T12:43:51.563548Z,"{'viewCount': '42807', 'subscriberCount': '76', 'videoCount': '136'}",https://yt3.ggpht.com/HqV94Wzlml-whVvYOnPVe5e_ruAkkde-ErmVL7Dya9Xy-uS93ky5inKG1vuVccn0i5oyVV-CBw=s240-c-k-c0x00ffffff-no-rj,"""Photography tutorials"" ""Photo shooting guide"" ""Photography tips"" ""How to take better photos"" ""Camera settings explained"" ""Lighting tips for photography"" ""Composition in photography"" ""Smartphone photography tricks"" ""Portrait photography tips"" ""Landscape photography guide"" ""Photography basics for beginners"" ""DSLR camera tutorials"" ""Creative photography ideas"" ""Editing photos like a pro"" ""Night photography tips"" ""Macro photography guide"" ""Travel photography tips"" ""Photography hacks"" ""photo ideas""","[{'title': '""📸 Photo Ideas: Tips & Techniques for Perfect Shots!""', 'link': 'https://www.youtube.com/watch?v=15J-DWNvPZA'}, {'title': '""📸 Photo Ideas: Tips & Techniques for Perfect Shots!""', 'link': 'https://www.youtube.com/watch?v=vVifvk8-874'}, {'title': '""📸 Photo Ideas: Tips & Techniques for Perfect Shots!""', 'link': 'https://www.youtube.com/watch?v=7BtddxgJ7vM'}]"
Chris Orange,https://www.youtube.com/channel/UCnls93AWZh8iv-fq5aA5gqQ,@chrisorange,2013-03-25T13:15:42Z,"{'viewCount': '5669332', 'subscriberCount': '42400', 'videoCount': '494'}",https://yt3.ggpht.com/9u_N8iJsKwEx7xdrDjo64pdI8hTVGAXbbCaDzHp5p_NJmdwkYIiO3yYiLUP67HZTPBe5hrHKoA=s240-c-k-c0x00ffffff-no-rj,"Chris Orange photography fujifilm ""landscape photography"" ""professional photography"" ""fujifilm x-e2"" ""fujifilm x-e1"" ""landscape photos"" ""camera lens review"" ""fujifilm reviews"" Leica ""Leica sl"" ""outdoor photography""","[{'title': 'Why I chose another FUJIFILM X-T5 over the X-H2S (For Photography AND Video)', 'link': 'https://www.youtube.com/watch?v=Qj8uTjeFEPs'}, {'title': 'This Simple Photography Practice Changed My Mental Health', 'link': 'https://www.youtube.com/watch?v=OG3k29chIwM'}, {'title': 'I Tested Fujifilm’s DR Settings – Here’s What Really Happens', 'link': 'https://www.youtube.com/watch?v=d0Qgib_Nyxw'}]"
Naveed__editz_nf,https://www.youtube.com/channel/UCRk_5BsjazNkNXnETzduKpQ,@naveed098,2020-06-10T15:23:10.703987Z,"{'viewCount': '37', 'subscriberCount': '6', 'videoCount': '7'}",https://yt3.ggpht.com/lqXn94nPZuRv4BMC9tOyBKUKWAeSsXSfwpxNM0TiWAaAlasmPYr928p7XO3svotKOjz0mLdD=s240-c-k-c0x00ffffff-no-rj,,"[{'title': 'editor 😌', 'link': 'https://www.youtube.com/watch?v=eO4yAJcN-5I'}, {'title': 'photography 😌  Naveed__edtiz_nf#photoshoot #photography #photooftheday #photographer #photo #mode', 'link': 'https://www.youtube.com/watch?v=vIyofNuF-Fc'}, {'title': 'September 8, 2023', 'link': 'https://www.youtube.com/watch?v=uTIr-7Qdljk'}]"
LG Photography,https://www.youtube.com/channel/UCkA4i-CyzS0Ez5R9KwjN2LA,@lgphotograph,2014-12-30T15:08:24Z,"{'viewCount': '809', 'subscriberCount': '26', 'videoCount': '5'}",https://yt3.ggpht.com/3BI6DVlxU8P_EML0AlZbiDulQzN6T5BK96gMNPQzWyTObYB2mEn4UFrqFUWLBULUPCeJ6OS1KQ=s240-c-k-c0x00ffffff-no-rj,,"[{'title': 'මේවනේ සුපිරි SURPRISE ඩාන්ස් / WEDDING SUPRISE DANCE 2024 - LAHIRU GINTHOTAGE VIDEOGRAPHY', 'link': 'https://www.youtube.com/watch?v=_2wGZfXyot0'}, {'title': 'Mee Ambha Wanaye - මී අඹ වනයේ  - Shalitha & Nethu  Wedding Video - Lahiru Ginthotage Videography', 'link': 'https://www.youtube.com/watch?v=sHpWPV1tTRo'}, {'title': 'Dhananjaya & Nishmi Wedding Video තව් තිසා ලොවින් වැඩි #Lahiru Ginthotage Videography', 'link': 'https://www.youtube.com/watch?v=2mME5x9iO-w'}]"
HKShutterVibe,https://www.youtube.com/channel/UClzZVid5kgo7IihrLyLyi1A,@shuttervibe-k5i,2025-03-16T21:17:23.592404Z,"{'viewCount': '930', 'subscriberCount': '1', 'videoCount': '1'}",https://yt3.ggpht.com/2AJffedgYh2TI-5iQXodKgY7mqFZBSiTyVtBfrYksobHoFMKXjGqkPGl7yhAxxi9OyvmYbkSAQ=s240-c-k-c0x00ffffff-no-rj,,"[{'title': 'HKPhotographs📸 #phonk #pubgmobile #photoediting', 'link': 'https://www.youtube.com/watch?v=xG8YbpWYHFQ'}]"
cinegraph cc,https://www.youtube.com/channel/UCUCG0unLMXsBzm28p9a7Luw,@cinegraphcc6089,2022-03-16T21:51:56.525344Z,"{'viewCount': '3187', 'subscriberCount': '24', 'videoCount': '11'}",https://yt3.ggpht.com/MaVu-DxJ1HuPyvUgNShWrx-P874Y8AEQjV30q7IcnVbeIjuclMHXm0qyhbSipBxnEGtZJsCMZg=s240-c-k-c0x00ffffff-no-rj,,"[{'title': ""HOW TO IMPROVE YOUR PHOTOGRAPHY | TIPS IN JUST TWO MINUTES THAT Will QUICKLY IMPROVE YOUR IMAGE'S"", 'link': 'https://www.youtube.com/watch?v=lvp5GN_gtNo'}, {'title': 'TRAVEL PHOTOGRAPHY | 20 EASY TIPS AND TRICKS', 'link': 'https://www.youtube.com/watch?v=7ibkSsi7dE4'}, {'title': 'Wedding day', 'link': 'https://www.youtube.com/watch?v=GjBqdJL-cCI'}]"
hams nocete,https://www.youtube.com/channel/UCofQi1czlsqBKWK28ZlIywg,@hamsphotovlogs,2017-02-25T01:01:22Z,"{'viewCount': '800197', 'subscriberCount': '5220', 'videoCount': '145'}",https://yt3.ggpht.com/ytc/AIdro_kwFbYiC12n0w6gvOLIb7fri-7HAUplk37mvT_NVZ6N1dA=s240-c-k-c0x00ffffff-no-rj,"""photography adventures"" ""street photography"" ""travel vlogs"" ""camera and gear reviews"" ""live photoshoots"" ""landscape photography"" ""ipoh perak malaysia"" ""Malaysia top destination"" ""Travel Philippines"" ""Overseas Filipino Worker"" OFW ""visual vibes"" ""cinematic vlogs"" ""cinematic videos"" ""Photo Editing Tutorials"" ""Video Editing tutorials"" ""Photo Editing Tips and Tricks""","[{'title': 'Cebu Sinulog Festival 2024 Event Highlights-01', 'link': 'https://www.youtube.com/watch?v=2kYvVGSsnDo'}, {'title': 'POV Photography with Canon R6 - Tops Lookout in Busay Cebu Soft Opening 2024', 'link': 'https://www.youtube.com/watch?v=my4IDzhcbE8'}, {'title': 'Street Photography POV 2024 - Colon Streets Cebu City, Philippines', 'link': 'https://www.youtube.com/watch?v=6pgDcRKjBo0'}]"
Ariel Gitana Photography,https://www.youtube.com/channel/UCnrUU3BKEZjubzg3qdxDkgw,@arielgitanaphotography7256,2019-09-04T13:51:01Z,"{'viewCount': '12274', 'subscriberCount': '161', 'videoCount': '17'}",https://yt3.ggpht.com/ytc/AIdro_lLZDyDUhgtDt1JqAxT6_kMMq1eG49_V1IjKlMADxC6nA=s240-c-k-c0x00ffffff-no-rj,"""Photography Vlog"" ""Photography tutorial"" ""Travel Vlog"" ""Pinoy Vlogger"" ""Filipino Vlogger"" ""Cinematic Video"" ""Videography tutorial"" ""Best Pinoy Vlogger"" ""Best travel Vlog"" ""Best photography vlog"" ""How to shoot landscape"" ""How to shoot portrait"" ""How to shoot Macro"" ""How to shoot Environmental Portrait"" ""How to setup Camera"" ""Camera Setting for landscape"" ""Camera Setting for portrait"" ""What is the best camera setting"" ""How to travel in the Philippines"" ""Best places in the Philippines for photography"" ""Nikon User"" ""Tamron User"" ""Best camera for travel""","[{'title': 'How to edit photos in Adobe Lightroom | Katay', 'link': 'https://www.youtube.com/watch?v=mWRYRzB1-Us'}, {'title': 'Landscape and Travel Photography Compilation | Photo SlideShow', 'link': 'https://www.youtube.com/watch?v=hhcAJSaa-0M'}, {'title': 'Macro Photography with 50mm lens and reverse adapter ring', 'link': 'https://www.youtube.com/watch?v=7zQ5SZwAd5o'}]"
creative photography,https://www.youtube.com/channel/UCSiOH_2664vB7Bsnqwl0ClA,@creativephotography-m3k,2024-06-28T14:08:03.153898Z,"{'viewCount': '241', 'subscriberCount': '4', 'videoCount': '32'}",https://yt3.ggpht.com/3BIcwcvMbkqFl3GPdEteKTzYEb32o2GEkQl0wf-WTcFbGIvKr6HZpJ8UghJyf4TaF8iseer3=s240-c-k-c0x00ffffff-no-rj,"""wedding photography"" ""pre wedding"" ""rice ceremony"" Anniversary ""canvera album printings""","[{'title': 'Bengali wedding video#you tube videos trending video#💝💝💝💝', 'link': 'https://www.youtube.com/watch?v=xAf0yFDw7PA'}, {'title': 'wedding', 'link': 'https://www.youtube.com/watch?v=desQSja0_3c'}, {'title': '1 TEASER', 'link': 'https://www.youtube.com/watch?v=GFKBcNCSzvM'}]"
Easy Clicks,https://www.youtube.com/channel/UCZpqcjGexmy737BCahs-dsQ,@easyclicks-o2n,2025-01-01T17:49:40.990418Z,"{'viewCount': '22680', 'subscriberCount': '21', 'videoCount': '18'}",https://yt3.ggpht.com/1i-qQnkfbheWMtDFXQllf81TJ9QmM3kHN8O5Eieup2SHC3UswC6kDlemeLpW4x-W7AMUMV5K=s240-c-k-c0x00ffffff-no-rj,"""Jordi Koalitic"" ""Ur SmartMaker Shorts"" ""Easy Clicks"" ""JD THECAMERAGUY"" jordikoalitic ""creative photography"" ""photography ideas"" ""photography tricks"" photo inspiration ""photography inspiration"" ""best photography"" ""trending photography"" ""diy hacks"" ""diy ideas"" ""photography at home"" ""photography tricks"" ""photography courses"" ""photography lessons"" ""free photography courses"" ""free photography lessons"" presets ""best photo ideas"" ""photo tips"" ""photo hacks"" ""photo tricks"" aesthetic mobilephotography","[{'title': 'Travel photography with mobile #shorts #photography #travel', 'link': 'https://www.youtube.com/watch?v=mCDqcJz3r18'}, {'title': 'Creative photography tips and tricks with mobile.#shorts #photography #art', 'link': 'https://www.youtube.com/watch?v=9DqwplXwhR0'}, {'title': 'Creative photography ideas and tricks with mobile.#shorts #photography #creative', 'link': 'https://www.youtube.com/watch?v=b8g2nyQ6gFY'}]"
PhilM Photographic,https://www.youtube.com/channel/UCkm8HkkJ5LycPaBaNFDnRyA,@philm,2011-04-09T17:52:36Z,"{'viewCount': '273604', 'subscriberCount': '5610', 'videoCount': '98'}",https://yt3.ggpht.com/3zmErNjpCR7BcW1swxw6EEhTXpsrY6AC5QHwQWP01-DPYxRUST9GstrWxNtuvYuzrBaXUAN5=s240-c-k-c0x00ffffff-no-rj,"Photography ""learn photography"" Fujifilm travel DAVINCI YouTube lighting ""Thomas heaton"" video","[{'title': 'Private jet travel #travel #photography #avgeek flying in a private jet to my photo shoot #jetlife', 'link': 'https://www.youtube.com/watch?v=2-bqM7klo3E'}, {'title': 'Behind the scenes #christmas #photography', 'link': 'https://www.youtube.com/watch?v=MjjlAPd8xN4'}, {'title': 'Behind the scenes #greenscreen photo shoot #photography #cinematography #youtube', 'link': 'https://www.youtube.com/watch?v=IYBJfINGICo'}]"
Ed Verosky,https://www.youtube.com/channel/UCzYoPONSfo9izLEHZKq9V2g,@edverosky,2010-11-15T04:56:31Z,"{'viewCount': '8211426', 'subscriberCount': '81700', 'videoCount': '312'}",https://yt3.ggpht.com/E_mcm1V92z7DSjUrl0B1L2VsT78l4OJkpccCi1y3NJ1dRPi0FivIjwkjPniHdb2x5JLvMWwFSQ=s240-c-k-c0x00ffffff-no-rj,photography tutorials lighting,"[{'title': 'BEST type of battery for FLASH. #photographertips #beginnerphotographer #flashphotography', 'link': 'https://www.youtube.com/watch?v=eMhIeUGCnz0'}, {'title': 'Portrait Lighting Patterns - Flash Photography for Beginners', 'link': 'https://www.youtube.com/watch?v=z0gRLA8UYbk'}, {'title': 'Better than Speedlights?  #photographertips #beginnerphotographer #flashphotography', 'link': 'https://www.youtube.com/watch?v=NVngDi-MRt8'}]"
PRO EDU Photography Tutorials,https://www.youtube.com/channel/UCaof5tcBQSY7f-SceS-_Xog,@proedututorials,2014-04-30T18:30:04Z,"{'viewCount': '12538989', 'subscriberCount': '163000', 'videoCount': '642'}",https://yt3.ggpht.com/ytc/AIdro_mc-0f6EWuZPOTBGR4ETYhN9p-uN_TjKZhB8Q6_CZu-tAc=s240-c-k-c0x00ffffff-no-rj,"pro edu proedu photography photographer gary Martin photoshop photograph education class workflow advanced retouching photos Professional Adobe Lightroom retouch frequency separation lighting portrait ""chris knight"" ""portrait photography"" ""one light portrait photography"" ""portrait photography tips"" ""portrait photography tutorial"" photography portrait lighting","[{'title': '3D Models & CGI Asset Collection | PRO EDU', 'link': 'https://www.youtube.com/watch?v=muG8nIp279k'}, {'title': 'Installing and Using The Gloaming Action - Kate Woodman', 'link': 'https://www.youtube.com/watch?v=QxrLgN7NcAY'}, {'title': 'Interior 3D Architecture Visualization - Dustin Valkema', 'link': 'https://www.youtube.com/watch?v=A1ct_OhGyLY'}]"
SLR Lounge | Photography Tutorials,https://www.youtube.com/channel/UCTSgfO_OkfRX8dm4YhCg3fg,@slrlounge,2010-09-30T00:01:33Z,"{'viewCount': '41754354', 'subscriberCount': '508000', 'videoCount': '1306'}",https://yt3.ggpht.com/ytc/AIdro_m5nzQ519a9h_pCyZOLfUK2zWFV-j6nbNMloj5r2EwjRg=s240-c-k-c0x00ffffff-no-rj,"photography ""photography tutorials"" lightroom ""lightroom tutorials"" photoshop ""photoshop tutorials""","[{'title': 'The No. 1 Marketing Mistake New Business Owners Make #shorts', 'link': 'https://www.youtube.com/watch?v=Fq6-8BG4VKY'}, {'title': 'Stop Buying Gear & Start Building a Business! #shorts', 'link': 'https://www.youtube.com/watch?v=-SoHx-vze4w'}, {'title': 'Real Business, Real Result: A Mentorship That Actually Works #shorts', 'link': 'https://www.youtube.com/watch?v=aiyZ2QUOWKU'}]"
Visual Art Photography Tutorials,https://www.youtube.com/channel/UCS3I7p5rSe3xUXSLiEb8MBA,@visualartphotography,2013-12-31T15:22:51Z,"{'viewCount': '3814176', 'subscriberCount': '47500', 'videoCount': '123'}",https://yt3.ggpht.com/ytc/AIdro_lracxKwNgjnrUduE7HRG4UJS0ntb0k8KDmpBS7RIsxLms=s240-c-k-c0x00ffffff-no-rj,"""photography 101"" ""how to"" pictures pics photography ""photography for beginners"" ""photography tutorials"" tutorials ""visual art photography"" ""Ray Scott"" ""landscape photography"" ""macro photography"" ""camera equipment"" camera lens learning motivation inspiration painterly ""photography tips"" ""photography tips and tricks"" ""camera basics"" dslr ""digital photography"" ""photography basics"" canon nikon sony pentax leica","[{'title': 'Creative Flower Macro Photography With Lupines', 'link': 'https://www.youtube.com/watch?v=gaWlmd2il74'}, {'title': 'Macro Photography Using Tissue In Creative Ways', 'link': 'https://www.youtube.com/watch?v=PMqR7bngXfw'}, {'title': 'Great Macro Photography Equipment Suggestions...MUST SEE!', 'link': 'https://www.youtube.com/watch?v=Iriz3pMCEoY'}]"
Mango Street,https://www.youtube.com/channel/UC5bp5_6h-ZxkBz6S_33ZUVg,@mangostreet,2017-01-09T00:45:11Z,"{'viewCount': '59308709', 'subscriberCount': '1050000', 'videoCount': '362'}",https://yt3.ggpht.com/ytc/AIdro_nzUm0bAfeTQzTExTvZG0i6E8opUrp95nBXxwEWjHcZ54M=s240-c-k-c0x00ffffff-no-rj,"""mango street"" photography tutorial photo tips tricks techniques photographer instagram lightroom premiere video film","[{'title': ""The Most Underrated TV Episode (you've never heard of)"", 'link': 'https://www.youtube.com/watch?v=ztKmGGSCdXE'}, {'title': 'every photographer needs to watch these TV shows', 'link': 'https://www.youtube.com/watch?v=drUvtshC2nE'}, {'title': 'The Subliminal Visuals of Severance', 'link': 'https://www.youtube.com/watch?v=1G_dH3hnhlY'}]"
Jimmy McIntyre,https://www.youtube.com/channel/UCnUOWBfHNpdQjhTPSd3-0cw,@jimmymcintyre,2010-03-02T06:50:48Z,"{'viewCount': '6689194', 'subscriberCount': '84600', 'videoCount': '129'}",https://yt3.ggpht.com/ytc/AIdro_lLMvhsbcj7IM_tpeJxoTAz6WAShEw6Gbl8c6pCrPmWVSw=s240-c-k-c0x00ffffff-no-rj,"photography ""photography tutorials"" ""photoshop tutorial"" ""photography beginners"" ""luminosity masks"" ""digital blending"" hdr","[{'title': 'The Lake District Boathouse Edit | Photoshop Landscape', 'link': 'https://www.youtube.com/watch?v=VxxPUw6SWvY'}, {'title': 'Four Ways To Exposure Blend', 'link': 'https://www.youtube.com/watch?v=j3o3F5oZvT4'}, {'title': 'Common Errors With Exposure Blending', 'link': 'https://www.youtube.com/watch?v=nDpJD6hPmZQ'}]"
Photography Pro,https://www.youtube.com/channel/UC9n0tUXP7QB5ALfg3PFO19A,@photographypro,2017-08-14T11:26:23Z,"{'viewCount': '13991957', 'subscriberCount': '303000', 'videoCount': '24'}",https://yt3.ggpht.com/ytc/AIdro_kXXtW0kXtvRN3KCI4zSWjIUASNmMp28aShwkKCR26NHw=s240-c-k-c0x00ffffff-no-rj,"""Photography Tips"" ""Photography Tutorials"" photography ""photography mistakes"" ""photography hacks"" posing ""DIY photography tips"" vs ""photo ideas"" ""photo hacks"" ""peter mckinnon""","[{'title': '5 Simple Shortcuts For Stunning Photos', 'link': 'https://www.youtube.com/watch?v=iimwarhuIe4'}, {'title': '9 Powerful Photo Editing Techniques', 'link': 'https://www.youtube.com/watch?v=OwAeWmnjH8Y'}, {'title': '3 Advanced Techniques For Stunning Photos', 'link': 'https://www.youtube.com/watch?v=7CNu53gJvZI'}]"
2-Minute Photography Tutorials,https://www.youtube.com/channel/UCqVzptQx3IeYMVMKhsIPIbQ,@2minutephotographytutorials,2020-07-21T08:28:16.95373Z,"{'viewCount': '164678', 'subscriberCount': '2950', 'videoCount': '106'}",https://yt3.ggpht.com/ytc/AIdro_l1W6fAIdpq1WsUaXzHUMn1lzS0M_vIyDDGnRZk3jz2ASk=s240-c-k-c0x00ffffff-no-rj,Photography tutorials photoshop beginners,"[{'title': 'Add Drama to a Flat Cloud Inversion | Photoshop Tutorial', 'link': 'https://www.youtube.com/watch?v=XDIg3d36tWY'}, {'title': 'Faking a Long Exposure from a single image | Photoshop Trick', 'link': 'https://www.youtube.com/watch?v=uaalsTTnPEE'}, {'title': 'Epic Ice Cave Edit | Photoshop Tutorial', 'link': 'https://www.youtube.com/watch?v=dWo6k_jPJRc'}]"
Paul Miguel Photography,https://www.youtube.com/channel/UCT4ayjczXZheY1rKleQ1amg,@paulmiguelphotography,2017-04-13T15:01:18Z,"{'viewCount': '5265601', 'subscriberCount': '42900', 'videoCount': '338'}",https://yt3.ggpht.com/W2ErzGW-XlP_z1BMsHrz3riaTjr2I36U-81OpT9UNqkZfHXLtRgYgyKUlGuczMhZRzVqkfC94Q=s240-c-k-c0x00ffffff-no-rj,"""wildlife photography"" ""bird photography"" ""paul miguel photography"" ""wildlife photography tutorials"" ""bird photography tutorials"" ""wildlife photography canon"" ""in the field wildlife photography vlogs""","[{'title': 'How to Shoot Through Branches - Bird Photography Focus Tips (Fixing a Common Problem)', 'link': 'https://www.youtube.com/watch?v=PJCqcsfim3M'}, {'title': 'Spring Bird Photography on the Moors - How to Photograph Birds from a Car', 'link': 'https://www.youtube.com/watch?v=gjRkPGOQpRM'}, {'title': 'Shooting Into The Light for My Best Photos of Wild Rabbits (Camouflage, Fieldcraft, Approach)', 'link': 'https://www.youtube.com/watch?v=NWM32302i0k'}]"
Photography Tutorials,https://www.youtube.com/channel/UCUQlAAnBLpqf37mn0_eHsKw,@photographytutorials,2016-11-15T11:47:23Z,"{'viewCount': '0', 'subscriberCount': '5640', 'videoCount': '0'}",https://yt3.ggpht.com/ytc/AIdro_kv7XM2ysmFG5O6qCoyfmQPDRcBCtK4EBMKPx8tfhNAdg=s240-c-k-c0x00ffffff-no-rj,"""Photography Tutorials"" ""Photography Tutorials for Beginners"" ""Photoshop Tutorials"" ""free online photography course"" ""SLR Lounge Photography Tutorials"" “Adorama” ""B and H"" ""Thomas Heaton"" ""Matt Granger"" ""Jared Polin"" ""Photography tips"" ""Photography tutorial"" ""Photography for beginners"" ""Photography documentary"" ""Photography hacks"" ""Photography ideas"" ""Photography tricks"" ""Photography composition"" “Jason Lanier”","[{'title': 'Landscape Photography with Wide-angle Lens', 'link': 'https://www.youtube.com/watch?v=598AsHFBfdI'}]"
Julia Trotti,https://www.youtube.com/channel/UCxbCDVe8TuzLbPFnxlC55Nw,@juliatrotti,2010-02-25T01:22:52Z,"{'viewCount': '57011809', 'subscriberCount': '646000', 'videoCount': '585'}",https://yt3.ggpht.com/ytc/AIdro_lbJJg7OljQS2joinVSD6inmI5xKqjfv7BidCDYZFFOoYsS=s240-c-k-c0x00ffffff-no-rj,portrait photography tutorials lightroom photoshop fashion travel vlog,"[{'title': 'The Best Telephoto Lens for TRAVEL', 'link': 'https://www.youtube.com/watch?v=1YS1Hxxp5kk'}, {'title': 'Sony 50-150mm F2 GM Review - GOODBYE Primes', 'link': 'https://www.youtube.com/watch?v=yDKzANZxrf4'}, {'title': 'How to Shoot Manual Mode EASY Tutorial with Examples', 'link': 'https://www.youtube.com/watch?v=ZPYkX2FquDc'}]"
Kunal Chakladar Photography,https://www.youtube.com/channel/UCh9YINba03KN-A60jYW4Kbg,@kunalchakladarphotography,2021-03-25T15:06:04.576475Z,"{'viewCount': '551706', 'subscriberCount': '9390', 'videoCount': '76'}",https://yt3.ggpht.com/a_0un-pR4VpPxKHD7JRpPV21YHr9TKgRSdAZRSgMKViTX02hjHMRgp2s1pvCAWpLiwj9g8-F2A=s240-c-k-c0x00ffffff-no-rj,"""kunal chakladar photography"" ""kunal chakladar"" ""photography tutorials"" ""kunal chakladar videos"" ""kunal photography"" ""chakladar photography"" ""kunal chaklader photography"" ""kulan chakladar photography"" ""photography tutorial in hindi"" ""Off camera flash"" ""Off camera flash photography"" ""flash photography"" Godox ""Godox ad200"" ""flash photography in hindi"" ""Flash photography for beginners"" ""flash photography hindi""","[{'title': 'How to Color Grade Nikon N-Log to Rec709 in DaVinci Resolve Like a Pro in Hindi (Easy Guide)', 'link': 'https://www.youtube.com/watch?v=yWjFfKczqZY'}, {'title': 'Outdoor Off Camera Flash Photography (EASY WAY) for Beginners using Godox Ad200 in Hindi', 'link': 'https://www.youtube.com/watch?v=UvMUOcYZl3I'}, {'title': '3 ADVANCED Outdoor Flash Photography Lighting Setups TRY NOW', 'link': 'https://www.youtube.com/watch?v=uXns1EIoMT8'}]"
Photography Tutorials,https://www.youtube.com/channel/UC6SE2E-GcUQqfxGsWOe3EoQ,@photographytutorials1903,2021-08-29T01:23:53.304598Z,"{'viewCount': '535', 'subscriberCount': '9', 'videoCount': '15'}",https://yt3.ggpht.com/OgRIb3NzGmgvq3NbjadEf3FfaX2tOKU1trn6wckIUUNNnzczJiJhqqzwq6EBHQ9988LF82Vq=s240-c-k-c0x00ffffff-no-rj,"photography ""photography tutorials"" ""photography training""","[{'title': ""What's In My Camera Bag"", 'link': 'https://www.youtube.com/watch?v=Om0Tve4ndEM'}, {'title': 'How I Edit Landscape Photos Part 2', 'link': 'https://www.youtube.com/watch?v=ATxLp4QcjDc'}, {'title': 'How I Edit Landscape Photos Part 1', 'link': 'https://www.youtube.com/watch?v=1v9-ijEMI78'}]"
Photography Tutorials,https://www.youtube.com/channel/UCQwprocW1thoVjzCNCFNenA,@photographytutorials8295,2013-08-16T15:46:51Z,"{'viewCount': '10', 'subscriberCount': '3', 'videoCount': '1'}",https://yt3.ggpht.com/ytc/AIdro_ncvYKjY-BDJENL2XdHdpcOqHVgIkOah0azqit4jLzjIw=s240-c-k-c0x00ffffff-no-rj,,"[{'title': 'An Example Of Simple Photo Manipulation', 'link': 'https://www.youtube.com/watch?v=SaGB5PC-8kc'}]"
Gina Milicia Photography Tutorials,https://www.youtube.com/channel/UCRqJ36ksszWHI4r6m5YXPXA,@ginamiliciatutorials,2022-02-03T22:51:10.208954Z,"{'viewCount': '81499', 'subscriberCount': '1280', 'videoCount': '273'}",https://yt3.ggpht.com/9eg3HNTQA8MXRqgiqFWa72Y0ErVZC0c-XW2qw1HrGC5A9ozDufpZzUIRqmCAOqldqBUBFf-l=s240-c-k-c0x00ffffff-no-rj,,"[{'title': 'Cinemagraphs for beginners to advanced', 'link': 'https://www.youtube.com/watch?v=tHdgCG3t89M'}, {'title': 'Classic Car Portrait', 'link': 'https://www.youtube.com/watch?v=X1na3hw0_fE'}, {'title': 'Exposing for skintone vs exposing for highlights', 'link': 'https://www.youtube.com/watch?v=GoEsL64EZ_8'}]"
Richard Barley Photography Tutorials & Reviews,https://www.youtube.com/channel/UCyzNq7pEa8fJVAnPbKSMqzw,@richardbarleyphoto,2008-07-07T20:23:22Z,"{'viewCount': '1440557', 'subscriberCount': '6240', 'videoCount': '135'}",https://yt3.ggpht.com/ytc/AIdro_kHhcnJfMhZNpbTGexUW-0DU3IYfAC_UOf-sfbjA6wfIFU=s240-c-k-c0x00ffffff-no-rj,"""photography training"" ""photography courses"" ""wedding photography training"" ""abobe lightroom"" photoshop tipsadobe lightroom barley photography ""richard barley"" ""canon 5d classic"" ""canon 5d mk1"" 5d classic ""canon camera reviews"" ""camera lens reviews"" ""photography tips"" ""photography tutorials"" ""canon l series lens reviews"" ""professional camera reviews"" ""canon eos reviews"" ""canon camera reviews"" ""photography equipment reviews"" ""canon 5d reviews"" ""canon 6d reviews"" ""canon 80d reviews""","[{'title': 'Viltrox H18 18W  RGB LED LIGHT', 'link': 'https://www.youtube.com/watch?v=gTTdJ1GDpY0'}, {'title': 'Weeylite S05 Review - RGB Compact Travel & Studio Light', 'link': 'https://www.youtube.com/watch?v=9x8PpYpzrDY'}, {'title': '2022 Whats in the Bag? Wedding photography equipment list', 'link': 'https://www.youtube.com/watch?v=iQ170hcEtfo'}]"
Architecture Photography Tutorials,https://www.youtube.com/channel/UCb5L8wiPwfBDzoiNe8AOsnw,@architecturephototutorials,2023-04-13T17:20:59.483014Z,"{'viewCount': '8908', 'subscriberCount': '160', 'videoCount': '12'}",https://yt3.ggpht.com/xQdGcRXXRN1JfrlhH_g_ma0pbAdP4_FcoSp3qs4E9wOL_wFVeLPLVOQQGquduW3MI-08t4nZ=s240-c-k-c0x00ffffff-no-rj,,"[{'title': 'Photoshop Quick Hits Tutorial - Selecting Pixels', 'link': 'https://www.youtube.com/watch?v=3fh0URLV_es'}, {'title': 'Photoshop Quick Hits Tutorial - Frosted Glass for Interior Windows', 'link': 'https://www.youtube.com/watch?v=Wcdg17spG_0'}, {'title': 'Introduction to Architecture Photography Tutorials', 'link': 'https://www.youtube.com/watch?v=D8MectIF5Zc'}]"
Photography Tutorials,https://www.youtube.com/channel/UCJ4I9EW9Dg5OXOUbX2vYZfQ,@photography-tutorials,2006-08-05T19:02:29Z,"{'viewCount': '2527', 'subscriberCount': '12', 'videoCount': '5'}",https://yt3.ggpht.com/ytc/AIdro_mudJBOukNXf6EwU9s9qkSmrQeXVMInDb6nJZWhI4Ee75BBlCMMDWOLtD2fTJpyUniYrg=s240-c-k-c0x00ffffff-no-rj,,"[{'title': 'IBM Model F Reproduction vs Silenced Realforce Topre 55g', 'link': 'https://www.youtube.com/watch?v=Jrt8-P-AbV0'}, {'title': 'TF2 - Saharan Spy - Frontier', 'link': 'https://www.youtube.com/watch?v=QvXFprZ2ScY'}, {'title': 'TF2 - Borneo Saharan Spy (Nobody Ever Pays Attention)', 'link': 'https://www.youtube.com/watch?v=_NdJ2O9Nt88'}]"
photography  tutorials,https://www.youtube.com/channel/UC2FSOTDbe9IwvSCh0O_Q7dw,@photographytutorials6586,2012-10-05T10:51:20Z,"{'viewCount': '1109', 'subscriberCount': '49', 'videoCount': '31'}",https://yt3.ggpht.com/3NOTS94Xag69h0bmzZQfw6QporaQ-csaFagVp6zAGOjlEzkoYiNPcA-l8cIIsiZUQeohUr2v=s240-c-k-c0x00ffffff-no-rj,,"[{'title': 'Tourists from different regions of country enjoying the landscape of sonamarg .', 'link': 'https://www.youtube.com/watch?v=rrnQ6UqnEkc'}, {'title': 'tourists enjoying horse ride while moving towards glacier at sonamarg kashmir', 'link': 'https://www.youtube.com/watch?v=orQN0mDuawY'}, {'title': 'Mesmerizing beauty of sonamarg kashmir', 'link': 'https://www.youtube.com/watch?v=Q36DSdiRDdM'}]"
Photography Tutorials,https://www.youtube.com/channel/UCt8p5e2ZV1Vp0mIT0UfXS4Q,@photographytutorials3499,2018-03-06T02:39:37Z,"{'viewCount': '8', 'subscriberCount': '0', 'videoCount': '1'}",https://yt3.ggpht.com/ytc/AIdro_mZ8WH4Aa0OcF1ph7UePFcBlrYhGp2-qkcOo5qpIzY=s240-c-k-c0x00ffffff-no-rj,,"[{'title': 'Tamil tutorials 01.menu', 'link': 'https://www.youtube.com/watch?v=YrXYZHTyXqg'}]"
Camera Talk,https://www.youtube.com/channel/UClpsGhEazzXbNyVzkxbL8mg,@cameratalkvideos,2023-02-26T14:21:18.157363Z,"{'viewCount': '108360', 'subscriberCount': '1120', 'videoCount': '116'}",https://yt3.ggpht.com/ds1dqPqFPiMP7TzgcagWywba-YSAqqr_mhnf9mEB-W_7SF6A5aRqPONRntyIy7mPUBy8mMYQyNM=s240-c-k-c0x00ffffff-no-rj,"photography cameras film ""digital photography"" ""film photography"" composition art entertainment ""camera talk"" ""classic cameras"" ""folding cameras""","[{'title': ""Nikon FE: As Good as the FM? Some Say, 'No' - Camera Talk"", 'link': 'https://www.youtube.com/watch?v=jwafkIOpXyA'}, {'title': 'Kilfitt Makro Kilar: Optical Excellence from Lichtenstein - Camera Talk', 'link': 'https://www.youtube.com/watch?v=FG508OrLoFk'}, {'title': 'Pentax SLRs: Do You Know About This Undocumented Feature? - Camera Talk', 'link': 'https://www.youtube.com/watch?v=NeXreKsfTHM'}]"
Christopher Frost,https://www.youtube.com/channel/UCxoyIXANauK4cEfy0Wc09IA,@christopherfrost,2007-10-31T01:54:36Z,"{'viewCount': '132485440', 'subscriberCount': '356000', 'videoCount': '1146'}",https://yt3.ggpht.com/0h6AY19Mc0UXMLLgqFmEp27cLQ4f2AFr7IxjtjM_vuQd-P0guOfydNCtaUzFOrZJwi7WrKSz=s240-c-k-c0x00ffffff-no-rj,God and Photography,"[{'title': ""Full Review | Canon RF 50mm f/1.4 'L' VCM"", 'link': 'https://www.youtube.com/watch?v=r4Bf780Ui9M'}, {'title': 'Fujifilm GF 45-100mm f/4 R LM OIS WR lens review', 'link': 'https://www.youtube.com/watch?v=3pXMLX1Qkos'}, {'title': '7Artisans AF 35mm f/1.4 X (APS-C) lens review', 'link': 'https://www.youtube.com/watch?v=1sEoXGwaJng'}]"
Camera Club Live,https://www.youtube.com/channel/UCzxrJKoiArcfvgIEm7SKNoQ,@cameraclublive,2020-08-07T13:37:34.504009Z,"{'viewCount': '1964102', 'subscriberCount': '26800', 'videoCount': '239'}",https://yt3.ggpht.com/ytc/AIdro_l21AbSE4bXelwFz_Pi6z0LXNBJwHReDa5cCJb7NaUgCg=s240-c-k-c0x00ffffff-no-rj,,"[{'title': 'Art photography Repeat transformation in photoshop', 'link': 'https://www.youtube.com/watch?v=FNNdi1dghFE'}, {'title': 'Simple graduated background photography', 'link': 'https://www.youtube.com/watch?v=Uhl3XARPZD4'}, {'title': 'Flowers plants studio photography', 'link': 'https://www.youtube.com/watch?v=n0xVKf2kwjg'}]"
Photography Cameras,https://www.youtube.com/channel/UCd-YVPacZkZRynCiq0cl4zw,@photographycameras4728,2021-09-19T10:32:43.080378Z,"{'viewCount': '5', 'subscriberCount': '1', 'videoCount': '1'}",https://yt3.ggpht.com/V67e4LbjHsVYK8Z5VxNeJVknlGD8EbXiNKbZzi_YrIfAdsx6Mc2AyB1FSNsLVA-Ngqd8JaCe=s240-c-k-c0x00ffffff-no-rj,,"[{'title': '#money_attitude_ #shorts', 'link': 'https://www.youtube.com/watch?v=OmaMD1ID50s'}]"
Kai W,https://www.youtube.com/channel/UCknMR7NOY6ZKcVbyzOxQPhw,@kaimanwong,2013-04-02T10:08:07Z,"{'viewCount': '95347022', 'subscriberCount': '956000', 'videoCount': '431'}",https://yt3.ggpht.com/9iIPgScVa5nIVXimd_jRgPRNmeimCN-oJhpl1eWLSxGruTshSDwhrA5K72PE8vE_0HZoIfitqQ=s240-c-k-c0x00ffffff-no-rj,"Kai ""Kai W"" ""Kai Man Wong"" ""Kai Wong"" ""Super Bokeh Bros"" ""Boke Bros"" ""Lok Cheung"" Lok","[{'title': 'Polaroid Flip - This Is The Polaroid Camera to Go For', 'link': 'https://www.youtube.com/watch?v=CVECzVf-SO8'}, {'title': 'Nikon Z5 II - More Camera for Less Money!', 'link': 'https://www.youtube.com/watch?v=II0rq2NHOBg'}, {'title': 'Leica Summilux-M 50mm f/1.4 - A Modern Classic', 'link': 'https://www.youtube.com/watch?v=CIjz-9dO0Fk'}]"
Tony & Chelsea Northrup,https://www.youtube.com/channel/UCDkJEEIifDzR_2K2p9tnwYQ,@tonyandchelsea,2007-01-22T13:43:45Z,"{'viewCount': '270593711', 'subscriberCount': '1650000', 'videoCount': '1773'}",https://yt3.ggpht.com/n5vslyoaHX3S1IcNr_q0Eg9ZsCOXpHmEVxGuNe-MK5ml63ymt6R6_5SRxJJcPvY0xpdgJCZ6JA=s240-c-k-c0x00ffffff-no-rj,Photography Tech Tutorials reviews Camera,"[{'title': 'The Best RAW Photo Editor You’ve NEVER Heard Of (Until Now)!', 'link': 'https://www.youtube.com/watch?v=bf3v7HaPC3I'}, {'title': 'ASK US ANYTHING!!', 'link': 'https://www.youtube.com/watch?v=2_3Wrb9RQtY'}, {'title': 'CHINA TARIFFS: The REAL Reason Fuji CANCELLED Orders', 'link': 'https://www.youtube.com/watch?v=NKPdTLsaxEM'}]"
Camera Conspiracies,https://www.youtube.com/channel/UCwxgo62w72LxZDA1fTibdYg,@cameraconspiracies,2013-11-04T23:22:44Z,"{'viewCount': '40284068', 'subscriberCount': '167000', 'videoCount': '1399'}",https://yt3.ggpht.com/ytc/AIdro_kW6GbVYHjp86GpuTl7gs3k1lOMiGldwTvYNDHhT0voqk4=s240-c-k-c0x00ffffff-no-rj,,"[{'title': ""5 Best Wildlife Setups You Haven't Thought Of"", 'link': 'https://www.youtube.com/watch?v=aGBQ2P_PrLA'}, {'title': 'Cam Mackey Made The Most Cinematic Light Possible', 'link': 'https://www.youtube.com/watch?v=V-8orP1sQyc'}, {'title': ""Why You'll Inevitably End Up With a Mac"", 'link': 'https://www.youtube.com/watch?v=OmUxD9P-AqQ'}]"
Photography Online,https://www.youtube.com/channel/UCPGVcUjuoNmZopQcMsoo1Ww,@photographyonline,2018-08-24T20:01:30Z,"{'viewCount': '3876611', 'subscriberCount': '62900', 'videoCount': '108'}",https://yt3.ggpht.com/ytc/AIdro_lhI2v2-E9kmDyDYGIzQ1CJeZ501e5XrN72pOvKrKaYhlA=s240-c-k-c0x00ffffff-no-rj,"Photography ""Landscape photography"" ""wildlife photography"" ""photography tips"" ""learn photography"" ""photography tuition"" ""photography lessons"" ""Isle of Skye"" Scotland ""Travel photography"" ""photo editing"" ""Digital photography"" ""Film photography"" cameras ""take better photos""","[{'title': 'Does Camera Resolution Really Matter? | How to Judge Exposure by Eye! | Photographing a Bagpiper', 'link': 'https://www.youtube.com/watch?v=O0PpGp9rl34'}, {'title': 'Photography Online Podcast - April 2025', 'link': 'https://www.youtube.com/watch?v=tbNknUvgXfA'}, {'title': 'How to Accurately Judge Exposure Using Only Your Eyes | Pro Print Lab Test | Steam Train Photo Shoot', 'link': 'https://www.youtube.com/watch?v=wxOkhv3ZD1o'}]"
Park Cameras,https://www.youtube.com/channel/UC2Wkp2DC5mwDu6L_157jrhg,@parkcameras,2009-04-02T12:56:51Z,"{'viewCount': '10398746', 'subscriberCount': '49300', 'videoCount': '868'}",https://yt3.ggpht.com/ytc/AIdro_nJPZsFqL_Cp3h_cDybkisvD9Tj0oik_JsD2QWRaKyw_A=s240-c-k-c0x00ffffff-no-rj,"Photography Cameras Reviews ""Hands-On First Look"" lenses ""photography tutorials"" tutorials videography canon sony nikon panasonic ""camera reviews"" photo","[{'title': 'Make Your Bird Photos STUNNING in Lightroom Classic! | Tutorial Tuesday', 'link': 'https://www.youtube.com/watch?v=JUlksJ363eY'}, {'title': 'The Ultimate Gear Guide For Shooting Content', 'link': 'https://www.youtube.com/watch?v=CfHTYq-QHrc'}, {'title': 'Lightroom Makes It SUPER EASY To Make Your Subject Pop | Tutorial Tuesday', 'link': 'https://www.youtube.com/watch?v=g7zjaWavxnw'}]"
Wex Photo Video,https://www.youtube.com/channel/UCF2Y92xJORglC1xLO_zyObQ,@wexphotovideo,2009-04-28T09:31:16Z,"{'viewCount': '31490639', 'subscriberCount': '123000', 'videoCount': '1448'}",https://yt3.ggpht.com/ytc/AIdro_l_y0Cj7liLoKDeq-TSZaVwfwjnDWAzRzIk6kaT3yGGsW0=s240-c-k-c0x00ffffff-no-rj,"cameras photography mirrorless DSLR video filmmaking videography ""wex photo video"" ""wex photographic"" photo ""photo gear"" sony canon nikon lumix panasonic hasselblad olympus calumet tutorials technique how-to","[{'title': 'Review | Nikon Z5 II', 'link': 'https://www.youtube.com/watch?v=CS3JhLNGu5A'}, {'title': 'In Conversation | with Ellie Rothnie on Photography', 'link': 'https://www.youtube.com/watch?v=OoXotjLIIEM'}, {'title': 'Review | Sony FE 50-150mm f2 G Master Lens', 'link': 'https://www.youtube.com/watch?v=3XvQLbJ7IiM'}]"
OMSYSTEM.Cameras,https://www.youtube.com/channel/UCOEymkD9VnWM5dZHj08EZVA,@omsystemcameras,2008-03-13T16:07:42Z,"{'viewCount': '6050657', 'subscriberCount': '70700', 'videoCount': '660'}",https://yt3.ggpht.com/F-XdJ1Ll7uG06FTDQzsVTofHl8be8uPTt-yluq9NKQXFB6Bp3lwVhgBYe3paGOSoL7wgaHH-=s240-c-k-c0x00ffffff-no-rj,"olympus getolympus ""digital cameras"" PEN ""DSLR Micro Four Thirds"" OM-D E-M5 ""om system"" om-1 om-5 m.zuiko ""outdoor photography"" ""compact camera"" omsystem cameras lenses microfourthirds","[{'title': 'Česky | Wildlife fotografie s vítězem soutěže Czech Nature Photo Junior, Matyášem Mutinou', 'link': 'https://www.youtube.com/watch?v=embs0n8W-kI'}, {'title': 'English | Ask me anything: Macro photography', 'link': 'https://www.youtube.com/watch?v=wADKw939Kog'}, {'title': 'Exploring with the OM SYSTEM OM-5 | Episode 4: Look Closer', 'link': 'https://www.youtube.com/watch?v=LjBAmWq8oPI'}]"
The Art of Photography,https://www.youtube.com/channel/UC7T8roVtC_3afWKTOGtLlBA,@theartofphotography,2008-12-03T02:50:33Z,"{'viewCount': '80736959', 'subscriberCount': '871000', 'videoCount': '1123'}",https://yt3.ggpht.com/B9rVaKTF4BWLP35jXcok0fKlRzjR1pW54vh-prcqzB8yvSpu-JsFOVBNwKH_0CqADrBrxZoM=s240-c-k-c0x00ffffff-no-rj,"photography ""camera reviews"" tutorials lessons","[{'title': 'Photographing the Abstract', 'link': 'https://www.youtube.com/watch?v=KkrFpCQNlgY'}, {'title': 'Sony 50-150mm f/2 :: Damn this is good…', 'link': 'https://www.youtube.com/watch?v=jJQh0wKEOVg'}, {'title': 'The Camera Tariff Situation - from an actual store owner', 'link': 'https://www.youtube.com/watch?v=2-_uk2OrcnQ'}]"
TheCameraStoreTV,https://www.youtube.com/channel/UCqpOf_Nl5F4tjwlxOVS6h8A,@thecamerastoretv,2010-02-05T20:25:01Z,"{'viewCount': '84133882', 'subscriberCount': '337000', 'videoCount': '685'}",https://yt3.ggpht.com/ytc/AIdro_kjMEwD6ubsDQyN1O6BXmcKP6GvWovNU2avddh1fDIEj0I=s240-c-k-c0x00ffffff-no-rj,"""camera store"" photography cameras ""canon cameras"" ""nikon cameras"" ""photography reviews"" ""photography tutorials"" calgary chris niccolls jordan drake ""the camera store"" Calgary ""panasonic cameras"" ""sony camera"" fujifilm ""Evelyn drake"" ""Dave Paul""","[{'title': 'Hands-On With The Sony 50-150mm F2 GM Lens', 'link': 'https://www.youtube.com/watch?v=b0g9-O6qqLw'}, {'title': 'Insta360 X5 Hands-On First Impressions', 'link': 'https://www.youtube.com/watch?v=KWTlBL4pFUg'}, {'title': 'Get an extra 1 year warranty with Sony', 'link': 'https://www.youtube.com/watch?v=BcJVVYSnlUA'}]"
Andrew Goodcamera,https://www.youtube.com/channel/UCBP4ONfugOhpI5juBKE_PTg,@andrewgoodcamera,2016-07-26T01:58:37Z,"{'viewCount': '17605276', 'subscriberCount': '92200', 'videoCount': '327'}",https://yt3.ggpht.com/X99Wa_L2Imui0zxYMLAcAfIhtOQ-Egh9A5wVen3roRTziOwAvyZlnZqgNKAHvi-gDYyVuFCp9TU=s240-c-k-c0x00ffffff-no-rj,"photography fuji fujifilm street photograph reviews gear denae andrew branch photo duel utah southern film gfx ""documentary photography"" ""event photography""","[{'title': ""Nikon Zf: 10 Things Everyone Hates (And Why I'd Buy It Again Anyway)"", 'link': 'https://www.youtube.com/watch?v=EoQ1jriV7Vg'}, {'title': 'Does Photography Relieve Stress or Create It?', 'link': 'https://www.youtube.com/watch?v=b6JxxixYrJ8'}, {'title': 'forced to quit', 'link': 'https://www.youtube.com/watch?v=MCTio3TxbNA'}]"
Dan Watson,https://www.youtube.com/channel/UCZUaaalM0k4QrB0ID2k3GwQ,@learningcameras,2011-04-12T13:33:09Z,"{'viewCount': '36938269', 'subscriberCount': '205000', 'videoCount': '465'}",https://yt3.ggpht.com/IlKrUwW0AzYxOTo3ZTZdZAtEcmjEUHazWlxuzYHS_iCK4PgyXoZPNoRPNe9VgPe9maSRHrTX1A=s240-c-k-c0x00ffffff-no-rj,"""dan watson"" ""learning cameras"" ""camera reivews"" ""lens reviews"" reviews dslr mirrorless lenses canon nikon sony cameras","[{'title': 'These Features Will Revolutionize Your Editing | Logitech MX Creative Console Breakdown', 'link': 'https://www.youtube.com/watch?v=hjDcv5m_MVo'}, {'title': ""Amazon's Most Popular Mirrorless Camera is a SONY...Is it Any Good?"", 'link': 'https://www.youtube.com/watch?v=cMHiwNKUpRI'}, {'title': 'How I Bought a Pro Camera for $3 Per Month', 'link': 'https://www.youtube.com/watch?v=cSptGdLRRkU'}]"
Wilkinson Cameras,https://www.youtube.com/channel/UCF-EM5pNDVJf6xXnEXOlg4w,@wilkinsoncameras,2013-11-15T16:11:32Z,"{'viewCount': '2742383', 'subscriberCount': '10200', 'videoCount': '343'}",https://yt3.ggpht.com/ytc/AIdro_m8K2_puXuz_16eDkHBDRLZ3y0kq35d0PCRWiita3YiHDY=s240-c-k-c0x00ffffff-no-rj,Photography film making filmmaking reviews how to photo Canon Nikon Panasonic Olympus,"[{'title': 'Exciting new Canon RF 75-300mm F4-5.6 📷 #Canon #CanonRF #CanonLens #Photography #Nature', 'link': 'https://www.youtube.com/watch?v=9P8_clnGCqA'}, {'title': 'VLOG | Fujifilm X Summit 2025 featuring NEW GFX100RF!', 'link': 'https://www.youtube.com/watch?v=KXsSVLE7L80'}, {'title': 'Review | Fujifilm Instax Mini 41 - Fun or Fluff? 👀', 'link': 'https://www.youtube.com/watch?v=DoAV6PV_pBk'}]"
Gordon Laing,https://www.youtube.com/channel/UCmjNQjjxPOP9jMTQAqaP1PQ,@cameralabs,2006-09-01T08:45:31Z,"{'viewCount': '75627906', 'subscriberCount': '245000', 'videoCount': '637'}",https://yt3.ggpht.com/ytc/AIdro_n8u9rk7XtPFjIl2mpSHUKXdErNBWt5iD53hKowbLrW4L49=s240-c-k-c0x00ffffff-no-rj,Camera reviews DSLR mirrorless Lens Canon Nikon Panasonic Sony Fujifilm Cameralabs,"[{'title': 'Sigma 300-600mm f4 REVIEW : low(er) cost super-telephoto!', 'link': 'https://www.youtube.com/watch?v=uGD4lDT4ydI'}, {'title': 'Sony FE 50-150mm f2 GM REVIEW : portrait paradise!', 'link': 'https://www.youtube.com/watch?v=Njq8txu4AA8'}, {'title': 'instax mini 41 REVIEW : low-cost but grown-up instant camera!', 'link': 'https://www.youtube.com/watch?v=AifcyUodmXA'}]"
Campkins Cameras,https://www.youtube.com/channel/UCZraLgOl0JyJNP0ZlfJk_aA,@campkins-cameras,2014-08-18T12:19:03Z,"{'viewCount': '133077', 'subscriberCount': '440', 'videoCount': '194'}",https://yt3.ggpht.com/6Vkzn1OfXtcqNDuGUTsWYBmbIRhrNyNQIPiC1QJ-__Xlkz-S3ofmUgEDaxjEUipcU7LlNHiTUw=s240-c-k-c0x00ffffff-no-rj,Every Photographers Assistant by Campkins Cameras,"[{'title': 'Happy Christmas!', 'link': 'https://www.youtube.com/watch?v=0ACnoN6_SF4'}, {'title': 'Campkins Final Workshop of 2024! Be there!', 'link': 'https://www.youtube.com/watch?v=8_aT9_5uhOw'}, {'title': 'Tamron 11 20mm F2 8 Di III A RXD Lens for Canon RF Mount', 'link': 'https://www.youtube.com/watch?v=KFLjwmIbEUg'}]"
Shutterbug 101,https://www.youtube.com/channel/UCIz-Z2q7DC6EbN5gC1HXWGA,@shutterbug101,2019-04-29T15:39:00Z,"{'viewCount': '2646485', 'subscriberCount': '20200', 'videoCount': '199'}",https://yt3.ggpht.com/ytc/AIdro_kDI4f4GmlcbxqWT2wEUxKZC4Lh3HqG9prAosAV3DVZFg=s240-c-k-c0x00ffffff-no-rj,Photography; Canon; Nikon; Sony; Panasonic; Olympus; camera; lens; tutorial;,"[{'title': 'Vlog #28 The Search for the White Raven', 'link': 'https://www.youtube.com/watch?v=K224yALcQFk'}, {'title': 'Full Menu Walkthrough: Sony (Old & New)', 'link': 'https://www.youtube.com/watch?v=Vf6gyiBqbPE'}, {'title': 'Goodbye, Amazon!', 'link': 'https://www.youtube.com/watch?v=P8WgUorlL4s'}]"
CanonUSA,https://www.youtube.com/channel/UCvqs9r3h9dh87lRHSatDpNg,@canonusa,2012-07-12T20:22:04Z,"{'viewCount': '101422555', 'subscriberCount': '492000', 'videoCount': '2609'}",https://yt3.ggpht.com/0gdEAbAxxtKQDnMTxwW45nbXbX97ro5podhiASp6_4MHv4G1_xAhVJlZAb0gqioohLgRrMO1qw=s240-c-k-c0x00ffffff-no-rj,camera digital digicam photography photo photos photog optics portrait eos dslr lens powershot elph camcorder vixia cannon color printers Pixma MG 6120,"[{'title': '5 Reasons to Upgrade to the Canon EOS R5 Mark II for Video', 'link': 'https://www.youtube.com/watch?v=1IDSS6Wr18M'}, {'title': 'Reasons to Upgrade to the Canon EOS R1', 'link': 'https://www.youtube.com/watch?v=OXC86yzIO50'}, {'title': 'Still Photography Reasons to Upgrade to the Canon EOS R5 Mark II', 'link': 'https://www.youtube.com/watch?v=6GCS0-myyPY'}]"
Simon d'Entremont,https://www.youtube.com/channel/UCH6acC9jnug-mI4vdGvuDbA,@simon_dentremont,2013-08-25T22:52:33Z,"{'viewCount': '37263503', 'subscriberCount': '644000', 'videoCount': '147'}",https://yt3.ggpht.com/pfbx0I5UaQzMJrXRpSjm2yLhg3iSd14_lCvxocH61fxgzgATlvTHJ__jB8hI5SATmm2V8AZf3A=s240-c-k-c0x00ffffff-no-rj,"CANADA Birds ""Bird photography"" Photography Wildlife Camera Nature Animals ""Milky way"" ""Canon R5"" ""Photography tips"" ""Photography tip and tricks"" Photo ""Photo tips"" Wildlife Outdoors Nature Education ""Photo tricks"" ""Photo hacks"" ""Photography settings"" ""Camera settings""","[{'title': '5 reasons PHOTOGRAPHERS need to start shooting in THIS mode!', 'link': 'https://www.youtube.com/watch?v=K34uSMWh8yc'}, {'title': 'How to choose your next camera lens.', 'link': 'https://www.youtube.com/watch?v=PnRDvWgWtPo'}, {'title': 'THIS makes photography SO MUCH EASIER!', 'link': 'https://www.youtube.com/watch?v=1Ujl-8yWNF8'}]"
Canon ANZ,https://www.youtube.com/channel/UCDUWA-cTYMcuURVGS2F4bJw,@canonanz,2008-09-23T00:43:07Z,"{'viewCount': '47020564', 'subscriberCount': '209000', 'videoCount': '385'}",https://yt3.ggpht.com/w7-aHKXe6HbqE9WcAEllvxlYSK5LYvdI8rpVvK86pbSmGdLX1MgZfW10_CD8QjCNVfNFtA9uVw=s240-c-k-c0x00ffffff-no-rj,"Canon photography ""photography tips"" ""inspirational videos"" cameras dslr ""mirrorless cameras"" ""tales by light"" ""photography settings"" ""photography tutorials""","[{'title': 'Made for creators. The Canon EOS R50 V.', 'link': 'https://www.youtube.com/watch?v=U1oNKpsqKhE'}, {'title': 'A pocket sized cinema camera – The Canon EOS R50 V', 'link': 'https://www.youtube.com/watch?v=rFGkzmE04Pc'}, {'title': 'The new Canon EOS R50 V. Built for any scene.', 'link': 'https://www.youtube.com/watch?v=ik-bNHl2xkI'}]"
rmdh.,https://www.youtube.com/channel/UCNXlQ-k0V3y4s-hlI1u6uGw,@anggahrmdh,2011-06-16T11:45:03Z,"{'viewCount': '2909799', 'subscriberCount': '25600', 'videoCount': '268'}",https://yt3.ggpht.com/ytc/AIdro_nl1B4lvvcJs_O-VGbj7D2wVPCZwV4AJTqB6m_15ufkuIE=s240-c-k-c0x00ffffff-no-rj,"anggahrmdh rmdh ""street photography""","[{'title': 'Kembali ke Surya Kencana Bogor, di Pagi Hari | POV Street Photography', 'link': 'https://www.youtube.com/watch?v=3fJxOJ66zhY'}, {'title': 'Proses hunting foto di Masjid Istiqlal | POV Photography', 'link': 'https://www.youtube.com/watch?v=EC-tIJqZnMw'}, {'title': 'Membiasakan hunting foto dengan lensa 50mm di pasar | POV Street Photography', 'link': 'https://www.youtube.com/watch?v=IdRnjrCrTP8'}]"
Duade Paton,https://www.youtube.com/channel/UC7cMXJb97jITBo5jMBdAsTw,@duade,2012-06-11T01:59:10Z,"{'viewCount': '10900607', 'subscriberCount': '99300', 'videoCount': '153'}",https://yt3.ggpht.com/ytc/AIdro_m0vaERK94_310K3vBKXoI30HCRZvWonSJLGkN8GBiHovU=s240-c-k-c0x00ffffff-no-rj,"""bird photography tips"" ""bird photography"" ""wildlife photography"" ""nature photography"" ""How to edit Bird Photography"" ""wildlife photography tips"" ""bird photography tutorial""","[{'title': 'Can EDITING Go Too FAR? | Most IMPACTFUL Gear! | Hot Takes w/Jan Wegener', 'link': 'https://www.youtube.com/watch?v=XFcsDlCeXx0'}, {'title': 'CAMERA GEAR THAT INSTANTLY IMPROVED MY PHOTOS!', 'link': 'https://www.youtube.com/watch?v=TxqWV2k5wgU'}, {'title': 'Why FAILURE Is the Key to SUCCESS! Important LESSONS to LEARN!', 'link': 'https://www.youtube.com/watch?v=trCPilahftk'}]"
Photo Genius,https://www.youtube.com/channel/UC9lyUdwosxq_OxC1uggjUPA,@photogenius,2016-01-13T23:59:48Z,"{'viewCount': '27469764', 'subscriberCount': '443000', 'videoCount': '287'}",https://yt3.ggpht.com/ytc/AIdro_mjTCFWJmbUhC6DnDSG_GSJVg5D7_7TUZLCt5kCYIKDJOA=s240-c-k-c0x00ffffff-no-rj,"""photography for beginners"" ""photography course"" ""camera basics"" DSLR camera Nikon canon photography ""photography tips"" fujifilm ""canon eos"" ""photography ideas"" ""Lightroom editing"" ""nikon z"" ""mirrorless cameras"" ""nikon d3500"" ""canon camera"" ""photo genius"" ""photography tutorials for beginners"" ""take better photos"" ""Canon T7"" ""photo genius"" ""Lightroom tips"" Lightroom ""Portrait photography"" ""Landscape photography"" ""Photography tips and tricks""","[{'title': 'HOW TO straighten leaning buildings EASILY using PHOTOSHOP & LIGHTROOM.', 'link': 'https://www.youtube.com/watch?v=RuYJOWp05sk'}, {'title': 'TAMRON 11-20mm f2 8 wide angle lens for CANON RF - REVIEW AND TEST.', 'link': 'https://www.youtube.com/watch?v=TrWbw4pPM3U'}, {'title': ""CANON & NIKON photographers DON'T MISS THESE CAMERA TIPS"", 'link': 'https://www.youtube.com/watch?v=HrL0w4ckCJY'}]"
Canon Imaging Asia,https://www.youtube.com/channel/UCKWplHU_xgyAzCiDGYSYzvA,@canonimagingasia,2011-11-08T08:58:11Z,"{'viewCount': '42363262', 'subscriberCount': '77300', 'videoCount': '257'}",https://yt3.ggpht.com/lFJT9DBiL1VB_tab5dnqGKf1pOvxydDKEV_HND4eFehff2LxqjNfTqBkImJTFgicSwMeHkMg=s240-c-k-c0x00ffffff-no-rj,"Canon EOS DSLR PowerShot Mirrorless Photography camera ""full-frame mirrorless"" ""eos r system""","[{'title': 'Introducing the New Canon RF20mm f/1.4L VCM | Ultra-wide Angle Hybrid Lens', 'link': 'https://www.youtube.com/watch?v=GNFELDJxYjw'}, {'title': 'A Short Film with the New Canon RF20mm f/1.4L VCM | Ultra-wide Angle Hybrid', 'link': 'https://www.youtube.com/watch?v=iC_9DzQOUw4'}, {'title': 'Meet Canon’s New Vlogging Cameras - PowerShot V1 and EOS R50 V', 'link': 'https://www.youtube.com/watch?v=VmkyprPwous'}]"
Canon Hong Kong,https://www.youtube.com/channel/UCBIOCG38Qpg-fE555HOYDVA,@canonhongkong,2014-02-17T04:20:22Z,"{'viewCount': '6629494', 'subscriberCount': '20200', 'videoCount': '183'}",https://yt3.ggpht.com/ytc/AIdro_mbXNB2vPGdSnooWNgx01A7lMlXybDyymIEIIR2h2Pv2rg=s240-c-k-c0x00ffffff-no-rj,"Canon ""Canon Hong Kong"" Canonhongkong Canonhk 佳能 香港佳能","[{'title': '【影像公益】佳能香港致力回饋社會 實踐「共生」企業理念', 'link': 'https://www.youtube.com/watch?v=SnNRdRzrMlo'}, {'title': 'EOS R50 V 產品介紹 | EOS R50 V Product Features', 'link': 'https://www.youtube.com/watch?v=A7uFmlsxb4s'}, {'title': '【 EOS / PowerShot V 系列｜隆重登場！】', 'link': 'https://www.youtube.com/watch?v=sVKGvRIELqs'}]"
Peter McKinnon,https://www.youtube.com/channel/UC3DkFux8Iv-aYnTRWzwaiBA,@petermckinnon,2010-02-16T05:31:29Z,"{'viewCount': '628851038', 'subscriberCount': '5960000', 'videoCount': '746'}",https://yt3.ggpht.com/bnJYBhADbuQmi24xfSUc9NoIWUWRAF6JfNv6GBt2ZeNVh8uKk_LTD3lLu-4nDxEtNZNrciO3=s240-c-k-c0x00ffffff-no-rj,"Photography Cinematography How-to ""Learn photography"" Lightroom Photoshop ""Premiere Pro"" ""Video Editing"" ""Peter McKinnon"" Vlog","[{'title': 'Game Changing Editing in DaVinci Resolve 20', 'link': 'https://www.youtube.com/watch?v=fOT-tjPAS8w'}, {'title': 'No other camera can do this - Insta360 X5', 'link': 'https://www.youtube.com/watch?v=dAtd3C1JPRQ'}, {'title': 'Bring. It. Everywhere.', 'link': 'https://www.youtube.com/watch?v=UTaKHqvmot8'}]"
Canon,https://www.youtube.com/channel/UCWSiqolZi-ml8CJcMUwU2Pg,@canonone,2024-07-07T17:41:33.685845Z,"{'viewCount': '279438', 'subscriberCount': '6120', 'videoCount': '59'}",https://yt3.ggpht.com/JzVNqYaQyGMdpoeyiwItvJzAgod6jvxfYxXmvIvvnuPfwL9JqxPTpAVYvNBubQ5zf93oFGl9=s240-c-k-c0x00ffffff-no-rj,"""#shorts #short #streetphotography # photography""","[{'title': '#shorts #ytshorts #photography', 'link': 'https://www.youtube.com/watch?v=rM6QqHNl1IU'}, {'title': '#shorts #photography #ytshorts', 'link': 'https://www.youtube.com/watch?v=2TNeAPsVuJA'}, {'title': '#shorts #photographer #ytshorts', 'link': 'https://www.youtube.com/watch?v=cLcYrlwoKC0'}]"
photography canon,https://www.youtube.com/channel/UCvQWibB3iY2HzvPXF8uCFww,@photographycanon9696,2019-11-05T14:43:06.946059Z,"{'viewCount': '10', 'subscriberCount': '2', 'videoCount': '2'}",https://yt3.ggpht.com/ytc/AIdro_mChK4tWiS2aVjYPrq7_kG_sHlSBwEj0Otj318v1IaGwg=s240-c-k-c0x00ffffff-no-rj,,"[{'title': 'Love status bewafa', 'link': 'https://www.youtube.com/watch?v=3uRn4En2WPw'}, {'title': 'November 15, 2019', 'link': 'https://www.youtube.com/watch?v=N_EnGGfGZJQ'}]"
Canon Canada,https://www.youtube.com/channel/UCer5-CpSeOpJjABIpDtg5Qg,@canoncanada,2011-11-07T21:37:33Z,"{'viewCount': '6581212', 'subscriberCount': '8510', 'videoCount': '354'}",https://yt3.ggpht.com/ytc/AIdro_ljYaLqsNntLXu36VKA1g-d1eU4LmEQUSgHiGiBlfiETac=s240-c-k-c0x00ffffff-no-rj,,"[{'title': 'Prises de vues de la communauté - RF 24–105mm F4-7.1 IS STM', 'link': 'https://www.youtube.com/watch?v=S35b_zmNv14'}, {'title': 'Community Takes - RF 24–105mm F4-7.1 IS STM', 'link': 'https://www.youtube.com/watch?v=ryoFvEA21mg'}, {'title': 'Prises de vues de la communauté - EOS R7', 'link': 'https://www.youtube.com/watch?v=g9l6pXbk1cs'}]"
THE CANON GUY🇰🇪 ,https://www.youtube.com/channel/UCb0nBIi4tYZo0u8cpyD0KfA,@quareysmaticphotography,2016-08-23T18:56:57Z,"{'viewCount': '119802', 'subscriberCount': '998', 'videoCount': '73'}",https://yt3.ggpht.com/bc6GVoNPer0J0ye7ChZN76IM-A6vLQkM9JTEiulqmwWbw0G5KYDZpUTLnA7WMG71PT4FPmzuSA=s240-c-k-c0x00ffffff-no-rj,"""Photography Tips"" ""Photography Tutorials"" ""Creative Wedding Shots"" ""Photoshop Photo Editing"" ""Quareysmatic Photography"" ""Behind the Scenes Photography"" ""Photography Vlog"" ""Wedding Photography Mombasa"" ""Photoshoot BTS (Behind the Scenes)"" Nikah ""Swahili Weddings"" Qamiis Weddings ""Islamic weddings"" ""Wedding Photography"" ""Wedding Photography Business"" ""Wedding Photography Marketing"" ""Wedding Photographer"" ""Wedding Photographer Gear"" Videography ""Wedding Videography Business Tips""","[{'title': 'Gwaride ya Harusi Linalovutia! Mijikenda Hoyeee. #wedding #mijikenda #harusi #weddingdance #bride', 'link': 'https://www.youtube.com/watch?v=u3viE6p_GgU'}, {'title': 'Shangwe za Vijana wa Bwanaharusi (Groom)  Kwenye Harusi ya Denyenye Kwale! #wedding #drums #bride', 'link': 'https://www.youtube.com/watch?v=m98YvcUrv7U'}, {'title': 'From Bridal Glam to Nikah & Reception | Belondon & Bossa’s Beautiful Wedding Story♥️♥️', 'link': 'https://www.youtube.com/watch?v=oK_S6iaLOKU'}]"
Canon Philippines,https://www.youtube.com/channel/UCcj0y8OURda9zhJXlaF3AwA,@canonphils,2012-12-19T10:02:04Z,"{'viewCount': '1173957', 'subscriberCount': '5690', 'videoCount': '240'}",https://yt3.ggpht.com/aVyZEkCZ1gKzk6BhsAkQjzNfGc3nascs1BvUPDMOgII1T6fDk5mQn5AIilBOi7kxu9zGHJ8yiQ=s240-c-k-c0x00ffffff-no-rj,"Canon ""Canon Philippines"" Camera Printer PIXMA ""EOS Camera"" ""Mirrorless Camera"" ""DSLR Camera"" ""Canon Camera"" ""Canon EOS Camera"" ""EOS Camera"" ""PIXMA Printer"" ""PIXMA Pro Printer"" ""MAXIFY Printer"" ""Laser Shot Printer"" ""Imageclass Printer"" ""Cinema Camera"" ""Canon Vlogs"" ""Canon Gear"" ""Canon Equipment"" ""Canon Full Frame"" ""Canon Vlogging"" ""Canon Camera for Vlogging"" ""Canon Camera for Cinematic Video"" ""Cinematic Video"" ""Canon Cinema"" ""Canon Mirrorless Cinema"" ""Canon Cinema Mirrorless"" ""Canon PH""","[{'title': 'CIA Tutorials- Shot List in Fine Art Photography using Canon EOS R5 Mark II and RF 2470 mm F2.8L', 'link': 'https://www.youtube.com/watch?v=5jEI8YEvFi8'}, {'title': 'EOS R1', 'link': 'https://www.youtube.com/watch?v=6dW4j5T8Do8'}, {'title': 'EOS R5 Mark II: Imagine Bigger Things', 'link': 'https://www.youtube.com/watch?v=yHeJW2-1jqk'}]"
Canon world ,https://www.youtube.com/channel/UCXXgFrLSJ6Wj6UVCrJ2gcBw,@balintszucs-x8t,2024-07-01T17:29:36.788151Z,"{'viewCount': '23368', 'subscriberCount': '55', 'videoCount': '30'}",https://yt3.ggpht.com/QKMxRSQ4ltLr-skVTlSU1HwzMjhyFsR_eUxVHkSAaJW9t6zYQedOb97dj-x0ueIjcOMS976q=s240-c-k-c0x00ffffff-no-rj,,"[{'title': 'Their VS my DREAM #dream #mydream #phorography #ps5 #mygeneration #canonr5markii', 'link': 'https://www.youtube.com/watch?v=Cc-n0oTQZl0'}, {'title': 'Photo editing | AI vs photographer', 'link': 'https://www.youtube.com/watch?v=pt9t-jQsGSc'}, {'title': 'Why I prefer RAW pt2 #photography #photo #photoediting #raw #youngphotographer #beforeandafter', 'link': 'https://www.youtube.com/watch?v=jnA2h7JdjBc'}]"
CANON PHOTOGRAPHY,https://www.youtube.com/channel/UC8zWDVPzLQXbsKdTFSLVRFw,@canonphotography1010,2022-05-15T06:51:41.553076Z,"{'viewCount': '65', 'subscriberCount': '12', 'videoCount': '3'}",https://yt3.ggpht.com/vlCkmxCFOPPJyhXiuyHb23udZeo82GuCELU5Ct2KzT_e1tnrK5SdtYxZYOoG2pQR6CS86XyYjTg=s240-c-k-c0x00ffffff-no-rj,,"[{'title': '20 May 2022', 'link': 'https://www.youtube.com/watch?v=tDrsdwAhpJM'}, {'title': 'Lightroom Mobile Video  Editing Video Tutorial - CANON PHOTOGRAPHY', 'link': 'https://www.youtube.com/watch?v=9kez-AR9XZA'}, {'title': '#Ye hai humari future generation 😋', 'link': 'https://www.youtube.com/watch?v=0vBm2l9Ne8I'}]"
Shane Long Photography,https://www.youtube.com/channel/UCkbC_Gew3b6nX-VuL8xOV6A,@shanelongphotography,2017-11-09T21:13:42Z,"{'viewCount': '1180893', 'subscriberCount': '10400', 'videoCount': '41'}",https://yt3.ggpht.com/WuTi9U-KnYvwVERtvXZMRAMx44SZJTO4atyouevhgntoPveIwlIkuScikwGdDiL47S78zkgAmQ=s240-c-k-c0x00ffffff-no-rj,,"[{'title': 'Favorite 50? Which Canon Lens is for You? A Wedding Photographer’s Review of the Canon RF 50mm F1.4L', 'link': 'https://www.youtube.com/watch?v=3GflHCClKc4'}, {'title': 'Worth the Upgrade? Canon RF35mm F/1.4L VCM Lens Compared to the Canon RF35mm F/1.8 IS STM', 'link': 'https://www.youtube.com/watch?v=vHPX7OM_uJg'}, {'title': 'Save $2000? A Great Lens for Wedding Rings & Portraiture | Canon RF85mm F2 Macro IS STM Review', 'link': 'https://www.youtube.com/watch?v=d9XQ6QEmqCo'}]"
Clipartsbs,https://www.youtube.com/channel/UCQWbOp7LJvEvX-kcFjnjLAw,@clipartsbs,2025-01-22T16:26:11.977506Z,"{'viewCount': '235', 'subscriberCount': '6', 'videoCount': '9'}",https://yt3.ggpht.com/sYVhIgtxXV4FXXzM93vYemTNRYHd5FnLyzFyrCc57Z4jqR4VvW2Ejsg1QTtsV5gbJnU9aJZNTdc=s240-c-k-c0x00ffffff-no-rj,"clipartsbs ""clipartsbs company"" ""clipartsbs image editing service"" ""clipartsbs youtube channel"" ""photoshop tutorial"" ""Image editing video"" ""clipping path"" photoretouching ""product retouching"" photoshop ""adobe photoshop tutorial"" ""photo editing tutorial"" ""artificial intelligence design"" ""Background Removal"" ""Image Masking"" ""Shadow Creation"" ""Ghost Mannequin"" ""Jewelry Retouching"" ""Color Correction Service"" ""Photo Restoration Service"" ""Cut Out Images Service"" ""E-commerce Product Photos""","[{'title': 'How to product photo background change and shadow add in photoshop #photography @Clipartsbs', 'link': 'https://www.youtube.com/watch?v=7TiGoLYGSNw'}, {'title': 'Photoshop hair masking and photo white background @Clipartsbs @PhotoshopTrainingChannel', 'link': 'https://www.youtube.com/watch?v=D7QB0Gg2m8I'}, {'title': 'how to make amazing products photo in photoshop @Clipartsbs @PhotoshopTrainingChannel @NewWorldOps', 'link': 'https://www.youtube.com/watch?v=8gXjps0vdns'}]"
Zubair Graphics designer.,https://www.youtube.com/channel/UC1JHuf1is9M5HW_pqWbe92g,@zubairgraphicsdesigner.1657,2022-07-02T14:05:36.961323Z,"{'viewCount': '5247', 'subscriberCount': '497', 'videoCount': '67'}",https://yt3.ggpht.com/HhwRHpScXLD9xbkqHLNmS9YksJ1aKkuKAiQlBx-dKm_nUBFcio-z0KmTKSp38C4g_6yxuZ1RKQ=s240-c-k-c0x00ffffff-no-rj,,"[{'title': '3D_text_Manipulation_in_Photoshop', 'link': 'https://www.youtube.com/watch?v=aZ_rCowb0io'}, {'title': 'Glasses reflection #photoshop  #graphicarts  #graphicdesign #pic #skinrepair #editing #creatives', 'link': 'https://www.youtube.com/watch?v=RVsZMBjs4cE'}, {'title': 'how can we create blub light', 'link': 'https://www.youtube.com/watch?v=VbOhzQU7iz8'}]"
AB GRAPHICS COLLECTION,https://www.youtube.com/channel/UCR2lvGw7_JBE1gbhFtvsgrg,@abgraphicsart,2024-02-06T19:40:01.536493Z,"{'viewCount': '959', 'subscriberCount': '86', 'videoCount': '12'}",https://yt3.ggpht.com/ZSG6pettGJ6T_q8pYTrmcm1m3Ipy0IHalaOH-phxRjOBUdAsPzwIphmgoZedmBBXP_RUNJKOxW8=s240-c-k-c0x00ffffff-no-rj,"""graphics design"" portifolio ""artfull colores"" ""custom logo"" branding posture banner ""adobe photoshop"" ""social media posture design"" ""posture design"" ""product packaging"" ""product out door branding"" ""packaging brand product"" ""studio manuplation brand"" ""round packaging design"" ""flat packaging design"" ""how to change color""","[{'title': 'Adobe illustrator | Graphics Design | Abay Bank Logo #graphicdesgin #illustrator', 'link': 'https://www.youtube.com/watch?v=iWXZ0FD9qD4'}, {'title': 'Best Product Manuplation | Using Adobe Photoshop', 'link': 'https://www.youtube.com/watch?v=QHPEhfs7wso'}, {'title': 'How To Change | Object Color #photoshop #graphicdesigne #simple', 'link': 'https://www.youtube.com/watch?v=hVkLa74cS7M'}]"
KP creations,https://www.youtube.com/channel/UC6E2DfqL8afaw7TQ0g9Rpvg,@kpcreations-1o,2024-08-01T12:43:51.608515Z,"{'viewCount': '6536', 'subscriberCount': '28', 'videoCount': '21'}",https://yt3.ggpht.com/k_qvI-mlWXyqpirAS3FQSRkTjFAjui5N1MTqY-2VKjXKvq4_00raYBEEQ1CF0dju5V3eu5bq0g=s240-c-k-c0x00ffffff-no-rj,,"[{'title': '#photoshop  Path Blur SmokeEffect #tutorial #effects #effects @KPcreations-1o Adobe Photohop CC 2019', 'link': 'https://www.youtube.com/watch?v=m_CHS4e04kE'}, {'title': '#photoshop SpeedArt #tutorial #design #effects #speedart @KPcreations-1o Adobe Photoshop CC 2019', 'link': 'https://www.youtube.com/watch?v=_6tWg4b_CQo'}, {'title': '#photoshop Path Blur Tutorial #tutorial #design #effects @KPcreations-1o Adobe photoshop CC 2019', 'link': 'https://www.youtube.com/watch?v=Xx0TxcZRQBk'}]"
Pixel Mentor,https://www.youtube.com/channel/UCvhlvNEWEbJpuWtYeT1i3mw,@pixelmentorindia,2021-06-29T17:18:38.296113Z,"{'viewCount': '32457', 'subscriberCount': '867', 'videoCount': '96'}",https://yt3.ggpht.com/k6uzmDCnRU5G8og02Xl2kTaR_TGIld9fVIPSVu95U0o6cmZkCJ754y8q0Ik1NVAf0uNRLeroXPg=s240-c-k-c0x00ffffff-no-rj,"pixelmentor ""pixel mentor"" mentor ""graphic design"" ""how to become a graphic designer"" ""how to learn graphic design"" ""freelance graphic designer"" ""graphic design tutorial"" ""how to be a graphic designer"" ""graphic design tutorials for beginners"" ""graphic design course"" ""graphic design tips"" ""graphic design courses"" ""learn graphic design"" ""what is graphic design"" ""graphic design full course"" ""graphic design fundamentals"" ""how to become graphic designer"" ""learn graphic design from scratch""","[{'title': 'coming soon', 'link': 'https://www.youtube.com/watch?v=Mijttu9Gsh4'}, {'title': 'Free Tip about Aftereffect Trim path #afterefects', 'link': 'https://www.youtube.com/watch?v=cg51jhrIMDY'}, {'title': 'Introducing the impact of Echo effect in Aftereffect', 'link': 'https://www.youtube.com/watch?v=I-2EIXAk2LQ'}]"
Mint Studio,https://www.youtube.com/channel/UC6Yq6_kS3JZYYXyMLF15AKA,@mintstudio-in,2022-10-12T13:27:54.685355Z,"{'viewCount': '4466', 'subscriberCount': '121', 'videoCount': '25'}",https://yt3.ggpht.com/R0mxBNghVcQv4gNv3ZZN-sQVnqdQYbs47X1OnVabsLfo3ME1uUhKot4xvi2iNjvXdyP47ZF71w=s240-c-k-c0x00ffffff-no-rj,"Photoshop ""Photoshop tutorial"" ""Photo editing"" Trip Trick ""Photoshop editing"" ""Mint Studio"" Tutorial ""Video editing"" ""Free plugin"" ""Photo manipulation"" ""Colour correction"" ""Light room"" ""Pc editing"" ""Photo gallery"" ""Face Retouch"" ""Face makeup""","[{'title': 'Shiv Ratri Poster Making in PS', 'link': 'https://www.youtube.com/watch?v=MDQYef09hlo'}, {'title': 'YouTube Thumbnail Editing || Photoshop tutorial||  @Photoshop @YouTube@Mint Studio', 'link': 'https://www.youtube.com/watch?v=Uy8__xB3k28'}, {'title': 'Colour correction in VN #vnvideoeditor #colourgrading #colour #colourcorrection', 'link': 'https://www.youtube.com/watch?v=7SlWuR4xY28'}]"
PHANTOM TECHX,https://www.youtube.com/channel/UCsQM3mrEGN1VFG2-QNLB_9w,@phantomgraphics-js224,2024-01-08T21:59:54.880484Z,"{'viewCount': '11746', 'subscriberCount': '688', 'videoCount': '15'}",https://yt3.ggpht.com/NJuM5cHFsIc4HCVMAVCDCIDLHLcZ6SzAeONAv78rJVI2-UotIbqUEoMT-AY3P8au6593y84QOA=s240-c-k-c0x00ffffff-no-rj,,"[{'title': 'How to Track Any Country phone number using termux Apk ©/ 2024/25', 'link': 'https://www.youtube.com/watch?v=Qp-xwFx75WI'}, {'title': 'How to Hack Victim old&new photos 2024/25 latest tutorial', 'link': 'https://www.youtube.com/watch?v=At-OxlYLfzk'}, {'title': 'Phone Locked Tutorial Using RAT apk 🔥 /2024/25', 'link': 'https://www.youtube.com/watch?v=h0VRvdK4PUo'}]"
Mika A,https://www.youtube.com/channel/UCRgr3WsRhAj1Az4sG66zIlw,@mika_formateur-photoshop,2013-10-31T18:58:32Z,"{'viewCount': '1149', 'subscriberCount': '2', 'videoCount': '54'}",https://yt3.ggpht.com/VDiWgT_XO8ZbE33iq5XOX-MdkMBDNFqwyEPRMde-jxZPQYXb42K042seFcAQ2Nn0SyrYA82TrQ=s240-c-k-c0x00ffffff-no-rj,saut mer israel vacance Photoshop Adobe tuto formation selectionner masque indesign,"[{'title': '21 janvier 2023', 'link': 'https://www.youtube.com/watch?v=kKw4LADriMM'}, {'title': 'Tuto Photoshop', 'link': 'https://www.youtube.com/watch?v=6LPnQLRgupk'}, {'title': '#montage #adobe #graphicdesign #photoshop #image #photography #illustrator ##tuto #video', 'link': 'https://www.youtube.com/watch?v=rmd4qyMkruo'}]"
BG  C R E A T I O N,https://www.youtube.com/channel/UC7gT0cWa9ByiwWkzBDJbeKg,@bg._.creation,2020-02-04T02:17:07.984438Z,"{'viewCount': '12261', 'subscriberCount': '49', 'videoCount': '92'}",https://yt3.ggpht.com/rSMVtNE5xwfMOs4cpv0RGUq7gfWH6DDPb8gVEI9maBPXM70LLwJs1BruSsLI6FX85V1SxJsk=s240-c-k-c0x00ffffff-no-rj,"""Editing videos"" ""website page design"" ""banner design"" ""photoshop editing"" ""video editing"" ""photo retouching"" photoshop photoshop ""photoshop tutorial"" ""photoshop shortcut keys"" ""photoshop basic"" ""photoshop learning"" ""banner designing"" ""album designing"" ""photoshop oil painting"" ""photoshop smudge painting"" photography","[{'title': 'How to design flyer photoshop in easy way', 'link': 'https://www.youtube.com/watch?v=nYFCgdLTckM'}, {'title': 'How to make poster in photoshop', 'link': 'https://www.youtube.com/watch?v=YuMxgVJRn68'}, {'title': 'Add Poster design @Photoshop @PhotoshopTrainingChannel @NewWorldOps @BLTV_Photoshop', 'link': 'https://www.youtube.com/watch?v=Lvd_p2e_fns'}]"
スケダチみんなの相棒,https://www.youtube.com/channel/UC3ffsjsug_4S_nQkHsghTkQ,@himenoke,2009-09-10T04:14:51Z,"{'viewCount': '158337', 'subscriberCount': '2430', 'videoCount': '186'}",https://yt3.ggpht.com/VHe2DQbRZEnKtF09BDdjxiPnTNlpV50LllKLfv92FfG9VgqrrIvXQdBaeZoi-Pdbpnj-722VXA=s240-c-k-c0x00ffffff-no-rj,,"[{'title': '墨だまり文字と角丸文字を自在に作る方法【Illustrator｜アピアランス】', 'link': 'https://www.youtube.com/watch?v=2xKLfp9Aaf4'}, {'title': 'イラストレーターでグラデーション立体文字を作成する方法', 'link': 'https://www.youtube.com/watch?v=VRgcCjxYJq4'}, {'title': '枝の細部まで自然に表現！Photoshopで空を自然に合成するテクニック', 'link': 'https://www.youtube.com/watch?v=jlO5w3J76N0'}]"
Home designe touba ,https://www.youtube.com/channel/UCaPxYtk3e9WlDWHXmBBE3XQ,@home_designe_touba,2017-07-16T17:05:12Z,"{'viewCount': '251', 'subscriberCount': '273', 'videoCount': '10'}",https://yt3.ggpht.com/4VaNhUlRnmQ7nfKoGDIEX5NP1mqft7JNFupcaK_pXnO8sSd2QtOJDtz1m9WHGrFGvKCaQJvN2dc=s240-c-k-c0x00ffffff-no-rj,,"[{'title': 'comment crée un mockup logo 3D sur Photoshop #photoshop #mockupdesign #mockup', 'link': 'https://www.youtube.com/watch?v=iclb9K3CiIo'}, {'title': '24 avril 2024', 'link': 'https://www.youtube.com/watch?v=mx_hm-12K7U'}, {'title': '#photoshop', 'link': 'https://www.youtube.com/watch?v=wHYOyAiTl9Y'}]"
Amer Hassan,https://www.youtube.com/channel/UCCPDXUFlvv-Jm6QfjtFTT1w,@amerhassan1,2021-01-08T08:19:01.02329Z,"{'viewCount': '184', 'subscriberCount': '38', 'videoCount': '5'}",https://yt3.ggpht.com/L6AKh2k3RdPcTBkVPm3dOw1lKhVLdgTnltXkJdZv7mUV3j6Y_Pd5vdLHrx3_Yw18JDzKhIoIdg=s240-c-k-c0x00ffffff-no-rj,graphic photography photoshop editing,"[{'title': 'DHIIRIGAKINTA DHALINTA', 'link': 'https://www.youtube.com/watch?v=agy-0Z3v8SA'}, {'title': 'At the university.', 'link': 'https://www.youtube.com/watch?v=woJOcj6aWvs'}, {'title': 'How to create your owrn content:', 'link': 'https://www.youtube.com/watch?v=6Dj_joHmMS8'}]"
Try it,https://www.youtube.com/channel/UCrq-NCDvlE-ZioHF2nwac5Q,@searchps,2016-09-06T11:29:15Z,"{'viewCount': '97359', 'subscriberCount': '1030', 'videoCount': '64'}",https://yt3.ggpht.com/rYDkyvIO0AcoYnJqFusKJOHNDBoJEToS7jZ6uXo8g2DvSQgyfhmNJztse-zQXzDCAWN6d-iMEMY=s240-c-k-c0x00ffffff-no-rj,"""Try it"" ""Photoshop for Beginners"" វិធីកាត់ផ្ទៃខាងក្រោយចេញ ""How to clear the background"" វិធីលុបផ្ទៃខាងក្រោយ របៀបលុបផ្ទៃខាងក្រោយ ""How to remove stains"" ""How to remove scars"" ""Change new area"" ""Remove stains"" ""Learn to edit photos"" រៀនកែរូប ""Cut out unwanted areas"" ""graphic design"" ""Learn Photoshop"" ""Photoshop for Beginners"" ""Magic tools"" ""Liket thea nea"" រៀនកុំព្យូទ័រ","[{'title': 'Try it Live Stream', 'link': 'https://www.youtube.com/watch?v=3dpOGXnOMlU'}, {'title': 'របៀបប្រើ Tool  ដែលមានទំរងផ្សេងគ្នាមកបញ្ចូលគ្នា l កាត់ លុប គូសភ្ជាប់ #photoshop #edits #yt', 'link': 'https://www.youtube.com/watch?v=UPivURAtO0U'}, {'title': 'Styles in photoshop', 'link': 'https://www.youtube.com/watch?v=CCB6ug_R390'}]"
IRSHAD CREATION,https://www.youtube.com/channel/UCaP8bbK2etzA77kGWsb1GVQ,@irshadcreation3282,2019-07-01T12:50:36Z,"{'viewCount': '43386', 'subscriberCount': '211', 'videoCount': '149'}",https://yt3.ggpht.com/ytc/AIdro_nY3-rLK5SS3Nd_PQmSKP5FFEugpZKoX2ewG5dJb079Hw=s240-c-k-c0x00ffffff-no-rj,"""IRSHAD CREATION"" CREATION IRSHAD photoshoplearn photoshopinhindi graphicdesignhindi","[{'title': 'Action Movie Cinematic Trailer Free After Effects Templates || Download Link In Description', 'link': 'https://www.youtube.com/watch?v=WjDrchK0R64'}, {'title': 'Happy Janmashtami Celebrate Story 2024 Free After Effect template..', 'link': 'https://www.youtube.com/watch?v=zF1JJ8HRBAQ'}, {'title': 'Raksha Bandhan social Media Free After EffectTemplae 2024', 'link': 'https://www.youtube.com/watch?v=z0RqPluq6NM'}]"
Varun Kushwaha,https://www.youtube.com/channel/UCcCTDbdtmiptFlY0sY_Pc0A,@varunkushwaha893,2023-01-02T11:38:00.628965Z,"{'viewCount': '2112', 'subscriberCount': '102', 'videoCount': '31'}",https://yt3.ggpht.com/0Org2_IQZ8XO4ALpfmVqL1NVKFWRGNFOURP5gJjni1W38n3hMwzR_pbvrxXVNJLPTd-fJu_MzA=s240-c-k-c0x00ffffff-no-rj,"""V k official"" ""Varun Kuchhwaha channel"" ""Mobile app"" ""Mobile application"" ""Varun video"" ""Mobile app videos"" ""Varun Videos"" ""Mobile applications"" ""Mobile app"" ""Word excell powerpoint"" ""Microsoft office app"" ""MS mobile video"" ""Tax invoice format"" ""Word format"" ""Word to pdf converter"" ""Pdf to word converter"" ""Pdf to jpg convert"" ""App kaise login kare"" ""Account password forgetting issue"" ""Word excel powerpoint kaise chalaye"" ""Mobile per excel kaise chalta hai"" ""Word excel phone per kaise chalaye"" V","[{'title': 'MS Word में  Calculation #msword', 'link': 'https://www.youtube.com/watch?v=0QvIIxHgEpk'}, {'title': 'CCSU Result BA BSc BCom 2024 1st 2nd 3rd sem #ccsubaresult', 'link': 'https://www.youtube.com/watch?v=xI8CTWWYr0I'}, {'title': '3d House Video #3d #videos #architecture #home', 'link': 'https://www.youtube.com/watch?v=90Nc7CjFPOs'}]"
Photoshop Tutorials,https://www.youtube.com/channel/UC6lrxMZggMaN1u2V9N2-zrQ,@newworldops,2011-06-22T20:42:25Z,"{'viewCount': '34268292', 'subscriberCount': '1100000', 'videoCount': '141'}",https://yt3.ggpht.com/ytc/AIdro_kETz1aRigFEOP5cul4enQ6dggbJVjfCdw_8HXzA_c1BPE=s240-c-k-c0x00ffffff-no-rj,"""Photoshop CC Tutorials"" ""Photoshop CC"" ""Photoshop Tutorials"" ""Online Education"" Photography","[{'title': 'How to Create an Awesome Letter Portrait - Photoshop Tutorial', 'link': 'https://www.youtube.com/watch?v=Q2E1npU5xmk'}, {'title': 'Photoshop: How to Create a Glass Shatter Effect - Tutorial', 'link': 'https://www.youtube.com/watch?v=O4DMvPhFclI'}, {'title': 'Photoshop Tutorial - Neon Text Effect', 'link': 'https://www.youtube.com/watch?v=jJxqSgDOqdk'}]"
Photoshop Tutorials - PSt,https://www.youtube.com/channel/UCxhohBYvoxQbzDAr_yAs6iw,@pst.design,2016-11-12T21:44:40Z,"{'viewCount': '19592980', 'subscriberCount': '396000', 'videoCount': '176'}",https://yt3.ggpht.com/7Bh25w7ZPH_Px3zexqn3lmYDxXwiADL_39f4MVfLlfemH0GaTRro9h8UkFK_AIOPOY_rm54iApA=s240-c-k-c0x00ffffff-no-rj,"""photoshop manipulation tutorial"" ""photoshop manipulation tutorial cs6"" ""photoshop manipulation tutorial for beginner"" ""photoshop manipulation effects"" ""photoshop manipulation tutorial cc"" ""photoshop manipulation background"" ""photoshop manipulation beginner"" ""photoshop manipulation basics"" ""photoshop manipulation tutorial beginner"" ""photoshop background manipulation"" ""photoshop body manipulation"" ""best photoshop manipulation tutorials"" ""photoshop manipulation for beginners"" ""photoshop tutorials""","[{'title': 'How to Create HI-Tech Futuristic Cover Art Design - Photoshop Tutorials', 'link': 'https://www.youtube.com/watch?v=Fb9XLbjURAo'}, {'title': 'How to Create Retro 80s Racing Sport Text Effect Design in Photoshop - Photoshop Tutorials', 'link': 'https://www.youtube.com/watch?v=Wle9Aep-yec'}, {'title': 'How to Create Floating Packaging Product Poster Design in photoshop', 'link': 'https://www.youtube.com/watch?v=gKVrNXZZwcU'}]"
Photoshop Tutorials by Webflippy,https://www.youtube.com/channel/UCtB_aACPCviwLVW2VFHTRVQ,@webflippyofficialpage,2015-09-03T07:31:35Z,"{'viewCount': '45820725', 'subscriberCount': '705000', 'videoCount': '404'}",https://yt3.ggpht.com/ytc/AIdro_lECX1a12sRlESQEdnflOUbZPY5_GVD0K3A_zmD6hZBMmk=s240-c-k-c0x00ffffff-no-rj,"webflippy photoshop ""photoshop tutorial"" ""photoshop tutorials"" photography ""adobe photoshop"" ""photoshop effects"" ""photoshop cs6"" ""photoshop cs6 tutorial"" ""photoshop cc"" ""photo effects"" ""photo editing"" ""how to"" photo ""photo manipulation"" ""graphic design"" ""tips and tricks"" editing effects ""photography tips and tricks"" ""photography tutorial"" phlearn ""adobe photoshop lightroom"" ""illustrator tutorial"" ""lightroom tutorial""","[{'title': 'Instantly Remove Reflections in Photoshop! #Shorts #photoshop', 'link': 'https://www.youtube.com/watch?v=oCPpOtkJPZI'}, {'title': 'NEW Reflection Removal Tool in Photoshop | Remove Reflections in Photoshop', 'link': 'https://www.youtube.com/watch?v=qdBWGfHA3PA'}, {'title': 'Remove Shadows in Photoshop | Photoshop Tutorial (Easy Trick)', 'link': 'https://www.youtube.com/watch?v=TvyOAEJQ3q8'}]"
Photoshop Tutorials by Layer Life,https://www.youtube.com/channel/UCyIPU7lKFCv4vk5SV9IHl2w,@photoshoptutorialsbylayerl1447,2014-01-26T06:05:05Z,"{'viewCount': '17419707', 'subscriberCount': '93700', 'videoCount': '498'}",https://yt3.ggpht.com/ytc/AIdro_ktf8Y4o9yCxkrTIw2lh1xAlM6XfFXwKkVdHDKD0J-LJHw=s240-c-k-c0x00ffffff-no-rj,"""photoshop tutorials"" ""photoshop videos"" photoshop ""photoshop effects""","[{'title': 'How to Change Color of Object in Photoshop 2025 (Fastest Way)', 'link': 'https://www.youtube.com/watch?v=6SW7SvPQA14'}, {'title': 'How to Change Background in Photoshop 2025 - Extend Background', 'link': 'https://www.youtube.com/watch?v=UMUuEZKMTeI'}, {'title': 'Window Light Effect in Photoshop - Day to Night', 'link': 'https://www.youtube.com/watch?v=4akR2-YkOuY'}]"
Sports Photoshop Tutorials,https://www.youtube.com/channel/UC-XriIY31qlDEwMCchbmwvg,@sportsphotoshoptutorials,2017-06-21T02:14:50Z,"{'viewCount': '1284944', 'subscriberCount': '30200', 'videoCount': '67'}",https://yt3.ggpht.com/ytc/AIdro_kTmDHJML4zTPqRt6gq90CUR5gK1hyY8I6p77jFJnk_bhA=s240-c-k-c0x00ffffff-no-rj,"""Sports Photoshop"" ""sports photoshop tutorials"" ""sports poster design"" ""adobe photoshop"" ""sports photoshop edits"" ""how to make a sports edit on photoshop"" ""sports edits on photoshop"" ""sports graphic design tutorials"" ""sports graphic design walkthrough""","[{'title': 'Sports Graphic Tutorial - How to Create a Sports Edit {Sports Photoshop Tutorials} 2024', 'link': 'https://www.youtube.com/watch?v=FG5fWt4KfjQ'}, {'title': '(NEW) Sports Poster Design Tutorial 2024 - 3D Text Effect', 'link': 'https://www.youtube.com/watch?v=Yf2qNUvW69A'}, {'title': ""Photoshop Ai - 3 Sports Design Tricks YOU Don't Know! 2023"", 'link': 'https://www.youtube.com/watch?v=kLDH16UdxgQ'}]"
Daily Photoshop Tutorials,https://www.youtube.com/channel/UCXQ6TqIBLDu5VKJy7vo1FCg,@adobephotoshoptutorial,2018-01-27T11:32:09Z,"{'viewCount': '1213978', 'subscriberCount': '51100', 'videoCount': '54'}",https://yt3.ggpht.com/EFXJUvldjnG-rOPJtnikHJVz8veylnYZ6kDaMWU51w6ZKE7DflLiRmFWrT1_c2w_PM11UPGGSw=s240-c-k-c0x00ffffff-no-rj,"""photoshop tutorials"" ""adobe photoshop tutorial"" ""photoshop tutorial for beginners"" ""adobe photoshop"" photoshop ""poster design"" ""graphic design"" ""poster design in photoshop"" ""cover art"" ""album cover tutorial"" ""album cover photoshop"" ""photo effect"" ""photo effects"" ""photoshop editing"" ""photo editing"" ""graphic design trends"" ""graphic design tips"" tutorial ""design tutorial"" ""graphic design tutorial"" ""glass effect photoshop""","[{'title': 'From Flat to Fantastic! 3D Pop Text in 1 Minute (Photoshop Tutorial)', 'link': 'https://www.youtube.com/watch?v=4tE-BuWtSCM'}, {'title': 'Trending Text Effect in Adobe Photoshop: 3D Pop Text Tutorial', 'link': 'https://www.youtube.com/watch?v=dp2WsunGWaA'}, {'title': 'From Basic to Bold: Pixel Art in Photoshop Made Easy', 'link': 'https://www.youtube.com/watch?v=lOJ0DotE9Kk'}]"
Bright Photoshop Tutorials,https://www.youtube.com/channel/UCaZQ7Z5jaCMONdrt4FiR4xw,@brightphotoshoptutorials,2018-06-04T02:41:29Z,"{'viewCount': '1710458', 'subscriberCount': '19600', 'videoCount': '296'}",https://yt3.ggpht.com/ytc/AIdro_kM-BpAN8WwcGoWyb_Qmu56KYg5ARIVU4D5TkX8RcYrSYA=s240-c-k-c0x00ffffff-no-rj,"""photoshop tutorial"" ""Photoshop Tutorials"" ""Graphic design"" ""illustrator tutorials""","[{'title': 'How to Create Stunning Event Flyer Design in Photoshop | Night Party Flyer', 'link': 'https://www.youtube.com/watch?v=tPSWnhaySjo'}, {'title': 'Event Flyer Design Social Media Weekend Groove Party Flyer - Photoshop tutorial', 'link': 'https://www.youtube.com/watch?v=nSTB5WcZoD8'}, {'title': 'How to Download High-Quality Light Leak Overlays and Use it to Create Stunning Visuals', 'link': 'https://www.youtube.com/watch?v=o-iGx8SS9wA'}]"
tutvid,https://www.youtube.com/channel/UCeR7U67I2J1icV8E6Rn40vQ,@tutvid,2006-08-19T16:29:16Z,"{'viewCount': '130206857', 'subscriberCount': '1270000', 'videoCount': '995'}",https://yt3.ggpht.com/7cJdE7sznzhPTh8cKEaoQI7ZjJSdHJgf2tBiHxd1zUTbyC0VrR0W40CW0NsSveR6ggEGOcoF=s240-c-k-c0x00ffffff-no-rj,"tutvid Tutorial Photoshop Illustrator ""Premiere Pro"" ""After Effects"" Adobe ""Creative Cloud"" Photography Photographer Retouching ""Photo Retouching"" ""Graphic Design"" ""Graphic Designer"" Technology Apple Lightroom ""Logo Design"" Creative Creativity","[{'title': '10 Techniques Every Beginner Needs to Master | Adobe Illustrator Tutorial', 'link': 'https://www.youtube.com/watch?v=jMNar2uzkJw'}, {'title': '10 Incredible Tips and Tricks to Make Perfect Selections in Photoshop', 'link': 'https://www.youtube.com/watch?v=BFhlj1ftRRE'}, {'title': 'How to Make a Glitch Typography Effect in Adobe Illustrator', 'link': 'https://www.youtube.com/watch?v=9ndSGcf4cag'}]"
Photoshop Tutorials Youtube,https://www.youtube.com/channel/UC8X444Wn2ncEGIiKuRQtsYA,@photoshoptutorialsyoutube7223,2019-12-14T10:02:31.731374Z,"{'viewCount': '202347', 'subscriberCount': '2950', 'videoCount': '35'}",https://yt3.ggpht.com/ytc/AIdro_kPzb-JySitEAn1iGxWGWUNn3tyasuNJXMooGniUypZ6Q=s240-c-k-c0x00ffffff-no-rj,"Photoshop ""photoshop tutorial"" ""photoshop editing"" ""photoshop 2020"" ""photoshop cc tutorial"" ""photoshop actions"" ""photoshop amazing editing"" ""photoshop brushes"" ""photoshop effects tutorials"" ""lightroom e photoshop"" ""photoshop for pc"" ""photoshop face clean"" ""photoshop glass effect"" hindi urdu cc 2020 ""photoshop in urdu"" ""photoshop logo template"" overlays overlay ""overlay pack free"" ""free overlay""","[{'title': '1050+ Backgrounds Free Manipulation Background For Photoshop By Photoshop Tutorials Youtube', 'link': 'https://www.youtube.com/watch?v=yXpG0PlJKHw'}, {'title': '600+ Photoshop Overlay Pack Free Download All in One Overlay Pack Free | Photoshop Tutorials Youtube', 'link': 'https://www.youtube.com/watch?v=tuacY09TKhw'}, {'title': '500+ Best Overlay Bundle Free Download For Photoshop | Lightpack overlay |  Dust Overlays', 'link': 'https://www.youtube.com/watch?v=moFngdKPaYI'}]"
Photoshop Tutorials,https://www.youtube.com/channel/UCpNyDpDpXfARFsi6sU2VIXw,@photoshoptutorials4626,2018-07-11T18:58:39Z,"{'viewCount': '41', 'subscriberCount': '5', 'videoCount': '4'}",https://yt3.ggpht.com/ytc/AIdro_lx8qxFq9A9c7fgOXkjvwfb5uIMpitz1heF8NtZzxVsHQ=s240-c-k-c0x00ffffff-no-rj,Editing tutorials photoshop,"[{'title': 'Photoshop 3D Effect Tutorial', 'link': 'https://www.youtube.com/watch?v=hNF1y-bcZbU'}, {'title': '4 Ways To Brighten Dark Image In Photoshop | Photoshop CC Tutorial', 'link': 'https://www.youtube.com/watch?v=TzLsaKolLzA'}, {'title': 'How To Lighten Skin Color In Photoshop | Step By Step Tutorial For Beginners', 'link': 'https://www.youtube.com/watch?v=EdkAfQWzC98'}]"
photoshop tutorials,https://www.youtube.com/channel/UCQi2nuZNXQBCkSX4uc3e6WA,@photoshoptutorials6335,2017-04-14T20:41:38Z,"{'viewCount': '430', 'subscriberCount': '22', 'videoCount': '10'}",https://yt3.ggpht.com/ytc/AIdro_nCi0L3jNBSggSkLYDPaYp_PzKknn9QBncbn0_n7TcJvg=s240-c-k-c0x00ffffff-no-rj,photoshop tutorial,"[{'title': 'Photoshop Tutorial: Brush Effect Portrait', 'link': 'https://www.youtube.com/watch?v=gSPNLoVfW1s'}, {'title': 'How to Create Custom Brushes in Photoshop', 'link': 'https://www.youtube.com/watch?v=qBEdLm9OuXc'}, {'title': 'photoshop tutorials Live Stream', 'link': 'https://www.youtube.com/watch?v=rJ3uQ_TAOxM'}]"
TB Photoshop Tutorials,https://www.youtube.com/channel/UCJxTiW6Ta2vmadhluTmU15Q,@tbphotoshoptutorials3836,2016-12-08T20:56:05Z,"{'viewCount': '1299183', 'subscriberCount': '20000', 'videoCount': '102'}",https://yt3.ggpht.com/ytc/AIdro_mo7IepzvKHn5vYdjouNhFJ3fbodbrn-U6zvRSF3LUJzNg=s240-c-k-c0x00ffffff-no-rj,"TBLFC Photoshop Speed Art Tutorial ""photoshop tutorial"" ""learn photoshop"" ""teach yourself photoshop"" adobe learn ""speed art"" ""football photoshop"" ""sports posters"" ""matchday images"" ""soccer poster"" ""football posters"" ""soccer posters"" ""football edits"" ""soccer edits""","[{'title': 'Photoshop Tutorial: Formula 1 Graphic | Charles Leclerc |', 'link': 'https://www.youtube.com/watch?v=2KWk1VmGqWQ'}, {'title': 'Simple Photoshop Tutorial: Matchday Image', 'link': 'https://www.youtube.com/watch?v=hNh73vG98o4'}, {'title': 'How To Make A YouTube Banner', 'link': 'https://www.youtube.com/watch?v=dNBSvpT4yX0'}]"
Adobe Photoshop Tutorials,https://www.youtube.com/channel/UCiuAyOyn2Bo0_u_yPQZJQ5w,@adobephotoshoptutorials4730,2018-01-06T15:05:27Z,"{'viewCount': '45', 'subscriberCount': '0', 'videoCount': '1'}",https://yt3.ggpht.com/ytc/AIdro_ksl7JmiDIOkUwtwJxWil8ZwseGIf-NYcSqGwk_PHp4XQ=s240-c-k-c0x00ffffff-no-rj,Adobe Photoshop Tutorials,"[{'title': 'How make a vintage effect -Photoshop for beginner- Vintage effect photoshop', 'link': 'https://www.youtube.com/watch?v=hXY07p3PFkY'}]"
PHOTOSHOP TUTORIAL,https://www.youtube.com/channel/UCpcba-3v3712RsV4hWUSnOA,@photoshoptutorial3426,2017-01-15T07:15:13Z,"{'viewCount': '35075', 'subscriberCount': '450', 'videoCount': '14'}",https://yt3.ggpht.com/ytc/AIdro_k9HSryoiMpxuOahULLeDvwEFwxrfEwx8DUghi5dfA2CA=s240-c-k-c0x00ffffff-no-rj,"""PHOTOSHOP TUTORIAL"" ""PHOTO MANIPULATION"" ""ADOBE PHOTOSHOP"" ""PHOTO EDITING"" GRAPHICS PICSART photoshop app cs adobe ccphotoshop cs5 cs4 plugins cs2 actions latest price filters effects program cs3 c6 new 2016 background photography photo design","[{'title': 'Pics art editing the burning hand picsart editing tutorial', 'link': 'https://www.youtube.com/watch?v=gfu0AyaxTO4'}, {'title': 'Photoshop tutorial - understanding layer mask - merging two pictures into one | Photoshop tutorial', 'link': 'https://www.youtube.com/watch?v=PeHTw9JNqY0'}, {'title': 'Pics art photo editing the dispersion effct', 'link': 'https://www.youtube.com/watch?v=FAWMUXhqtiw'}]"
Photoshop Tutorials,https://www.youtube.com/channel/UCYbwgWs-3lLDOzfOxFuomwA,@photoshoptutorials2504,2021-04-06T10:25:33.05678Z,"{'viewCount': '106', 'subscriberCount': '2', 'videoCount': '3'}",https://yt3.ggpht.com/ytc/AIdro_mKKjydl7YvGb0cCzj2lkFu947E8mJcm8uzvpvXWT_Omw=s240-c-k-c0x00ffffff-no-rj,"""photoshop manipulation tutorial"" ""photoshop manipulation tutorial cs6"" ""photoshop manipulation tutorial for beginner"" ""photoshop manipulation effects"" ""photoshop manipulation tutorial cc"" ""photoshop manipulation background"" ""photoshop manipulation beginner"" ""photoshop manipulation basics"" ""photoshop manipulation tutorial beginner"" ""photoshop background manipulation"" ""photoshop body manipulation"" ""best photoshop manipulation tutorials"" ""photoshop manipulation for beginners"" ""Photoshop CC Tutorials"" ""Photoshop CC"" ""Photoshop Tutorials""","[{'title': 'Most difficult Skin Retouching of Japanese Man', 'link': 'https://www.youtube.com/watch?v=UoguNPxpzuI'}, {'title': 'Boost Depth & Make Photo “Pop” (Look More 3D!) | Photoshop Tutorials', 'link': 'https://www.youtube.com/watch?v=wvrzGaQbmGE'}, {'title': 'Fantastic Color Grading in 2 minutes | Photoshop Tutorials', 'link': 'https://www.youtube.com/watch?v=-RSVbE88SSM'}]"
Photoshop Tutorials Pejiz,https://www.youtube.com/channel/UCY-6h5VhuOU9pk1gXZPmAjA,@pejiz,2022-01-28T22:47:04.101764Z,"{'viewCount': '117789', 'subscriberCount': '2480', 'videoCount': '128'}",https://yt3.ggpht.com/e2I0kphRMEA92VSGv3AdktaSKbiWETM8-h_LTc_7pi0BtDhNU09nTAt_rOyfAOJUjI8CC-e9Xg=s240-c-k-c0x00ffffff-no-rj,"""Photoshop Tutorials"" ""Photoshop Tutorial"" Photography ""Graphic Design"" Photoshop ""Learn Photoshop"" ""How to Photoshop"" ""Photoshop Tutorials Free"" Adobe ""Photoshop Editing"" ""Photoshop Effects"" ""Photoshop Graphic Design"" ""Free PSD"" ""Photoshop For Beginners"" ""Photoshop Tips"" ""Photoshop Tricks"" ""How to"" ""Learn Free Photoshop"" ""Photoshop Presets"" ""Adobe Photoshop Tutorials"" Pejiz","[{'title': 'How to Clear Recent Files From Photoshop Home Screen', 'link': 'https://www.youtube.com/watch?v=9Vl9MNxaR88'}, {'title': 'Photoshop for Beginners Free Course: The Home Screen Explained!', 'link': 'https://www.youtube.com/watch?v=fijuqp42FYo'}, {'title': 'The Moment Photoshop Changed Everything for Us!', 'link': 'https://www.youtube.com/watch?v=Zcs-znGdyZQ'}]"
Photoshop Tutorials,https://www.youtube.com/channel/UCeMCKfpmlVwNrc3pHgmdcRw,@pstutorialls,2022-12-01T17:25:17.52843Z,"{'viewCount': '8127744', 'subscriberCount': '17000', 'videoCount': '217'}",https://yt3.ggpht.com/Tz_7ztTmUGV6vCXiOIn13iNnlj4wPh5JLZOWbnSsxZeae87DsYatvaQ9RtfQxwNouID2VUStPI4=s240-c-k-c0x00ffffff-no-rj,,"[{'title': 'How to Upscale Images in Photoshop Tutorial', 'link': 'https://www.youtube.com/watch?v=u6lYHXSPa4c'}, {'title': 'Sky Replacement in Photoshop Tutorial', 'link': 'https://www.youtube.com/watch?v=VHcp5556xk8'}, {'title': 'Remove Transparent parts of Images in Photoshop Tutorial', 'link': 'https://www.youtube.com/watch?v=4egVVnRQWxE'}]"
Photoshop Tutorial,https://www.youtube.com/channel/UCWoasaxlApY9ACCwCj0fYCA,@photoshoptutorial8481,2023-01-14T17:40:26.94577Z,"{'viewCount': '95', 'subscriberCount': '10', 'videoCount': '3'}",https://yt3.ggpht.com/ytc/AIdro_mr37oRls3u6k7EE_8gDqBxn_k1Cw9-a1KK79pSS85YEcYWkOxBOW-pyk2xx5PX-pxcIw=s240-c-k-c0x00ffffff-no-rj,,"[{'title': 'STEP-BY-STEP PHOTO MANIPULATION: CREATE A PILE OF RUST IN PHOTOSHOP', 'link': 'https://www.youtube.com/watch?v=N1HKovFlUJk'}, {'title': 'Mastering Moon Lighting Effects in Photoshop: A Step-by-Step Tutorial', 'link': 'https://www.youtube.com/watch?v=-eu6ww9deZI'}, {'title': 'HOW TO CHANGE BACKGROUND + MIX COLOR GRADING IN PHOTOSHOP TUTORIAL 2023', 'link': 'https://www.youtube.com/watch?v=35L5yEFLGVA'}]"
Photoshop Tutorials,https://www.youtube.com/channel/UCpuMFWn1Avfo3wg0Ja3OK8A,@photoshoptutorialsps,2024-10-14T00:46:37.279084Z,"{'viewCount': '48', 'subscriberCount': '1', 'videoCount': '2'}",https://yt3.ggpht.com/iKQDbbvqDGS63ZhgbOHPRrvc28FNuvXs3L7ZQre7ZD3OTq7Rzvh3Ply1qCv2ubArdrJoao6D=s240-c-k-c0x00ffffff-no-rj,,"[{'title': 'Photoshop Tutorial - Pepper (Beginners)', 'link': 'https://www.youtube.com/watch?v=6BuplddGAU0'}, {'title': 'Photoshop Tutorial - Banana (Beginners)', 'link': 'https://www.youtube.com/watch?v=ZTPSBt-RvVI'}]"
photoshop tutorials,https://www.youtube.com/channel/UCfe3aoE-5kdPmrsuuA6dwNw,@photoshoptutorials579,2018-06-24T12:41:23Z,"{'viewCount': '66', 'subscriberCount': '4', 'videoCount': '1'}",https://yt3.ggpht.com/ytc/AIdro_mYiz5nu9JjBG8ada58Z_W2oU-4F5XUIPICAMkgNhTd-w=s240-c-k-c0x00ffffff-no-rj,,"[{'title': 'Photoshop tutorials | best photoshop tutorials | Yash Machhi best edit |', 'link': 'https://www.youtube.com/watch?v=uuZoiBcNIcc'}]"
Inspiration Photographers,https://www.youtube.com/channel/UCvp8Ba0pU09ZVZJXEaGU9DA,@inspirationphotographers,2014-06-23T18:12:52Z,"{'viewCount': '26412', 'subscriberCount': '1130', 'videoCount': '40'}",https://yt3.ggpht.com/iL4PPAIreKuW3rJv4I-LdI2Cb92Vw2u7q3ocwvl86WzHgrpMpduFT7RKPx_XYkAfrlF1FCcF=s240-c-k-c0x00ffffff-no-rj,"""wedding photographers"" ""family photographers"" ""Portrait photographers"" ""Sports photographers"" ""wedding filmmakers"" wedding ""find a wedding photographer"" ""find a wedding filmmaker"" ""find an available wedding photographer"" ""The best wedding photographers in the world"" ""The best wedding photographers in the United States of America."" ""The best wedding photographers in Europe."" ""The best wedding photographers in Brazil."" ""The best wedding photographers in France.""","[{'title': 'BRUNO ROSA | LIFESHARE by Inspiration Photographers', 'link': 'https://www.youtube.com/watch?v=dA8C-DYWlDc'}, {'title': 'DEIVERSON ABRANTES | LIFESHARE by Inspiration Photographers', 'link': 'https://www.youtube.com/watch?v=nKHhuZ_gZ54'}, {'title': 'Paola Vidal & Roberto Vallim | LIFESHARE by Inspiration Photographers', 'link': 'https://www.youtube.com/watch?v=GGZBBU5ljRo'}]"
COOPH,https://www.youtube.com/channel/UCn5C6P1rxY6PEU6xUKapbCQ,@thecooph,2013-06-26T13:20:03Z,"{'viewCount': '83703308', 'subscriberCount': '1040000', 'videoCount': '253'}",https://yt3.ggpht.com/ytc/AIdro_nNX0NlaM8kpEAy9_HXhJOWd7_1QVdazos-adXlZxz8PtM=s240-c-k-c0x00ffffff-no-rj,photography photo camera DIY tips tricks tutorials photographers,"[{'title': 'New day, new #cooph camera strap', 'link': 'https://www.youtube.com/watch?v=2hQCUCSzhaU'}, {'title': 'COOPH x Mühlbauer photographer hat collection 🧠🧢 #cooph', 'link': 'https://www.youtube.com/watch?v=9rKQxqdkhI0'}, {'title': 'Limited Edition Adjustable Nautic Strap 🚢📸 #cooph', 'link': 'https://www.youtube.com/watch?v=hB5ZxMzHwVs'}]"
Professional Photographers of America (PPA),https://www.youtube.com/channel/UCMduvMqHlwMbVINdRFfiKGA,@ourppa,2010-10-04T19:30:12Z,"{'viewCount': '3475609', 'subscriberCount': '66000', 'videoCount': '717'}",https://yt3.ggpht.com/zN_5xU-PMDEOkK4HYJOdKKM5QGxgmoEhvYlivBDaipdIk1HaMGpH2ULPM6eZyxiucC4QWuljElI=s240-c-k-c0x00ffffff-no-rj,"""Photography Online Learning"" ""Photography Education"" ""Photography Classes"" ""Photography Courses"" ""professional photographers of america"" ""how to photography"" ""photography education"" ""photography business"" ""professional photographer"" ""learn photography"" ""photography marketing"" ""photo entrepreneur"" photographers photography ourppa ppa ""business ideas"" ""photo conference""","[{'title': 'How to Connect with Your Photography Clients - Phone Calls + In Person! 📞🤝', 'link': 'https://www.youtube.com/watch?v=EATg7jCj0xg'}, {'title': 'Sell Photography Like a Pro: In-Person Sales Tips to Maximize Every Session', 'link': 'https://www.youtube.com/watch?v=cvCF0SkVZhA'}, {'title': '3 Powerful Portrait Looks with Just One Light — Essential Photography Skills', 'link': 'https://www.youtube.com/watch?v=rKc0-lCphN8'}]"
First Man Photography,https://www.youtube.com/channel/UCwwjvMqaCoIderEkSuw6pjQ,@firstmanphotography,2014-07-14T16:23:36Z,"{'viewCount': '13650295', 'subscriberCount': '168000', 'videoCount': '412'}",https://yt3.ggpht.com/ytc/AIdro_mwA3XC5J8-4fUJeFF1F-DtYPrC7RfQpN9ElUc8QRyDFxQ=s240-c-k-c0x00ffffff-no-rj,"photography ""landscape photography"" ""photography tutorials"" hiking backpacking ""photography tips"" ""camera reviews"" ""wild camping"" camping adventure ""photography adventure"" nature outdoors ""photo printing"" ""take better photos""","[{'title': 'Photography Has Entered a Strange New Era', 'link': 'https://www.youtube.com/watch?v=gQciRMa_wlA'}, {'title': 'Before You Quit Photography... watch this first.', 'link': 'https://www.youtube.com/watch?v=QauACX4BQ0s'}, {'title': 'My SUPERPOWER as a Photographer and YouTuber', 'link': 'https://www.youtube.com/watch?v=ahWX41BhVw0'}]"
Photo Masters,https://www.youtube.com/channel/UCBY0bNW4MHsJuz-6nCceTLw,@shuttermonkeystv,2018-10-24T12:37:35Z,"{'viewCount': '127360', 'subscriberCount': '7350', 'videoCount': '72'}",https://yt3.ggpht.com/FNFVWLqgkYFt_VY5xoh-psvHxrFTOhH1TIdoXtVxtsRcDzbGHR_caBnj-E_t2Z4sB5tRHmVZNA=s240-c-k-c0x00ffffff-no-rj,"photography ""landscape photography"" ""wildlife photography"" ""travel photography"" ""nature photography""","[{'title': 'Setting the White and Black Point in Lightroom', 'link': 'https://www.youtube.com/watch?v=vmsZ2hnbL00'}, {'title': 'Ben Williamson Interview', 'link': 'https://www.youtube.com/watch?v=i_rCfinm0pM'}, {'title': 'Give Your Photos Energy', 'link': 'https://www.youtube.com/watch?v=yJWkk7hqmt0'}]"
Simon Baxter,https://www.youtube.com/channel/UCcGPU4A6xJ1OYOkvfMoo25w,@simonbaxterphotography,2011-09-30T13:35:10Z,"{'viewCount': '3449261', 'subscriberCount': '67500', 'videoCount': '126'}",https://yt3.ggpht.com/6Zcvil7IHDs5sRGfS8BFs18Xg3bheePmXPrFjlspgkJCDvFW83SusVIcaNquSYxeCoPpO1TB2Bw=s240-c-k-c0x00ffffff-no-rj,"photography ""landscape photography"" ""woodland photography"" ""photography tutorials"" ""photography tips"" ""photography advice"" ""photography workshops"" ""printing photographs"" ""north yorkshire"" ""north york moors"" woodland forest trees nature outdoors","[{'title': 'The Unsung Heroes of Woodland Photography', 'link': 'https://www.youtube.com/watch?v=V--8tABUddU'}, {'title': 'Woodland Photography - A Change Is Needed', 'link': 'https://www.youtube.com/watch?v=rXA7RlytKwA'}, {'title': 'The Best Thing About Woodland Photography | Scouting a New Location', 'link': 'https://www.youtube.com/watch?v=7t3wszrQMrc'}]"
Inspiration of Photography,https://www.youtube.com/channel/UCv4IZBgL1tg3Bk8xUDEM4lw,@inspirationofphotography1928,2017-06-18T16:11:05Z,"{'viewCount': '754', 'subscriberCount': '6', 'videoCount': '11'}",https://yt3.ggpht.com/ytc/AIdro_l08A66tDRn1UcXI6vYqTG8XI-qroUBShYMzO_C6dnWmQ=s240-c-k-c0x00ffffff-no-rj,"""Inspiration of Photograpy"" Inspiration of Photograpy ""photography meaning"" ""photography images"" ""photography career"" ""photography for beginners"" ""photography tutorials"" ""photography pronunciation"" ""photography websites"" ""photography art"" ""best online photography courses"" ""online photography courses nikon"" ""online photography degree"" ""online photography editing""","[{'title': '✴✴ Introducing Elements of Photography | Introductory Lecture on photography ✴✴', 'link': 'https://www.youtube.com/watch?v=afxoHflM1EQ'}, {'title': 'Anger Photography | Inspiration of Photography', 'link': 'https://www.youtube.com/watch?v=bUR7-6EtZ28'}, {'title': 'Amphibian Photography | Inspiration of Photography', 'link': 'https://www.youtube.com/watch?v=fIU0t5Tgkqs'}]"
distantmedia.,https://www.youtube.com/channel/UCAsUZId62BBbeSyv1uceQzQ,@distantmedia,2012-06-20T20:53:31Z,"{'viewCount': '524079', 'subscriberCount': '5330', 'videoCount': '142'}",https://yt3.ggpht.com/zGObE8LuuVIC9-akjBv8kYiEsPud-1P7JToryi7qHn1j-_1BpQbXIm7LM6wPOvnce3beVsO8cA=s240-c-k-c0x00ffffff-no-rj,"DISTANTMEDIA distantmedia ""distant media"" photography creativity ""learn photography"" ""photography tutorials"" ""improve photography"" ""photography vlog"" ""street photography"" ""learn cameras"" ""learn editing"" ""photo editing"" lightroom photoshop ""take better photos"" ""video tutorials"" ""camera gear"" composition ""cinematic films"" ""creative content"" cinematography ""photography for beginners"" ""photography tips"" ""photography advice"" ""digital cameras"" ""POV photography"" ""landscape photography"" ""sony a7iv"" a74","[{'title': 'Budget Lens, Incredible Results - Viltrox 40mm F2.5', 'link': 'https://www.youtube.com/watch?v=QR6t8F88q50'}, {'title': 'Over 10 Years of Lightroom Editing Taught Me This', 'link': 'https://www.youtube.com/watch?v=zR9UwMPjniU'}, {'title': 'Essential Photography Lessons Learned Over 10 Years', 'link': 'https://www.youtube.com/watch?v=PsUEj-FIFJE'}]"
BetterPhoto - Your daily cup of photo inspiration,https://www.youtube.com/channel/UCUZ-9NOEwrNLkHlaB7KBTUg,@betterphoto,2020-10-21T19:48:52.835351Z,"{'viewCount': '3254', 'subscriberCount': '329', 'videoCount': '23'}",https://yt3.ggpht.com/ytc/AIdro_kuoiQXe8IU_lTZpjd2c1oWBksT8w33PnsTKvnL4XrzQw=s240-c-k-c0x00ffffff-no-rj,"Photography ""photo questions"" ""photo tips"" betterphoto","[{'title': 'BetterPhoto Forum: How To Make Your Photography Even More Fun', 'link': 'https://www.youtube.com/watch?v=SjKNgH-ZV8U'}, {'title': 'Photography Q&A with Tony Sweet and Jim Zuckerman', 'link': 'https://www.youtube.com/watch?v=sLtz_a-jzu8'}, {'title': 'Question 0021: Happy Thanksgiving - Gratitude and a Question', 'link': 'https://www.youtube.com/watch?v=9Aa6c5xY8dg'}]"
Dream Life Photography - Tom Woods,https://www.youtube.com/channel/UC_EwvRmAtasWxj_TSLmGf3w,@dreamlifephotography,2019-02-06T01:16:18Z,"{'viewCount': '772215', 'subscriberCount': '8350', 'videoCount': '195'}",https://yt3.ggpht.com/RsW3QssR7SH_JoQBKiIxPrlr_WAj_s3P0g_JdoBmUB8YcwGX4fYDnZ71jZVervciY3AFoxy8MQ=s240-c-k-c0x00ffffff-no-rj,"""Water Photography"" ""Learn Photography"" ""Photo Tips"" ""Surf Photography"" ""Water Housings"" ""Photography videos"" ""Professional Photography"" ""Travel photography"" Waves ""Aquatech Housings"" ""Canon Cameras"" ""Lightroom Tutorials"" ""Photography Tips""","[{'title': 'I Didn’t Expect This Lightroom Update to Be So Good', 'link': 'https://www.youtube.com/watch?v=SH0ZM_IOvGQ'}, {'title': 'Why Use an SSD for photo and video editing (And How to Format It for Mac)', 'link': 'https://www.youtube.com/watch?v=xEhIs4i3ZZ8'}, {'title': 'Get Your Photography Seen Faster with This Tool!', 'link': 'https://www.youtube.com/watch?v=TNDETBMS7d4'}]"
Andres Hernandez,https://www.youtube.com/channel/UCtha9wDlgdoxHwsnZIb2l2w,@andreshernandez,2006-05-27T22:14:21Z,"{'viewCount': '318328', 'subscriberCount': '2110', 'videoCount': '100'}",https://yt3.ggpht.com/ytc/AIdro_l7687F3NeoGrBaGqrAt0WyZDBjYUCs3rIuS1biuhp74-U=s240-c-k-c0x00ffffff-no-rj,"""making of"" ""Andres Hernandez"" ""Analog Photography"" ""Fashion Photography"" ""Dark Room"" ""Large format Photography"" ""Behind The Scenes"" ""Editorial Photographer"" ""Advertising Photographer"" ""Model Photo Shoot"" ""Celebrity Photographer"" ""Portrait Photographer"" Profoto Canon ""large format photography""","[{'title': 'Gabriela #photoshoot #morningvibes  #photography #art', 'link': 'https://www.youtube.com/watch?v=xPRYC2crcDg'}, {'title': 'Iris Apfel 1921-2024 RIP #irisapfel', 'link': 'https://www.youtube.com/watch?v=vmorsCELnMs'}, {'title': 'Capturing Memories: Reuniting with one of My First Art Teachers for a 4x5 Camera Photoshoot', 'link': 'https://www.youtube.com/watch?v=oBodbVfcz80'}]"
Pete Coco Photography,https://www.youtube.com/channel/UCeAw-QhVFXioQjQSKfSPVoQ,@petecocophoto,2014-06-10T20:52:15Z,"{'viewCount': '2065373', 'subscriberCount': '31900', 'videoCount': '230'}",https://yt3.ggpht.com/sAA2aaj2DfrxCOix0gYuwgM1NNVS2XMK965ATEl1ee5lqhUBo4RMTpaI05IFyxDJgTL19rRydg=s240-c-k-c0x00ffffff-no-rj,"photography ""canon r5"" fujifilm ""fuji x series"" ""mirrorless cameras"" ""camera gear"" ""camera reviews"" ""headshot crew"" ""peter hurley"" headshots ""portrait photography"" ""camera gear reviews"" canon ""fujifilm xt5"" ""fujifilm tutorial""","[{'title': 'Portrait Tips in 2 Minutes or Less: Background Light', 'link': 'https://www.youtube.com/watch?v=dQZhwlmWI8I'}, {'title': 'Earth Day flowers with the Viltrox 35mm f/1.2 LAB lens', 'link': 'https://www.youtube.com/watch?v=8Nql8M5ieu4'}, {'title': 'Portrait Tips in 2 Minutes or Less!', 'link': 'https://www.youtube.com/watch?v=HKvyTRIo0g0'}]"
Darrell Oakden Photography,https://www.youtube.com/channel/UCyMhKDP71rGo4KSaA0sln4g,@darrelloakdenphotography,2011-10-01T10:53:07Z,"{'viewCount': '1140954', 'subscriberCount': '11100', 'videoCount': '309'}",https://yt3.ggpht.com/ytc/AIdro_l1eBKdU2ZooGWpW4J5elGZIa7K3THIJE3cW-DhiKhcDZU=s240-c-k-c0x00ffffff-no-rj,"Photography ""Landscape Photography"" Photoshop ""Nikon D850"" ""Wildlife Photography"" ""Darrell Oakden"" nikond850 ""enjoy your photography"" ""Nikon z8""","[{'title': 'Product review of the Neewer LT07 Travel Tripod - Should you buy?', 'link': 'https://www.youtube.com/watch?v=1FEfKYBMVmw'}, {'title': 'A restful morning of bird photography at Astbury Mere Country Park', 'link': 'https://www.youtube.com/watch?v=9-dsH7TqbhU'}, {'title': 'Stunning morning of bird photography with my Nikon Z8', 'link': 'https://www.youtube.com/watch?v=55zdUCa7sU4'}]"
Inspiration Photography ,https://www.youtube.com/channel/UCVZoCwbDc7QN49-K2kF6WtA,@inspirationphotography8762,2020-04-25T15:12:00.758026Z,"{'viewCount': '1724', 'subscriberCount': '56', 'videoCount': '4'}",https://yt3.ggpht.com/2fXIP11GzjGwQtZhDnk75epJqlF40zC6mHtMrpmUxRXj3BAXjzuwTIVl6oMousuBsXBJ5va5=s240-c-k-c0x00ffffff-no-rj,"""Pascal English School Photographic Club Cyprus Pascal Education""","[{'title': 'FROM CYPRUS AND GREECE WITH LOVE AND FRIENDSHIP 2024', 'link': 'https://www.youtube.com/watch?v=ZglpsvQawH8'}, {'title': 'PEOPLE OF THE WORLD ONLINE PHOTO EXHIBITION', 'link': 'https://www.youtube.com/watch?v=Cjp0CCmptEU'}, {'title': 'Nicole Billiau Memorial Online Photo Exhibition', 'link': 'https://www.youtube.com/watch?v=SZJc22mI30I'}]"
Snapshots of Inspiration,https://www.youtube.com/channel/UCvaju1mfwVQEu33G5lwT5ag,@snapshotsofinspiration,2023-04-15T10:09:17.527196Z,"{'viewCount': '1663', 'subscriberCount': '7', 'videoCount': '14'}",https://yt3.ggpht.com/xksFsPQ4jwW2HFzC0DJhvCDjJDQCdXlm6eN5tG_XCtRnDZLyrRzIbzCVRJNu1C2O-X3XMZRJH-g=s240-c-k-c0x00ffffff-no-rj,,"[{'title': 'Night Photos', 'link': 'https://www.youtube.com/watch?v=huPqLVVbaJI'}, {'title': 'Street Photos', 'link': 'https://www.youtube.com/watch?v=4Kl15NJNuaQ'}, {'title': 'Portrait Photos', 'link': 'https://www.youtube.com/watch?v=nacsUqBQf6U'}]"
The Photography Pod,https://www.youtube.com/channel/UCkkYU4pRd1uDH101-CGMOxA,@thephotographypod,2017-03-07T23:23:03Z,"{'viewCount': '1800', 'subscriberCount': '39', 'videoCount': '23'}",https://yt3.ggpht.com/yXYwSAT6-F22qHI74Ziaf2j5i5HtM7dqfyIr101a3rkny46zdkdWO4RK7ddCwK5WrbMncXYG=s240-c-k-c0x00ffffff-no-rj,"Photography ""Photography Podcast"" ""Sony Alpha"" ""Wedding Photography"" Cameras Lenses video podcasting ""street photography""","[{'title': 'Andy Gotts - How to photograph famous people!', 'link': 'https://www.youtube.com/watch?v=M5dJJv5qlaE'}, {'title': 'Celebrity Portrait Photographer Andy Gotts, on his most iconic photo #photography #podcast', 'link': 'https://www.youtube.com/watch?v=64Xxa_bXRv0'}, {'title': 'Emily Endean - Do what you love, and your clients will follow!', 'link': 'https://www.youtube.com/watch?v=grujZKYghRw'}]"
100 Photography Channel,https://www.youtube.com/channel/UC-XXaDeekW59JgddPqVzkyQ,@100_photos,2019-03-02T05:28:32Z,"{'viewCount': '489319', 'subscriberCount': '4640', 'videoCount': '168'}",https://yt3.ggpht.com/l_yIO7MJGRQ-XCyxePkFEmfxHqf9ZUr6RhRV8w9ByG9kn538lcM5hUQOcKzRUSQcaGoOEwbYNQ=s240-c-k-c0x00ffffff-no-rj,"photos photography ""award winning phots"" ""top 100 award winning photos of 2024"" ""top 100 award winning phots"" ""best photos of the year"" ""best mobile photos of the year"" ""best photographers of the year"" ""best photographers of 2025"" ""top 20 photographers and their phtots"" ""award winning photographers"" ""best photos of nature"" ""how to send photos for compition"" ""beginner photography"" ""how to take better photos"" ""photography ideas"" ""photography composition"" ""best photography tips and tricks""","[{'title': 'Top 50 Most Expensive Paintings Ever Sold (hint - its not monalisa painting)', 'link': 'https://www.youtube.com/watch?v=OL8p1mk48S0'}, {'title': '50 Melted Objects That Reveal the Brutal Power of Fire in Los Angeles', 'link': 'https://www.youtube.com/watch?v=DTM5d-UNiOY'}, {'title': ""15 Real Brutal Paintings From 1300's Shows Real History | That Will Transform Your View Of The Past"", 'link': 'https://www.youtube.com/watch?v=2eP8oEAaB2E'}]"
Magic Wedding Photographer,https://www.youtube.com/channel/UCyGgPw6BpG24EW56YYknWVg,@magicweddingphotographer,2020-01-17T17:39:41.660958Z,"{'viewCount': '4773375', 'subscriberCount': '42200', 'videoCount': '219'}",https://yt3.ggpht.com/ErJ3oorcePuGPtPVFN9YWXVOaU5lUQZ38q44-ZJ8QTt6bTgVQhPCnmoQDcSdAYvbImkJdfAd=s240-c-k-c0x00ffffff-no-rj,"""Wedding photographer"" ""Sony Europe Ambassador"" cameras lenses reviews ""Sony camera reviews"" ""photography education""","[{'title': 'Don’t Panic If Your Camera Screen Goes Dark in the Rain!', 'link': 'https://www.youtube.com/watch?v=sJwkY5WSLYI'}, {'title': 'Why Every Wedding Photographer Needs to MASTER Flash', 'link': 'https://www.youtube.com/watch?v=FWSz6_JNdWI'}, {'title': 'Tilt Lens for Portraits EXPLAINED', 'link': 'https://www.youtube.com/watch?v=-ybBw-o076g'}]"
Sean Tucker,https://www.youtube.com/channel/UC_43mQmHwHPTBBqImFrWU3Q,@seantuck,2008-12-02T13:39:05Z,"{'viewCount': '29176780', 'subscriberCount': '593000', 'videoCount': '174'}",https://yt3.ggpht.com/ytc/AIdro_mG7KBAL-2bnyADTynOdMEA550rrL3Y-7LGHoPX2OICP5XT=s240-c-k-c0x00ffffff-no-rj,"""sean tucker"" ""sean tucker channel"" ""sean tucker video"" ""video london"" ""london video"" ""sean tucker videography""","[{'title': 'Is your Photography any Good?', 'link': 'https://www.youtube.com/watch?v=id39qt2dhrk'}, {'title': 'Using your Photography to Make a Difference (feat. Edward Matthews)', 'link': 'https://www.youtube.com/watch?v=77YNpx-7NOA'}, {'title': 'Street Photography without the People', 'link': 'https://www.youtube.com/watch?v=EjTJoZXVAK8'}]"
Mads Peter Iversen,https://www.youtube.com/channel/UCrWU2BpF6zvRFnkYHDDYHDg,@madspeteriversen,2013-07-08T08:40:13Z,"{'viewCount': '22265406', 'subscriberCount': '244000', 'videoCount': '475'}",https://yt3.ggpht.com/ytc/AIdro_mXwUqda7ucFIbJKNFeawB5-Xo79FVz-iCAxmzYUlVfgWLi=s240-c-k-c0x00ffffff-no-rj,"""landscape photography"" ""photography iceland"" ""iceland photography"" ""photographing iceland"" ""mads peter iversen"" ""landscape photography iceland"" iceland landscape photography ""travel photography iceland"" guide ""photography guide"" ""what to see in iceland"" ""iceland landscape photography"" ""best photography channel"" composition ""photography tutorial"" ""landscape photography tips"" ""landscape photography learn"" ""learn landscape photography"" ""landscape photography for beginners"" gear ""photography gear""","[{'title': 'ENOUGH Talking, Theory is Easy... Practice is NOT! Real Landscape Photography in the Field', 'link': 'https://www.youtube.com/watch?v=aVuo3DSSnUY'}, {'title': 'How to get INSANE photos from MUNDANE subjects!', 'link': 'https://www.youtube.com/watch?v=NIi7w0C3aBE'}, {'title': 'Minimalist Moody Telephoto Zoom Photography and the Power of Patience', 'link': 'https://www.youtube.com/watch?v=n6MxuZ-dJxY'}]"
The Photographers' Gallery,https://www.youtube.com/channel/UCPJvLTB8xK2K2V0elQV_Sgw,@thephotographersgallerylondon,2011-12-22T16:26:35Z,"{'viewCount': '659690', 'subscriberCount': '5920', 'videoCount': '378'}",https://yt3.ggpht.com/ytc/AIdro_lhKkWHdMGgEJAO8mBbRJH07uyWPkhA6aNk3Qrz_YMRLhY=s240-c-k-c0x00ffffff-no-rj,"""Photographers' Gallery"" London photography exhibition","[{'title': 'Artist Talk: Rahim Fortune with Taous Dahmani', 'link': 'https://www.youtube.com/watch?v=zCkl87n4cks'}, {'title': ""Big Give Campaign 2025 | The Photographers' Gallery"", 'link': 'https://www.youtube.com/watch?v=xyyMldLcz1o'}, {'title': ""An Interview with Tarrah Krajnak | The Photographers' Gallery"", 'link': 'https://www.youtube.com/watch?v=PKhuH87LalA'}]"
The Photographic Eye,https://www.youtube.com/channel/UCdQ2jU3p06eoXfrSWchHOrQ,@thephotographiceye,2020-11-20T13:03:17.102153Z,"{'viewCount': '14074457', 'subscriberCount': '221000', 'videoCount': '348'}",https://yt3.ggpht.com/knWlvst-SCIJclhaxB34e_y_TQcsNm_CB48WI7rJ3ZnJpftJFpgomjspxHZhziqP1R1WGvXo=s240-c-k-c0x00ffffff-no-rj,"Photography Art Photographer history ""famous photographers"" ""well known photographers"" ""photography theory"" ""photographic history"" ""photographic art"" ""art of photography"" ""improve photography"" ""be a better photographer"" ""photography tips""","[{'title': ""Meatyard - The Creepiest Photographer You've Never Heard Of"", 'link': 'https://www.youtube.com/watch?v=ViyOUORtvOk'}, {'title': 'A Place Where Photographers Grow—Together', 'link': 'https://www.youtube.com/watch?v=hId_E12dl-c'}, {'title': 'Why I Always Come Back To Black And White Photography', 'link': 'https://www.youtube.com/watch?v=7aLgTmuQdnw'}]"
steven brooke,https://www.youtube.com/channel/UCWQ6mvURk1hh8-FabdHcADQ,@stevenbrookephotography,2014-09-02T02:44:53Z,"{'viewCount': '537393', 'subscriberCount': '17200', 'videoCount': '74'}",https://yt3.ggpht.com/ytc/AIdro_nAiUgM5bftwBQ9iL1hlvGsGihC03XYhplomD0OVwokdw=s240-c-k-c0x00ffffff-no-rj,"Photography Photoshop Architectural Architecture Landscape ""architectural photography""","[{'title': 'A SIMPLE ON-SCREEN TECHNIQUE TO IMPROVE YOUR ARCHITECTURAL PHOTOGRAPHS', 'link': 'https://www.youtube.com/watch?v=-zPq4Z9Lcn0'}, {'title': 'When Photography Turns Into Cleanup: My Surprising Experience', 'link': 'https://www.youtube.com/watch?v=lNwvpSate9U'}, {'title': 'Why High-End Architectural Photography is Essential', 'link': 'https://www.youtube.com/watch?v=HONaTIikHn0'}]"
Amateur Photographer TV,https://www.youtube.com/channel/UCs_AfAJx0_bE-_EJXYo10vw,@amateurphotographertv,2007-06-25T09:03:07Z,"{'viewCount': '3349576', 'subscriberCount': '61300', 'videoCount': '750'}",https://yt3.ggpht.com/c1B5ET-r3QcjqSug_kgV_42TVmcrNR6UudpAjhGIcXFcJ7dFFpkiNv--AIP8J-2rnANWOAF6ng=s240-c-k-c0x00ffffff-no-rj,"canon nikon fujifilm samsung sony panasonic ""digital camera"" SLR DSLR ""photography review"" ""test digicam"" ""camera review"" ""dslr review"" ""slr review"" ""canon eos"" ""canon camera review"" ""canon review"" ""nikon camera"" ""nikon review"" 'olympus camera ""olympus review"" ""olympus demo""","[{'title': 'Iford KI Monobar Monorail camera from the 50s made for 35mm film, which is quite unusual!#', 'link': 'https://www.youtube.com/watch?v=2lEItrXdHiw'}, {'title': 'New Adobe content authenticity application available - what is it?!', 'link': 'https://www.youtube.com/watch?v=HIc8XJu91iA'}, {'title': 'Improve your street photography!', 'link': 'https://www.youtube.com/watch?v=CR17Q2yNJHQ'}]"
Thomas Heaton,https://www.youtube.com/channel/UCfhW84xfA6gEc4hDK90rR1Q,@thomasheatonphoto,2014-11-24T19:41:28Z,"{'viewCount': '74553143', 'subscriberCount': '599000', 'videoCount': '632'}",https://yt3.ggpht.com/fV4XnuX1q0sMf8r2LTui_WVNTB8YT2Q4KR3NQO-vj7LPfYS4nPhhuNhUHjIwaV7dXOXyvqJs_Q=s240-c-k-c0x00ffffff-no-rj,"photography ""landscape photography"" tutorials filters ""how to"" outdoors adventure hiking photograph travel photo learn inspirational lenses kit equipment review photoshop lightroom camera film prints printing camping outdoors ""camper van"" ""van life""","[{'title': 'The Obvious Problem With Travelling for Photography', 'link': 'https://www.youtube.com/watch?v=GVK6KzD9fQ0'}, {'title': 'Why Do Things Look Different Here? Landscape Photography on the Altiplano.', 'link': 'https://www.youtube.com/watch?v=ZfceABx2M-I'}, {'title': 'My Dream Photography Location Was Not Good, Until...', 'link': 'https://www.youtube.com/watch?v=JCXYfQfsxnM'}]"
Kelly Brown Newborn Photographer,https://www.youtube.com/channel/UCsBh1s1WdBx24tJd-zvqlYQ,@kellybrownphotographer,2011-11-04T08:27:08Z,"{'viewCount': '6173243', 'subscriberCount': '80300', 'videoCount': '227'}",https://yt3.ggpht.com/CBiFR-7148-PPV-b0w12Fi1xaakNdYV2Z-4BpwJVQkJAOEuEcgo3VuZaM8SJ-aGH1_LpVVnCfA=s240-c-k-c0x00ffffff-no-rj,"Newborn ""kelly brown"" ""newborn posing"" ""newborn photography"" ""newborn posing tutorial"" ""baby photography"" ""photographing newborns"" ""baby photos"" ""newborn wrapping techniques"" ""baby wrapping techniques"" ""newborn photography tutorial"" ""model posing techniques"" ""how to take newborn photos"" ""newborn posing workflow"" posing ""newborn photography angles"" ""newborn photography posing tutorial"" ""bean bag posing"" ""posing tips for photoshoot"" ""baby photography props"" ""newborn posing wrapping techniques""","[{'title': ""Kelly Brown's Favourite Camera Bag #camerabag  #kellybrown #photographybag #statusanxiety"", 'link': 'https://www.youtube.com/watch?v=6BhEAGMeuE8'}, {'title': 'Achieve Whiter Whites in Photoshop', 'link': 'https://www.youtube.com/watch?v=m5PNKB967Bo'}, {'title': 'Newborn Safety Guidelines & Assessment https://www.kellybrownonline.com/pages/newbornsafety', 'link': 'https://www.youtube.com/watch?v=cFy3LTl5BoY'}]"
Nick Carver,https://www.youtube.com/channel/UCLcKQhTO6i0oq10S234vWyA,@nickcarverphoto,2013-05-19T17:34:30Z,"{'viewCount': '9850885', 'subscriberCount': '125000', 'videoCount': '155'}",https://yt3.ggpht.com/7cVQjyMbPpwZpf5OueMtaNsSVtiM1wd5KNqV6PUEeQC3eATCFSGKfEtvaJ7NOxpg4iQEnCTMCg=s240-c-k-c0x00ffffff-no-rj,"Photography ""Digital Photography"" ""Large Format Photography"" ""Panoramic Photography""","[{'title': 'Photography On Location: Dead Strip Mall (+ Portra vs. Gold)', 'link': 'https://www.youtube.com/watch?v=UG4N1oIAtAU'}, {'title': 'Viewer Mail: SLRs vs Rangefinders', 'link': 'https://www.youtube.com/watch?v=O3H9RqnyOVQ'}, {'title': 'Why Glossy Photos Look Better', 'link': 'https://www.youtube.com/watch?v=zPxBrnqy_-I'}]"
The Photographer Academy,https://www.youtube.com/channel/UCwg2budyK4FW_qL-zEqmLjA,@thephotographeracademy,2009-05-06T14:56:19Z,"{'viewCount': '7951907', 'subscriberCount': '88900', 'videoCount': '1036'}",https://yt3.ggpht.com/ytc/AIdro_netZz9-hKTYxMPWRv2kjIqvqyxKr913-pzvldwRM_vYmc=s240-c-k-c0x00ffffff-no-rj,"Photography ""Photography Training"" ""Photography How To"" ""Photography Lighting"" ""Photography Tips"" ""Photography Guides"" ""How To Photography"" ""The Photographer Academy"" ""Learn Photography"" Camera Lighting Lens Landscape Portrait Boudoir Macro ""Macro Photography"" ""Landscape Photography"" ""Family Photography"" ""Commercial Photography"" ""Food Photography""","[{'title': 'Talk Fine Art Nude Portraits in Natural Light with Ben Ernst', 'link': 'https://www.youtube.com/watch?v=kG2BVt4C278'}, {'title': 'How to Create Your Own Cartoon Character in a Scene from an Image | ChatGPT Tutorial', 'link': 'https://www.youtube.com/watch?v=Ez-QzhW5x0k'}, {'title': 'How to Create Expression Sheets from Your Image Using Text Prompts in ChatGPT', 'link': 'https://www.youtube.com/watch?v=w8ssispKlq8'}]"
Pierre T. Lambert,https://www.youtube.com/channel/UChuxvFyBYM3VtnLDz8l6vNA,@pierretlambert,2013-09-29T01:19:37Z,"{'viewCount': '58496255', 'subscriberCount': '728000', 'videoCount': '382'}",https://yt3.ggpht.com/wtv7zLAFscUaajUas5nlSB8WQQaoqOL9yC3cDDYHcnIwydxXUmiZNDY2fAtuncG_QfXVnhH1=s240-c-k-c0x00ffffff-no-rj,"""photography vlog"" tutorial ""photo tips"" photographer lightroom ""street photography"" ""travel photography"" ""Photography settings"" ""Camera settings"" ""sony camera"" ""canon camera"" ""camera tutorials"" ""photography tutorials""","[{'title': ""Your Photos Aren't Looking SHARP. Here’s Why."", 'link': 'https://www.youtube.com/watch?v=KBZOY8UtNnE'}, {'title': '3 Photography Mistakes That Are Ruining Your Best Shots!', 'link': 'https://www.youtube.com/watch?v=9TvzGCFQJsU'}, {'title': 'This Lens Surprised Me – Viltrox 35mm f/1.2 !', 'link': 'https://www.youtube.com/watch?v=H6E9UQgGKKc'}]"
Expressive Photography,https://www.youtube.com/channel/UCILI7Qu2dfTE0iWHGvIPwqA,@alister_benn,2015-02-05T13:02:32Z,"{'viewCount': '2588340', 'subscriberCount': '43400', 'videoCount': '315'}",https://yt3.ggpht.com/ObPOhViwLFC77yKe4HAElNF-dcuMz-aTUPyI97uzrRXFWbt1Qsx1g_vHPfHTsvNZ14BqS0-X=s240-c-k-c0x00ffffff-no-rj,"Lightroom Photography ""Alister Benn"" ""Landscape photography"" ""how to"" tutorials composition educate ""expressive photography"" barriers vision experience tutorial lesson ""be better"" happy motivation inspiration inspire Luminosity Processing ""Understanding light"" Light engagement ""better photographs"" landscape mountains process meaning emotion ""personal development"" contrast Transitions Adobe Nikon creativity KASE abstraction local development growth ""get better"" moody reflections","[{'title': ""The most important thing about LANDSCAPE PHOTOGRAPHY COMPOSITION - isn't what you think."", 'link': 'https://www.youtube.com/watch?v=BtJ7Kq8RHNA'}, {'title': 'Vision & Light with Rachael Talibart and Bruce Percy', 'link': 'https://www.youtube.com/watch?v=GYJ37J-XcoY'}, {'title': '5 TIPS to instantly IMPROVE your photography', 'link': 'https://www.youtube.com/watch?v=X9mzXSw1xng'}]"
Adobe Tamizha,https://www.youtube.com/channel/UCYLSicYvcpLwWr0CVWE3xuA,@adobetamizha,2022-03-26T17:21:26.78023Z,"{'viewCount': '16464335', 'subscriberCount': '154000', 'videoCount': '391'}",https://yt3.ggpht.com/pXL2tNnJFcK-dXBPIkwKSP9VGsuL3b1qPIbcxCKBGbGcIRGS0Gf_Iqewv-BZ4bqmfRA2JtyPbw=s240-c-k-c0x00ffffff-no-rj,"Photoshop tamil ""tamil tutorial"" ""illustrator tamil"" ""indesign tamil"" ""beginners in tamil"" ""tamil beginner tutorial"" ""photoshop tamil tutorial"" ""illustrator basics tamil"" ""indesign basics tamil"" ""photoshop tricks in tamil"" ""digital painting tutorial in tamil""","[{'title': 'How to make logo design easily using Adobe Illustrator | Tamil illustrator tutorials', 'link': 'https://www.youtube.com/watch?v=nD2ZcFr1P0Q'}, {'title': 'How to blur the background with bokeh and colour grade using photoshop | Adobe photoshop tutorial', 'link': 'https://www.youtube.com/watch?v=BU3bZS0EVTA'}, {'title': 'Creative Flyer design using photoshop | Tamil photoshop tutorials', 'link': 'https://www.youtube.com/watch?v=tpmNRKhZq2I'}]"
Sujith.B.S Tamilan Photoshop,https://www.youtube.com/channel/UC7a9g1UIqzgBMDnulARXc7g,@sujith.b.stamilanphotoshop9188,2019-06-18T15:12:04Z,"{'viewCount': '47', 'subscriberCount': '2', 'videoCount': '2'}",https://yt3.ggpht.com/Vur3K9vBBIB1jyZN2KkX0-wj_fbs7tZ4HYhZU3r93hny5wU5t09YKLIXLb7mGJKKVf4658ARw3M=s240-c-k-c0x00ffffff-no-rj,,"[{'title': 'Sujith', 'link': 'https://www.youtube.com/watch?v=6N5fpLnULCY'}, {'title': 'Sujith.B.S Tamil Photoshop', 'link': 'https://www.youtube.com/watch?v=FZIoaoTN2s0'}]"
PS TAMILAN,https://www.youtube.com/channel/UCKCUr__6ldoNTEsCaBKHovg,@pstamilan4902,2021-03-24T03:14:50.245139Z,"{'viewCount': '57', 'subscriberCount': '8', 'videoCount': '1'}",https://yt3.ggpht.com/ytc/AIdro_nDYp2wTXi0Ye1LlzXskYpcKZdZYSFogBCrPUOFbfYzcw=s240-c-k-c0x00ffffff-no-rj,,"[{'title': 'How To Edit Youtube Banner In Photoshop In Tamil/Photoshop Tutorial In Tamil/Ps Tamilan', 'link': 'https://www.youtube.com/watch?v=PKdVhQL4z2o'}]"
tuty tamilan,https://www.youtube.com/channel/UCuzst9_g53BjZsExk8qAXnw,@tutytamilan,2022-11-20T12:13:32.16925Z,"{'viewCount': '677', 'subscriberCount': '13', 'videoCount': '4'}",https://yt3.ggpht.com/muNejblaztcIt9mAwvs8-ULRG-6wEjvjIFye0055pZ2w-E-05czZgamRCF8RzRbKSfrbm_d1Ug0=s240-c-k-c0x00ffffff-no-rj,"""tuty tamilan"" ""tn 69"" thoothukudi tamilan status edits photoshop train vlogs edit ""Tuty Tamilan"" tamil","[{'title': 'photo Basic colour correction in photoshop tamil | photoshop  tamil tutorial   |  camera', 'link': 'https://www.youtube.com/watch?v=fwy8oaByMkw'}, {'title': 'How to Place Anything into Perspective in Photoshop | Using the Vanishing Point  in Photoshop tamil', 'link': 'https://www.youtube.com/watch?v=pIIxqsSFbsc'}, {'title': 'how to remove text from image adobe photoshop', 'link': 'https://www.youtube.com/watch?v=QWVP9r52ras'}]"
UNGAL PHOTO SHOP NANBAN,https://www.youtube.com/channel/UCvJ6gtiGuB65KWHPTGA0tmA,@ungalphotoshopnanban8946,2019-10-04T08:27:05Z,"{'viewCount': '42108', 'subscriberCount': '976', 'videoCount': '21'}",https://yt3.ggpht.com/HXRJid2aK6C5-sIgozXEAiHfaTq8_Fut03BLvVEOiG7yB5XxvTfMuSoVbzMDte0x5WNPdFPHvuM=s240-c-k-c0x00ffffff-no-rj,,"[{'title': '29 July 2022', 'link': 'https://www.youtube.com/watch?v=kYXvTua6mDs'}, {'title': '29 July 2022', 'link': 'https://www.youtube.com/watch?v=QzF67IqBV5U'}, {'title': 'wagaman', 'link': 'https://www.youtube.com/watch?v=fsWeQxRbaFU'}]"
Tamilan Arts,https://www.youtube.com/channel/UCRE529-MgYJOMLfcMK6j10Q,@tamilanarts9544,2020-04-06T06:28:53.478013Z,"{'viewCount': '704', 'subscriberCount': '55', 'videoCount': '5'}",https://yt3.ggpht.com/ytc/AIdro_lDAWVJzi-phuWLZ8Orqk75BxopOdTWPY3BZcE6WbM9Fg=s240-c-k-c0x00ffffff-no-rj,Tamilan Arts,"[{'title': 'Digital Painting | Oil Painting | Photoshop Tutorial Tamil | Part 2', 'link': 'https://www.youtube.com/watch?v=svcnL5PKRSc'}, {'title': 'Digital Painting |  Oil Painting | Photoshop Tutorial | Part 1', 'link': 'https://www.youtube.com/watch?v=hmQOCip5LsI'}, {'title': 'Advanced Colourfull Digital Painting Tutorial In Photoshop | Tamilan Arts', 'link': 'https://www.youtube.com/watch?v=VUg9c23lwuk'}]"
PSD TAMILAN,https://www.youtube.com/channel/UCJyaXbvZF2hmRy1k1z_wJ7w,@psdtamilan1737,2022-07-27T08:14:15.883115Z,"{'viewCount': '1151', 'subscriberCount': '12', 'videoCount': '4'}",https://yt3.ggpht.com/sll2R4wzB04btxhWByzPFdlnpW6U48MYwkrwvPD-pmckXYfGxCMf_1BomZQSlmSBIHZVMxl1=s240-c-k-c0x00ffffff-no-rj,,"[{'title': '24x16 Vazhthumadal PSD Design Free| FREE PSD IN TAMIL | Wdding PSD TAMIL|Vazhthu madal Tamil', 'link': 'https://www.youtube.com/watch?v=_XeO4-oDQt8'}, {'title': 'muththaraiyar Board PSD Free download|Free PSD Tamil', 'link': 'https://www.youtube.com/watch?v=oM_K7dXQv5c'}, {'title': 'பொன்னியின் செல்வன் Movie Flex Banner Design Tamil|Ponniyin Selvan movie|Ponniyin Selvan|PSD Tamil', 'link': 'https://www.youtube.com/watch?v=c-emtjsBZ7o'}]"
ARTMODE TAMILAN,https://www.youtube.com/channel/UCAR5Npw3eeUvnYtWpc4rVlA,@artmodetamilan7707,2020-11-06T08:22:57.683492Z,"{'viewCount': '19', 'subscriberCount': '2', 'videoCount': '1'}",https://yt3.ggpht.com/ytc/AIdro_lwm3aZJ48YLZX8_sZ6iOsPs45Q247pt6kPFC_RwahMmg=s240-c-k-c0x00ffffff-no-rj,,"[{'title': 'Photoshop Tricks in Tamil / 3D Modelling in Tamil / Make Games in Tamil', 'link': 'https://www.youtube.com/watch?v=pFTi4y9DX3A'}]"
Pollachi Tamilan,https://www.youtube.com/channel/UCuaGWzNJeXDjP6grKsM8r8g,@pollachitamilan,2018-08-15T11:46:24Z,"{'viewCount': '1643026', 'subscriberCount': '28000', 'videoCount': '92'}",https://yt3.ggpht.com/ytc/AIdro_nwWT94B1rXMPe-5srzgdkGerBUTdMKEIKrbRX0cYIcUPg=s240-c-k-c0x00ffffff-no-rj,"""Pollachi tamilan"" ""Pollachi Tamilan"" Pollachi Coimbatore Kovai Valparai Kodaikanal Ooty","[{'title': 'Telesin gopro9 charger #shorts', 'link': 'https://www.youtube.com/watch?v=MUMcdzLmk6U'}, {'title': 'Telesin Gopro Hero9 Charger unboxing & review | Charge three gopro hero9/10 battery simultaneously', 'link': 'https://www.youtube.com/watch?v=Z14ZJfoWWVQ'}, {'title': 'Gopro Hero9 Accessories Unboxing | Upgrading Gopro Hero9 Black', 'link': 'https://www.youtube.com/watch?v=ij0ngZb1-HY'}]"
TAMILAN SOFTWARE,https://www.youtube.com/channel/UCN32Foi5JO4aYASiUvZQ-CA,@tamilan_software,2018-04-19T13:47:18Z,"{'viewCount': '6148', 'subscriberCount': '45', 'videoCount': '5'}",https://yt3.ggpht.com/ytc/AIdro_m693gFVfCpENVtIoEsR__U6gyg-s9fDouzRn2xwfWK=s240-c-k-c0x00ffffff-no-rj,"TAMILAN SOFTWARE ""Tamilan software"" ""TAMILAN SOFTWARE""","[{'title': 'Photoshop CC Highly compressed free download || Photoshop CC Offline Installation setup in 109mb', 'link': 'https://www.youtube.com/watch?v=ZH0_k0qVQ6M'}, {'title': 'adobe acrobat reader highly compressed', 'link': 'https://www.youtube.com/watch?v=HnuS6Lpx03I'}, {'title': 'password reset for PC 100%working and you will be dignosed', 'link': 'https://www.youtube.com/watch?v=p28BEM4X_z4'}]"
Hari Tamilan,https://www.youtube.com/channel/UC0KaTJOQMu03W44aZsznHFg,@haritamilan5513,2016-05-20T04:36:11Z,"{'viewCount': '453', 'subscriberCount': '2', 'videoCount': '5'}",https://yt3.ggpht.com/ytc/AIdro_kr68n7ihKBvdURvMNgE8oiyoA9w21z53of2NUiK3Kz18w=s240-c-k-c0x00ffffff-no-rj,,"[{'title': 'Mersal   Aalaporaan Thamizhan Tamil Lyric Video   Vijay   A R Rahman   Atlee', 'link': 'https://www.youtube.com/watch?v=PKi422ZKBs0'}, {'title': 'Photoshop Photo Manipulation _ Photoshop CC 2017', 'link': 'https://www.youtube.com/watch?v=_5psUaZ2riM'}, {'title': 'Hari Tamilan Photo Manipulation - Photoshop CC 2017 Tamilnadu', 'link': 'https://www.youtube.com/watch?v=DosdLiGgtSc'}]"
Tamilan creations,https://www.youtube.com/channel/UCZVydh8vr7Iw6naMpGqdAVA,@tamilancreations1448,2017-09-20T03:36:01Z,"{'viewCount': '22', 'subscriberCount': '9', 'videoCount': '1'}",https://yt3.ggpht.com/ytc/AIdro_nlcslwy4uL557t2Yddw1OMnESp4VZWYz9icYf0xyqPAg=s240-c-k-c0x00ffffff-no-rj,,"[{'title': 'How to remove pimples in photoshop', 'link': 'https://www.youtube.com/watch?v=IOw_ZfBo6n0'}, {'title': 'photoshop tutorial Live Stream', 'link': 'https://www.youtube.com/watch?v=pJmdm8vup_k'}]"
PC TAMILAN,https://www.youtube.com/channel/UC8yy-Ac_CUgniafmTZF_Jaw,@pctamilan1057,2019-10-22T13:25:03.909569Z,"{'viewCount': '1036', 'subscriberCount': '44', 'videoCount': '19'}",https://yt3.ggpht.com/ytc/AIdro_m-7YQIwdi3yobea9czNxTLapIK6sOhN9vDmIDSZi_3FQ=s240-c-k-c0x00ffffff-no-rj,pc tamilan,"[{'title': 'how to upload videos on youtube | without copyright problems | PC Tamilan', 'link': 'https://www.youtube.com/watch?v=vpA6V-pGpKk'}, {'title': 'How to change tamil font | in azhagi | easy way to change | pc tamilan', 'link': 'https://www.youtube.com/watch?v=J7JW5BVMoZg'}, {'title': 'How to change colour | in working plan | autocadd 2015 in tamil | pc tamilan', 'link': 'https://www.youtube.com/watch?v=GECXRtALeHM'}]"
RK DIGITAL TAMILAN ,https://www.youtube.com/channel/UCq6HeokjNVlMVSiuTIkSgAg,@rkdigitaltamilan,2023-01-05T04:30:41.344185Z,"{'viewCount': '191410', 'subscriberCount': '922', 'videoCount': '174'}",https://yt3.ggpht.com/e2d5yk5O0jcalgfdNK5A0YKpacxwoT22QkrpA0dD7-KxWr58TyJxrIKZV00gZitF45WJ2b98LA=s240-c-k-c0x00ffffff-no-rj,,"[{'title': 'WEDDING 💞LETTER part 1 |PSDFILE 📁#photoshop #psd #rkdigitaltamilan #psdfile #psdfile #wedding', 'link': 'https://www.youtube.com/watch?v=OtfEWXbeT0k'}, {'title': 'Photo shop 🖌️🎨💻#shorts #shortsfeed #photoshop #rkdigitaltamilan', 'link': 'https://www.youtube.com/watch?v=mUHEy_ZBBVQ'}, {'title': 'WEDDING 💞LETTER |PSDFILE 📁#photoshop #psd #rkdigitaltamilan #psdfile #psdfile #wedding #weddingflex', 'link': 'https://www.youtube.com/watch?v=ZyWtfAF4YWc'}]"
Welcome Tamilan,https://www.youtube.com/channel/UCwqJVySUS6vhYpZTi3qA5_w,@welcometamilan9272,2019-08-07T10:56:26Z,"{'viewCount': '9632409', 'subscriberCount': '22400', 'videoCount': '14'}",https://yt3.ggpht.com/ytc/AIdro_mqjcM125V8mlI4JXpMYa3Msfgum7BgPVu5qqbNqF7WbA=s240-c-k-c0x00ffffff-no-rj,,"[{'title': 'தனியார் பேருந்தில் டிக்கெட் எடுக்காமல் தகராறு செய்த போலீஸ்காரர்கள்', 'link': 'https://www.youtube.com/watch?v=Z2JiUAlLuSQ'}, {'title': 'Rashmiga tamil WhatsApp status', 'link': 'https://www.youtube.com/watch?v=kjDmbxvm8_8'}, {'title': 'மனித கடவுள் தல அஜித் WhatsApp status', 'link': 'https://www.youtube.com/watch?v=hNQvfFuK4wc'}]"
welcome Tamilan touch,https://www.youtube.com/channel/UCuC-NjLYyqlPTQaeg9CkMfw,@welcometamilantouch3749,2017-12-06T06:32:18Z,"{'viewCount': '1487', 'subscriberCount': '5', 'videoCount': '13'}",https://yt3.ggpht.com/ytc/AIdro_mDBKR9LGrZpzWkA_VC2XsJisyBagmMrFtLvEjH1QQMAA=s240-c-k-c0x00ffffff-no-rj,,"[{'title': 'windows 10 /8/7/XP on Any Android phone', 'link': 'https://www.youtube.com/watch?v=cjkPwkw-GwI'}, {'title': 'How to neeyum varuven  video song', 'link': 'https://www.youtube.com/watch?v=gUmRUBw-GWc'}, {'title': 'how  to vadipulla vadi video song', 'link': 'https://www.youtube.com/watch?v=hkc1eeCuJ_8'}]"
Mechonize Tamilan,https://www.youtube.com/channel/UCkPx8kDTIna73w9SIlzwrCQ,@mechonizetamilan9693,2018-06-19T05:59:51Z,"{'viewCount': '7272', 'subscriberCount': '85', 'videoCount': '36'}",https://yt3.ggpht.com/ytc/AIdro_kqTKbyZEaHGzodul0msq4ldqT1f9vFyrkqhjmcutH94A=s240-c-k-c0x00ffffff-no-rj,Designing and entertainment,"[{'title': 'Photoshop hue and saturation correction in a video!', 'link': 'https://www.youtube.com/watch?v=tdRGCoHSzvg'}, {'title': 'Photoshop text animation and colour change | motion manager', 'link': 'https://www.youtube.com/watch?v=kCARbI_LoPs'}, {'title': 'Modelling a pen cap - Solidworks', 'link': 'https://www.youtube.com/watch?v=vYcBv_cvcGQ'}]"
PC TAMILAN,https://www.youtube.com/channel/UCkedKAqa-Ojh_LYy-6S3Nqg,@pctamilan,2020-08-15T12:33:26.894475Z,"{'viewCount': '252901', 'subscriberCount': '1600', 'videoCount': '100'}",https://yt3.ggpht.com/ytc/AIdro_llh9lWXm31FpVAPskMtxBoREqWMvSOUHxwV1J_vG5Amw=s240-c-k-c0x00ffffff-no-rj,"""# PC Tamilan"" ""# Tamil Internet Channel"" ""#computer channel"" ""# tips and tricks"" ""# learn Computer"" ""# In Tamil"" """"PC TAMILAN"""" ""pc tamilan yt"" ""pc tamil"" ""in tamil"" ""PC TAMILAN"" ""PC Tamilan"" ""pc tamilan"" Google ""PC tips and tricks"" Tamil","[{'title': '😉New WhatsApp Tricks 03😲 WhatsApp super Update/#shorts / in Tamil/ pc tamilan/Mobile Tips and Tricks', 'link': 'https://www.youtube.com/watch?v=ce5DhObwO7M'}, {'title': ""How to fix Software installation error in 7 8.1 10 11/ Fail can't install / in tamil/ problem solved"", 'link': 'https://www.youtube.com/watch?v=EhJ2L_4i76g'}, {'title': 'How to Solve Over Heating Problem/Laptop Over Heating Problem Solution/Fix Over Heating /in tamil..', 'link': 'https://www.youtube.com/watch?v=BxQyD3bWRfg'}]"
Scientific Tamilan,https://www.youtube.com/channel/UC_uj88hHcK72yVAYcCPIGBg,@subramani144,2011-12-11T08:20:23Z,"{'viewCount': '5212', 'subscriberCount': '42', 'videoCount': '23'}",https://yt3.ggpht.com/ytc/AIdro_lb7eKCR4mbSCy0so6MO0Y3Cdvp8pq3uGdysiekZ8Q8Fx5-=s240-c-k-c0x00ffffff-no-rj,,"[{'title': 'Photoshop Image or Text UPS', 'link': 'https://www.youtube.com/watch?v=T1tYj8mGcC4'}, {'title': 'தீயசக்திகள் நம்மை விட்டு அகல', 'link': 'https://www.youtube.com/watch?v=kVkI6fy1NUo'}, {'title': 'currency for any disease Careful', 'link': 'https://www.youtube.com/watch?v=qbPX2rWAktc'}]"
Doc Nan,https://www.youtube.com/channel/UCuqFvNfc4AXgSPDmVrfZeUg,@docnan,2009-05-20T13:18:50Z,"{'viewCount': '3132787', 'subscriberCount': '48700', 'videoCount': '480'}",https://yt3.ggpht.com/pXJmIzbDotJrDu-vlhGzlg_ZHSEPBrCKvRCjLzWfqBGHEX29hWmGzp9IDcFaXs5JYuL7AU1kMQ=s240-c-k-c0x00ffffff-no-rj,"""Natural Medicine"" ""Holistic Medicine"" ""Alternative Medicine"" ""Natural Cure"" ""Herbal Medicine"" Naturopathy Cure Gerd LPR ""Immune system"" sinusitis ""allergic rynitis"" ""uric acid"" ""Fatty liver"" ""Liver diseases"" ""chronic diseases"" diabetes ulcer gastritis ckd hypertension ""heart enlardgement"" ""heart diseases"" asthma allergies ""skin diseases"" arthritis ""auto immune diseases""","[{'title': 'SOBRANG TUBIG MASAMA', 'link': 'https://www.youtube.com/watch?v=NPllAlR22Yw'}, {'title': '8 GLASSES OF WATER A DAY, TAMA O MALI ?', 'link': 'https://www.youtube.com/watch?v=wt_UaWkEkSo'}, {'title': 'KIDNEY STONE GAMOT ASIN ?', 'link': 'https://www.youtube.com/watch?v=P7X68J1LriY'}]"
Nan Jung,https://www.youtube.com/channel/UCZuVx_30gZ_gc1iC1XdbJXA,@nzjhbeck,2011-11-21T01:22:36Z,"{'viewCount': '999433', 'subscriberCount': '2100', 'videoCount': '1711'}",https://yt3.ggpht.com/ytc/AIdro_mJHtq9q1-gns6VdS_VbWTL3edlV_xD9RRobQ7ZVP_8Z_A=s240-c-k-c0x00ffffff-no-rj,南榮國中,"[{'title': '20250418_113學年度全國學生創意戲劇比賽_傳統偶戲類_布袋戲組_803', 'link': 'https://www.youtube.com/watch?v=fUJxjo1xajs'}, {'title': '20250415_113學年度全國學生創意戲劇比賽_現代偶戲類_手套偶戲組_810', 'link': 'https://www.youtube.com/watch?v=WZZGCI9Ihy0'}, {'title': '20250408_113學年度全國師生鄉土歌謠比賽 決賽', 'link': 'https://www.youtube.com/watch?v=kTXCBTpGEsk'}]"
Nan with a Backpack,https://www.youtube.com/channel/UCbfuTt78Q5sud4lL8icDDRA,@nanwithabackpack,2011-05-24T22:05:29Z,"{'viewCount': '467864', 'subscriberCount': '5190', 'videoCount': '324'}",https://yt3.ggpht.com/wir0z5Ue-ABb8icTP4NvwNs-gfEoQ-4S41g14jcgHkhcqDYgjQDJvdW6JAs4xGAb4f4MCMpStQ=s240-c-k-c0x00ffffff-no-rj,"nanwithabackpack travel travelvlog ""solo female travel"" ""solo travel"" ""travel blog"" ""best travel vloggers"" ""best travel vlog"" ""travel tips"" ""travel videos"" ""youtube travel videos"" ""female travel vlogger"" ""over 50 travel"" ""over 50 solo travel"" ""solo travel adventures"" ""travel vlog"" ""top youtube vloggers"" ""best travel vlog"" ""youtube travel"" ""travel tips"" ""travel videos"" ""travel vlogger"" ""youtube vlog ideas"" ""top travel vloggers"" ""youtube travel videos"" ""Leaving The UK"" Cambodia Malaysia Thailand","[{'title': 'Totally Uncut Chat with Sean The Frugal Wanderer', 'link': 'https://www.youtube.com/watch?v=6bvSbww9XcU'}, {'title': 'Take a Little Walk around Siem Reap Cambodia with Me', 'link': 'https://www.youtube.com/watch?v=bNY-iLBAB_g'}, {'title': 'Living in Siem Reap Cambodia - Moving Out of my Apartment', 'link': 'https://www.youtube.com/watch?v=ZpbftSKnDDs'}]"
Nan Tien Temple 佛光山南天寺,https://www.youtube.com/channel/UCJANL3aObC-EHXntC90l5zQ,@nantientemple,2012-01-25T06:08:09Z,"{'viewCount': '463591', 'subscriberCount': '3470', 'videoCount': '565'}",https://yt3.ggpht.com/VCNmcDT3tLAtNewqFZVuR0kETMbNCQ3QAhszgptiD7Atav6fb5Ho6myjY50p9fwopF7GRLRjpQ=s240-c-k-c0x00ffffff-no-rj,"""Nan Tien Temple"" ""Fo Guang Shan Nan Tien Temple"" ""Wollongong Temple"" ""Nan Tien"" Buddhism","[{'title': '🌞 2025 VegRun 雪梨佛誕節復蔬公益路跑', 'link': 'https://www.youtube.com/watch?v=ZFQ3UuRQjTU'}, {'title': '南天大學13周年慶 彰顯育才使命促進社會發展', 'link': 'https://www.youtube.com/watch?v=SBjcwYou8WQ'}, {'title': '「耕耘心田」佛光山徒眾作品巡迴聯展', 'link': 'https://www.youtube.com/watch?v=FY4tDzcK498'}]"
Nan's kitchen,https://www.youtube.com/channel/UC1wW0MvgSC_0FZEKzQocVuQ,@nans721,2021-03-28T15:31:02.557859Z,"{'viewCount': '53968', 'subscriberCount': '590', 'videoCount': '90'}",https://yt3.ggpht.com/2eumsfbeyBJCaaIzr9PlOaKw1ubCqvI5D0GR0uWjpTr-AXAqmoOh_xNJVSE29l2n05T2i-_vPw=s240-c-k-c0x00ffffff-no-rj,"Baking Cooking ""Korean food"" ""Cooking korean food"" Dessert ""Korean sidedish"" ""@nans 721""","[{'title': 'Chocolate Chip Vanilla Muffins Recipe', 'link': 'https://www.youtube.com/watch?v=QXZlhSwGyvk'}, {'title': '10 minutes Sandwich | Crunchy Tomato Onion Bread Toast Recipe |Easy Breakfast', 'link': 'https://www.youtube.com/watch?v=k8fl0rmmNU8'}, {'title': '5 Minutes Breakfast Sandwich Recipe', 'link': 'https://www.youtube.com/watch?v=Qm6_rRn03wI'}]"
Inner Journey with Nan,https://www.youtube.com/channel/UCY-mH9yjVEhVUJrVODFljJQ,@innerjourneywithnan,2023-01-18T01:04:17.618746Z,"{'viewCount': '3183595', 'subscriberCount': '37100', 'videoCount': '313'}",https://yt3.ggpht.com/3oZLR48nI2xvKfx9kBtI_3PMFIz3bEngshVgQS6OzVpMqKMrdgx6h7sG7UohlejQXf1bhF2c=s240-c-k-c0x00ffffff-no-rj,,"[{'title': '""เราเลือกประเทศ"" ก่อนเกิด ตาม 3 ปัจจัยนี้...#แบ่งปันคำครู #จิตวิญญาณ #soulplan #innerjourneywithnan', 'link': 'https://www.youtube.com/watch?v=zcUVt4gLPl0'}, {'title': 'เป็นชาวพุทธ จะเป็นไปได้ไหมที่เทวดาประจำตัว/ครูบาอาจารย์อยู่ในศาสนาอื่น?? #สะกดจิตระลึกชาติ', 'link': 'https://www.youtube.com/watch?v=0KmljY2_SnI'}, {'title': 'ใครมารับเรา ""กลับบ้านเก่า""ทำไมถึงเห็นเค้าตอนใกล้เสียชีวิต #บ้านเก่า #จิตวิญญาณ #สะกดจิตระลึกชาติ', 'link': 'https://www.youtube.com/watch?v=hqN00SzUCFk'}]"
陳俊男 (A-Nan),https://www.youtube.com/channel/UCXgdLcOKFJZMjG1tozG1jKA,@where0924,2010-05-01T01:24:06Z,"{'viewCount': '95199', 'subscriberCount': '1410', 'videoCount': '58'}",https://yt3.ggpht.com/8cLQfmFH0ZmV7dXRVcMcHkabBrlm-TEz_pVSM20ZwufWqNBHTEeo2lskdw0o-2tBGKvFuYYLaX8=s240-c-k-c0x00ffffff-no-rj,,"[{'title': '2025陽明山登山王公路賽│ A-Nan 的騎車日常 │', 'link': 'https://www.youtube.com/watch?v=lv1Z4qaC4UE'}, {'title': '探索信義鄉布農族陳有蘭溪沿線部落│ A-Nan 的騎車日常 │', 'link': 'https://www.youtube.com/watch?v=j_l0NcKoMmQ'}, {'title': '翻山越嶺│探索中部知名單車路線白蛇彎的替代路線 │ A-Nan 的騎車日常 │', 'link': 'https://www.youtube.com/watch?v=DyTFpPy82C4'}]"
Nan Rae,https://www.youtube.com/channel/UCPDLJLLboUrwp7gwWQ-dmeg,@nanrae,2009-01-20T23:48:21Z,"{'viewCount': '842859', 'subscriberCount': '17100', 'videoCount': '176'}",https://yt3.ggpht.com/ytc/AIdro_mhwlpIcGvA-pNEHdTOFhCbgrFPfCzxl1S9rZOJKTgY=s240-c-k-c0x00ffffff-no-rj,,"[{'title': 'Painting the Bamboo #brushpainting #bambooart #bamboopainting #watercolor', 'link': 'https://www.youtube.com/watch?v=b7pnGkoJ9HM'}, {'title': 'Painting the Snapdragon #brushpainting #watercolorpainting #floralart #artmeditation', 'link': 'https://www.youtube.com/watch?v=aRHr44TqdG4'}, {'title': 'My latest book “Inspired Thoughts on Love” #inspirationalbooks #newbook #lovebooks #love', 'link': 'https://www.youtube.com/watch?v=-j0dMqlaso8'}]"
Nan Can Do,https://www.youtube.com/channel/UCpJwKhtY4pxofC0E2SkyzeQ,@nancando6150,2022-03-15T07:15:34.94971Z,"{'viewCount': '34071', 'subscriberCount': '1040', 'videoCount': '7'}",https://yt3.ggpht.com/JKPxHxRA61yEF1tBvHEqSZm5Q0rNj0pDnedL1rS7zM1ZsuWTcuZOzfa93UziORUz6wpWHJCQMA=s240-c-k-c0x00ffffff-no-rj,,"[{'title': 'เริ่มเสพติด 🤣 #blindbox #unbox #unboxing', 'link': 'https://www.youtube.com/watch?v=ghUxaoczevc'}, {'title': 'แกะกล่องสุ่มกันค่าา วันนี้ของ HACIPUPU ค้าบบ', 'link': 'https://www.youtube.com/watch?v=Tx0MZ1I8NtU'}, {'title': ""It's love from me and you all.Always grateful that you admires me.Thanks from heart, love you all.❤️"", 'link': 'https://www.youtube.com/watch?v=jWfF7ew1iXc'}]"
DrBeshoy Nan,https://www.youtube.com/channel/UCGOMczDooxy0k1dDqtBHPZQ,@drbeshoynan,2010-10-17T15:24:48Z,"{'viewCount': '872714', 'subscriberCount': '24000', 'videoCount': '110'}",https://yt3.ggpht.com/Uh9kWByTAO1bzUAP8Mr1m2XRBw_KliRH2vmPU5sRR69MSreTDcUHABBwT1Netm_7XuPRECh6Kw=s240-c-k-c0x00ffffff-no-rj,"تخسيس تغذية ""علاج طبيعي"" ""معدل الحرق"" ""تخسيس موضعي"" ""تخسيس البطن"" ""تخسيس الكرش"" ""أدوية للتخسيس"" زومبا تمارين اخس ""ازاي اخس"" تشجيع nutrition ""انظمة غذائية"" ""دكتور بيشوي نان"" ""د بيشوي نان"" ""هتخس من غير ماتحس"" ""بروتين نباتي"" ""بروتين حيواني"" شوفان نشويات ""دهون صحية"" ""السعرات الحرارية""","[{'title': 'ازاي أخس كويس في فترة الصوم وبدون تعب', 'link': 'https://www.youtube.com/watch?v=G7A7XGSyc1w'}, {'title': 'حقن التخسيس بديل التكميم DC BLOCK &DC SLIM', 'link': 'https://www.youtube.com/watch?v=SbJ-9GBFs7o'}, {'title': 'متابعة التغذية اونلاين علي ابليكيشن سينا مع الدكتور بيشوي نان', 'link': 'https://www.youtube.com/watch?v=M8bHfwT2a1o'}]"
Nan Akasha,https://www.youtube.com/channel/UCtu0Ab5fWt-s5tJJz2YKJMQ,@joyfulnan,2009-12-29T18:09:28Z,"{'viewCount': '314883', 'subscriberCount': '2520', 'videoCount': '727'}",https://yt3.ggpht.com/tKEKtcCsiHzQPR31Hz7yMte6tPT_xr2OV5g7GO8H_Y3ZpSs4G1luCXcMjQKXctL3j-CmPzXKAA=s240-c-k-c0x00ffffff-no-rj,"""i want to be a millionaire"" ""i want money"" ""i want to be rich"" ""attract money"" ""feng shui wealth"" ""how to attract money"" ""attracting abundance"" ""law of abundance"" ""manifesting abundance"" ""attract wealth"" ""abundance mentality"" ""attracting money"" ""money affirmations""","[{'title': 'Beltane Fire Ceremony & Freedom Celebration', 'link': 'https://www.youtube.com/watch?v=ZrfSWfEGEJA'}, {'title': 'Energy Cleansing Tools Stay out of Chaos', 'link': 'https://www.youtube.com/watch?v=nIL0KRXyQoc'}, {'title': 'Full Moon Activation for Walking into the Light at this Intense time of Change in Spiritual Weather', 'link': 'https://www.youtube.com/watch?v=uCUPzKkujJ8'}]"
Ma Chi Nan,https://www.youtube.com/channel/UCVzGSCE8WSo7czVt7Kmfs9A,@machinan,2008-04-14T03:17:56Z,"{'viewCount': '540726', 'subscriberCount': '1620', 'videoCount': '728'}",https://yt3.ggpht.com/ytc/AIdro_kQoyERRbfsBdHJCf6vuXR5dx2DIftCudVHUypx8Rigu_4=s240-c-k-c0x00ffffff-no-rj,,"[{'title': '老越文艺晚会2025 - 蒙古舞 - 老越凤凰舞蹈团', 'link': 'https://www.youtube.com/watch?v=eQbvI0oKhq4'}, {'title': '老越文艺晚会2025 - 现代舞 (APT) - 老越凤凰舞蹈团', 'link': 'https://www.youtube.com/watch?v=DNN5xfxK3W0'}, {'title': '老越文艺晚会2025 - 复古爵士舞（心念） - 老越凤凰舞蹈团', 'link': 'https://www.youtube.com/watch?v=ISHJ_t9cwyE'}]"
Willem Verbeeck,https://www.youtube.com/channel/UCIvTu9cuf-NZFzHPJZPH23Q,@willemverb,2015-04-29T16:56:48Z,"{'viewCount': '31002247', 'subscriberCount': '427000', 'videoCount': '184'}",https://yt3.ggpht.com/ytc/AIdro_l_ykbytV_WEiKy8msTju_qw7JN1NPm_yyZEX-7HE81JdQ=s240-c-k-c0x00ffffff-no-rj,Willem Verbeeck Photography film Medium format 120 photo,"[{'title': 'The Photography of Jerry Hsu', 'link': 'https://www.youtube.com/watch?v=gG-TGwWp3mo'}, {'title': 'The Street Photography of Lawren Simmons', 'link': 'https://www.youtube.com/watch?v=dujbrD8pCKE'}, {'title': 'How Sage Sohier Makes Compelling Photographs of Everyday Life', 'link': 'https://www.youtube.com/watch?v=bYKyR1smJUA'}]"
Teo Crawford,https://www.youtube.com/channel/UCgHJi_FdfoFGyRl_RYp361A,@teocrawford,2013-06-27T05:09:12Z,"{'viewCount': '14404066', 'subscriberCount': '277000', 'videoCount': '378'}",https://yt3.ggpht.com/ytc/AIdro_mSCmQ_YBfNfr5SsGUAT5OvImTB1Q5lBooL7vBDOdQTGmE=s240-c-k-c0x00ffffff-no-rj,"Photography Creativity Art ""Film Making"" Videography ""behind the scenes"" ""Photography behind the scenes"" ""Photography Vlog""","[{'title': ""A week of film photography in Japan's countryside."", 'link': 'https://www.youtube.com/watch?v=eXaWSVweanw'}, {'title': 'My favourite (affordable) digital camera for video.', 'link': 'https://www.youtube.com/watch?v=qiVbEiAwPkc'}, {'title': 'Calm street photography in Osaka.', 'link': 'https://www.youtube.com/watch?v=dfda6TcYXd8'}]"
Hector Gallegos,https://www.youtube.com/channel/UCWsTgnN0r1GkhVfB2jAMghg,@filmnoob_13,2013-03-29T08:20:14Z,"{'viewCount': '7998', 'subscriberCount': '10', 'videoCount': '13'}",https://yt3.ggpht.com/iRy9Z6RqS-bqw1URXTas49mD_8B6s3hY7XN8LEfa7XIETxuMl9yCm0phLxzOkRMVwSyeNx_L=s240-c-k-c0x00ffffff-no-rj,,"[{'title': 'I have been testing out the Pentax 67 and here’s a couple of my favorite shots! #pentax67 #film120', 'link': 'https://www.youtube.com/watch?v=lZwk8lUzoCg'}, {'title': 'Shooting some expired Polaroid film! #polaroidcamera #polaroidsx70 #polaroidlove #polaroids', 'link': 'https://www.youtube.com/watch?v=tzUquQVcsyQ'}, {'title': 'Found this #canonae1 at the Fleamarket for four bucks! Will be doing a #giveaway on ig Filmnoob_13', 'link': 'https://www.youtube.com/watch?v=2Z-WbK-Bx94'}]"
LubchenkoPhoto,https://www.youtube.com/channel/UCse3GvUyH0lcCfMVqaYSoHQ,@lubchenkophoto,2025-04-20T00:41:21.828104Z,"{'viewCount': '407', 'subscriberCount': '28', 'videoCount': '2'}",https://yt3.ggpht.com/D-WbnhYaud8oIMTR7jzdoLhUlYII4sO30hRsFbxj8XxHNGdNDrU7gdzfegRLbCaSW0GrdIps=s240-c-k-c0x00ffffff-no-rj,,"[{'title': 'BEGINNER GUIDE - Developing 35mm B&W film at home!', 'link': 'https://www.youtube.com/watch?v=Cp02jmzku7o'}, {'title': 'Welcome to my life of FILM photography!', 'link': 'https://www.youtube.com/watch?v=FHYexH5kvW0'}]"
Film photography,https://www.youtube.com/channel/UCZ0U3h6Ul0ucAMrmHFdEcIQ,@filmphotography-tg7kr,2023-04-17T20:39:22.784457Z,"{'viewCount': '116', 'subscriberCount': '0', 'videoCount': '9'}",https://yt3.ggpht.com/JdyDFIalil63FW5gbsmqTZAyqGLfd5b_HGIyZ2WT9prHl6OW2RbKtf5Zh4WtrTr5o57hhA-veg=s240-c-k-c0x00ffffff-no-rj,,"[{'title': 'Film 🎥 photography videos #photography shorts #trendingshorts #viral #world shorts #viral shorts', 'link': 'https://www.youtube.com/watch?v=uGxU3LgYJwU'}, {'title': 'Film 🎥 photography videos #photography shorts #viral shorts #trending shorts', 'link': 'https://www.youtube.com/watch?v=tsaPfaJF0Jw'}, {'title': 'Film 🎥 photography #dhorts #photography shorts #viral shorts', 'link': 'https://www.youtube.com/watch?v=QY38JFISKTM'}]"
Cameron Caffrey,https://www.youtube.com/channel/UC7f9rd7cZuWutwbZ45gvWxw,@caffreycameron,2022-01-27T04:45:13.293398Z,"{'viewCount': '29929', 'subscriberCount': '781', 'videoCount': '40'}",https://yt3.ggpht.com/2apBTfoFIr8xrbp1QEOcyCemWd0IbPDKJyfexzKT5qw4DfE_Nkmms48MfnbLw392GO4Sn9Nb=s240-c-k-c0x00ffffff-no-rj,,"[{'title': 'Some of my favourite film photos I""ve taken #filmphotography #film #photography #Fillmcamera #PH', 'link': 'https://www.youtube.com/watch?v=EV8sVvkFe6A'}, {'title': 'Light Leaks In My Film Camera #filmphotography #film #photography #streetphotography #Fillmcamera', 'link': 'https://www.youtube.com/watch?v=0g5FnZ05f8w'}, {'title': 'What I See VS What My Film Camera Sees #filmphotography #film #photography #streetphotography', 'link': 'https://www.youtube.com/watch?v=De5XG4PbKhQ'}]"
PENTAX Film Photography,https://www.youtube.com/channel/UC_w3lUa7nB5Xr2YSvxP9MSQ,@pentax.film.photography,2024-02-26T11:47:40.650693Z,"{'viewCount': '449255', 'subscriberCount': '1220', 'videoCount': '15'}",https://yt3.ggpht.com/55zL4_ufbxGnWiuiCZ_LDbq4LOLtoANfHUGQYnEb9NzZHT7okD6WxnF1XkivUyCX4j_lrd54uuY=s240-c-k-c0x00ffffff-no-rj,,"[{'title': 'PENTAX 17: What is ISO Sensitivity and How to Set It - by @EMGKPhotographie', 'link': 'https://www.youtube.com/watch?v=gnU-I00I2ZQ'}, {'title': 'Rediscover Film Photography with the PENTAX 17', 'link': 'https://www.youtube.com/watch?v=-uObD_9rPp8'}, {'title': 'PENTAX 17: Rewinding & Removing Your Film (A Quick Visual Guide)', 'link': 'https://www.youtube.com/watch?v=Hvx0zbbfPxU'}]"
erikesauceda,https://www.youtube.com/channel/UCkZxyPghYAcrVYURdYLZV6w,@erikesauceda,2017-06-06T20:23:39Z,"{'viewCount': '38353', 'subscriberCount': '46', 'videoCount': '37'}",https://yt3.ggpht.com/dpWeNcXpVm5fPfwDgDWMkguJVP4TDcTqPdkXNoZFTtDirlnMWPa25XkC9dPzm5h-Z8XP6Q_A4Q=s240-c-k-c0x00ffffff-no-rj,,"[{'title': 'Also my first time trying lomography 120 film #photography #shorts #lomography #filmphotography', 'link': 'https://www.youtube.com/watch?v=zB7YfzG3xGY'}, {'title': 'Love shooting film in foggy nights #photography #shorts #filmphotography #photographer #film', 'link': 'https://www.youtube.com/watch?v=7GxPWiZbBEE'}, {'title': 'Do you prefer film or digital? #shorts #photography #filmphotography #photographer #fuji #film', 'link': 'https://www.youtube.com/watch?v=u785VY16yKk'}]"
laura,https://www.youtube.com/channel/UC_YbyfFVuPrY5_032hD1uJg,@femigod,2021-05-19T18:59:56.19922Z,"{'viewCount': '261852', 'subscriberCount': '8380', 'videoCount': '58'}",https://yt3.ggpht.com/iazUWdc42BvSRhYpZGvNAZVyrwUHmR7nwen9WwJHEuGjFbZvF9cX46oZO9YfpkuaEMSv6nOUbVc=s240-c-k-c0x00ffffff-no-rj,"""write with me"" ""lofi hip hop"" ""lofi beats"" ""lofi chill"" ""write with me real time"" cozy ""cozy vibes"" ""loading film"" ""asmr camera no talking"" ""medium format film camera"" ""35mm film camera loading"" ""chill music"" ""film cameras for beginners"" ""medium format camera"" ""kiev 88 film loading"" ""canon ae-1 film loading"" ""contax t2 film loading"" ""contax t2"" ""film photography"" ""vintage camcorder"" ""camcorder film"" ""medium format film camera"" femigod ""laura odermatt"" ""women in film"" ""female photographer""","[{'title': 'Mamiya RB67 in the Garden: Slow Film Photography', 'link': 'https://www.youtube.com/watch?v=vwdfuYsdPZQ'}, {'title': '35mm in Hollywood: Long exposure on Widelux ft. Sand Box', 'link': 'https://www.youtube.com/watch?v=ssHmqOcix7U'}, {'title': 'Hasselblad X-PAN vs. WIDELUX: Which panoramic 35mm camera is better?', 'link': 'https://www.youtube.com/watch?v=jNRtYbC90Y8'}]"
Sophia Carey,https://www.youtube.com/channel/UCDcdTie7e4SF14YqfQ0Ov-A,@sophiacarey,2015-04-11T17:07:33Z,"{'viewCount': '1742896', 'subscriberCount': '34900', 'videoCount': '261'}",https://yt3.ggpht.com/sW2YtvCI_Irb1jKVCHnssodyxxv0lSRE5me1OyiglWEebevq1Ah3MycjKj7EnNwmnZy7pdnz=s240-c-k-c0x00ffffff-no-rj,"""female photographer"" photography portraits ""learn photography"" ""graphic design"" freelance ""how to run a photography business"" ""creative entrepreneur"" ""photography basics"" ""uk photographer"" tutorials ""learn photography online"" ""film photography"" ""medium format film photography"" ""female film photographer"" ""photography tutorial"" ""fashion photography"" ""london photographer"" ""manchester photographer"" ""photo editing tutorials"" ""behind the scenes photography""","[{'title': 'I Finally Get the Hype Over This Focal Length | SIRUI AURORA 85mm 1.4 Review & Sample Photos', 'link': 'https://www.youtube.com/watch?v=6SzjnAr7ogQ'}, {'title': 'Landscape Photography on Kodak Gold 200 (Mamiya RZ67 Pro II, 50mm lens) #filmphotography', 'link': 'https://www.youtube.com/watch?v=n4zRMlvZDm4'}, {'title': 'Film Photography Road Trip to the Lake District', 'link': 'https://www.youtube.com/watch?v=LKG_-9ygRF4'}]"
TATA,https://www.youtube.com/channel/UCOl0sqRoJXErLKqfga2Sh2Q,@tataphocreator,2025-04-09T11:51:16.093756Z,"{'viewCount': '3888', 'subscriberCount': '5', 'videoCount': '11'}",https://yt3.ggpht.com/ICwF4BRZekVGmTMYhDyFHQ0I9KOegQJ4_Cpv2Yy-Kc3eAQGybF0ZK-Kjg87-zKNLqZDaLFQI=s240-c-k-c0x00ffffff-no-rj,,"[{'title': 'ocean on film 🎞️🌊 #35mm #filmphotography #photography', 'link': 'https://www.youtube.com/watch?v=C0bAFM_3lxw'}, {'title': 'Country vibe 🐱 #vibes #village #nature', 'link': 'https://www.youtube.com/watch?v=0HSFry7suuk'}, {'title': '1 Minute of Rural Silence. Atmospheric video', 'link': 'https://www.youtube.com/watch?v=a_kv4VDf_yE'}]"
Reformed Film Lab,https://www.youtube.com/channel/UCdROzEK5ejWagUUVE2vdpRg,@reformedfilmlab,2020-04-23T15:31:55.849655Z,"{'viewCount': '516061', 'subscriberCount': '4720', 'videoCount': '368'}",https://yt3.ggpht.com/H8CFoTVRH5QzulX97ZSY12ZQVs4dke-5EWOVLIn5PesI9h5cvMUhyLg7ESnHh8PmXvY8rWfj=s240-c-k-c0x00ffffff-no-rj,"""Reformed Film Lab"" ""35mm Film"" ""Develop Film"" ""Film Camera"" ""Reformed Film"" ""I Shoot Film""","[{'title': 'Trying 800T....Again! #filmphotography', 'link': 'https://www.youtube.com/watch?v=wwaRuJnjisQ'}, {'title': 'Backup Scanners: Why We Invested $15,000! #filmphotography', 'link': 'https://www.youtube.com/watch?v=HyzRleJFs6g'}, {'title': ""Ortho Film Magic  Capturing New York's Vibes! #filmphotography"", 'link': 'https://www.youtube.com/watch?v=w2hKEJYblzM'}]"
Grainy Stories,https://www.youtube.com/channel/UCzQLM4hfeE21DFNnBV9L6_A,@grainystories,2023-04-16T01:18:19.25769Z,"{'viewCount': '90716', 'subscriberCount': '516', 'videoCount': '59'}",https://yt3.ggpht.com/YYQV-4RQjIEjlypBYkKCqjfHX_Mj9D10TPg4jnyWjqkLFL1jY4oQ9EDhoENyp34a9k3cnfle=s240-c-k-c0x00ffffff-no-rj,,"[{'title': '35mm film photography in Malta #35mm #photography #filmphotography #malta #analogphotography', 'link': 'https://www.youtube.com/watch?v=cj_9WlamzEo'}, {'title': 'Polaroid 660 Autofocus', 'link': 'https://www.youtube.com/watch?v=rV8FWZI9bfM'}, {'title': 'Cheap plastic 35mm film point & shoot. Can you take any good photos with it? #35mm #filmphotography', 'link': 'https://www.youtube.com/watch?v=Rjch4ZPlsQ4'}]"
Robsolete Format,https://www.youtube.com/channel/UCg6eJZI93zy_AF20RRLvjZA,@robsolete_format,2025-01-17T12:43:32.131602Z,"{'viewCount': '11989', 'subscriberCount': '382', 'videoCount': '9'}",https://yt3.ggpht.com/0F2tfp_PmWLSalsfQcTgC2dLKvMZSG10VstdVjEX_IkqqQeaM67JZdSHqLUFXxyAV8m3igHtHoQ=s240-c-k-c0x00ffffff-no-rj,"""film photography"" ""35mm film"" film ""music production"" analog ""film camera"" ""Robsolete Format"" robsolete_format 16mm bolex ""Pentax 645N"" Nikon tape ""analog photography"" ""analogue photography"" ""analog music"" ""analogue music"" lo-fi lofi ""Film & Tape"" ""Youtube Series"" ""How to shoot film"" ""how to use film camera"" Fujifilm Kodak ""kodak portra 400"" ""expired film"" ""Cinestill Film"" ""Super 8 film"" vintage ""Bolex H16"" ""Tascam Portastudio"" Tascam ""Casette Tape"" Casette","[{'title': 'Filming With a 60 Year Old Camera - Film & Tape Take 4  #filmphotography #photography #lofi #film', 'link': 'https://www.youtube.com/watch?v=6Kqb8hmRMkE'}, {'title': 'Shooting 16mm Film in the clouds - Film & Tape Take 4 #filmphotography #photography #lofi #analog', 'link': 'https://www.youtube.com/watch?v=Nl1LUykZaPA'}, {'title': 'Shooting 16mm Film in the Clouds - Film & Tape Take 4', 'link': 'https://www.youtube.com/watch?v=-3Fj4iG5wS8'}]"
Learn Film Photography,https://www.youtube.com/channel/UCM3boj3-i_LyiWQIQnBqZPQ,@learnfilmphotography,2021-03-04T19:36:46.927312Z,"{'viewCount': '437675', 'subscriberCount': '5690', 'videoCount': '21'}",https://yt3.ggpht.com/H2HO3f3ISDXUFhGyZy6qY23YKO9sRx_GNmhE4sYeEWun0_Fmq_bkhHoegnN6Nr1CEnSJfJRphw=s240-c-k-c0x00ffffff-no-rj,#filmphotography #kodakfilm #Learnfilm,"[{'title': ""Why Do Photographers Follow This One 'Rule'?"", 'link': 'https://www.youtube.com/watch?v=jsCgTROQ6M4'}, {'title': 'Lomo, Portra, and Kodak Funsaver 800 Compared: Is Portra 800 Worth It?', 'link': 'https://www.youtube.com/watch?v=P1BkURZb5jY'}, {'title': 'Can You Develop Film in ANYTHING?', 'link': 'https://www.youtube.com/watch?v=JjMStAcKlqQ'}]"
With Cielo,https://www.youtube.com/channel/UCV7uz019pNswO6DLD4Nhlkg,@withcielo,2016-09-06T22:57:36Z,"{'viewCount': '156366', 'subscriberCount': '15300', 'videoCount': '47'}",https://yt3.ggpht.com/ELjmWEM9XF-wMlm7s2wz4vIT2mDTOVa1CS0wkaMcKa48V-CCJvJd4g6h94t3W-ELTLzFmZjq8Q=s240-c-k-c0x00ffffff-no-rj,"smartphone iphone create story ""iPhone videography"" ""iPhone video"" ""mobile phone"" storytelling creator iphonography ""mobile videography"" ""mobile video"" ""mobile photography"" tech ""tech reviews""","[{'title': 'Digital vs film photography side by side #filmphotography #photography #analogcamera', 'link': 'https://www.youtube.com/watch?v=NwV8kyqPAJQ'}, {'title': 'Leica Q3 43: The Most Surprising Features', 'link': 'https://www.youtube.com/watch?v=xlnuNoTELyA'}, {'title': 'Having some fun with GenAi on #shorts. #DreamScreenAI #filmcamera #filmphotography', 'link': 'https://www.youtube.com/watch?v=Uka3hw8wlg0'}]"
Enrique Ramos-Chavez,https://www.youtube.com/channel/UCA6S_yGRG3-2kDNonShWJxw,@filmxenrique,2022-07-17T21:27:40.570359Z,"{'viewCount': '32016', 'subscriberCount': '154', 'videoCount': '45'}",https://yt3.ggpht.com/FcOe3xUWXLAnl4Nr5YkZ1c55QWSlbigpZinwRaHdU_aW7zZca4pMFez5epG6Ohx46hRBhVqB=s240-c-k-c0x00ffffff-no-rj,,"[{'title': 'RADIO', 'link': 'https://www.youtube.com/watch?v=SH-Z9DIKxg8'}, {'title': 'Its my bday and i wanna give YOU a gift (: To Enter: 1.\ufeff\ufeff\ufeffSub 2.\ufeff\ufeff\ufefflike 3.Comment Ends: 7/8 #film 📸', 'link': 'https://www.youtube.com/watch?v=fZaj3pVI0CI'}, {'title': 'Some BTS of what it’s like developing film at Photo60 film lab on Fridays 🎞️📸 #filmphotography', 'link': 'https://www.youtube.com/watch?v=TJdvI5JlTLQ'}]"
Film Friends,https://www.youtube.com/channel/UCgeSDwPH-6ttgxdPANBjQPQ,@film_friends,2020-05-21T19:26:37.453357Z,"{'viewCount': '769613', 'subscriberCount': '10900', 'videoCount': '62'}",https://yt3.ggpht.com/FG4-YgG0lH2o9ByopTKGCNRvIamaQ-43D-CbRDhXhCDU4Tue9DOeSxaAge6nWG8iwPaUA8tg=s240-c-k-c0x00ffffff-no-rj,,"[{'title': 'Grandmother junk drawer find. Does it even work? #mystery #photography #shorts', 'link': 'https://www.youtube.com/watch?v=dW3tYftN-W0'}, {'title': 'Sound up super 8 #asmr #satisfying #calm', 'link': 'https://www.youtube.com/watch?v=vdOvNwUMu9k'}, {'title': 'Super 8 vacation to Joshua Tree #super8 #photography #shorts', 'link': 'https://www.youtube.com/watch?v=z60dUS_C1vI'}]"
All-Ru-in オルイン,https://www.youtube.com/channel/UChqrV8SK98zxqf4S2jbW6Zw,@allruin,2014-11-07T13:48:39Z,"{'viewCount': '1026', 'subscriberCount': '7', 'videoCount': '7'}",https://yt3.ggpht.com/yMjEwWqendCSqfXcvQqeTp80bgcXl2GXBt5lgYhGVVpJSsF7LObuihEihBgZb1nmRRH8E0T78w=s240-c-k-c0x00ffffff-no-rj,benzmulandto,"[{'title': 'Nice #shorts', 'link': 'https://www.youtube.com/watch?v=QQJ940VHenQ'}, {'title': '「8mmfilm」#filmphotography #film #photo #photography #photooftheday #filmcamera #กล้องฟิล์ม #8mmfilm', 'link': 'https://www.youtube.com/watch?v=wkb-pLcQ1KI'}, {'title': '「家」#filmphotography #film #photo #photography #photooftheday #filmcamera', 'link': 'https://www.youtube.com/watch?v=d-0a63Ohpm8'}]"
metal fingers,https://www.youtube.com/channel/UCnKY4vHTH747hWoMKBeLkIQ,@metalfingersfilm,2014-07-22T21:39:12Z,"{'viewCount': '10571302', 'subscriberCount': '40500', 'videoCount': '421'}",https://yt3.ggpht.com/ytc/AIdro_k_Ty05UciGWo01WcXCjVdh3lXljnZCMVOpbrNCMe1QMUM=s240-c-k-c0x00ffffff-no-rj,"""film photography"" 35mm ""35mm film"" film ""film camera"" ""120 film"" ""medium format"" ""how to"" easy best beginner shooting developing ""willem verbeeck"" ""negative feedback"" ""joe greer"" analog ""analog camera"" ""best film camera"" ""metal fingers film"" portraits landscapes lifestyle photography photos ""film photos"" tutorial canon nikon leica mamiya 6x45 6x7 6x6 ""aspect ratio"" olympus hasselblad kodak ""photo mag"" printing developing scanning scan shoot print develop reddit ""reddit analog"" nimslo nishika","[{'title': 'Stop Shooting Wide Open on Film', 'link': 'https://www.youtube.com/watch?v=eQnsnUeqGY4'}, {'title': '2025 Could Ruin Film?', 'link': 'https://www.youtube.com/watch?v=aLRS_fu9BOs'}, {'title': 'Lessons to be Learned While Shooting Portraits!', 'link': 'https://www.youtube.com/watch?v=0bQc6g2JtOQ'}]"
HoldTheGrain,https://www.youtube.com/channel/UCNEcOIiE6EGjyokIehQMNuA,@holdthegrain,2024-12-29T23:26:08.761964Z,"{'viewCount': '1604', 'subscriberCount': '21', 'videoCount': '6'}",https://yt3.ggpht.com/6ABArTrxzqAJkQuc_MGKcZo2ReosPMgvuxhHbXcZ9iDJjzUzL38A6dFYwehbSQNONVgWEiPb=s240-c-k-c0x00ffffff-no-rj,"""Kea Natane"" Fujifilm ""Fuji X-t5"" Photography ""Film Photography"" Analog ""Analog Photography"" ""Film photo vibes"" ""cozy photography"" ""cozy vibes"" ""35mm cameras"" ""fujifilm film simulation"" ""medium format photography"" ""35mm film photography"" ""film camera tips"" ""film photography inspiration"" ""photography for beginners"" ""film photo aesthetics"" ""nikon photography"" ""fujifilm x100v"" ""fujifilm x"" ""landscape photography"" ""mundane photography"" postcards","[{'title': 'I love film photography #pentax67 #filmphotography #filmphoto #photography', 'link': 'https://www.youtube.com/watch?v=ZNa-HIHPniE'}, {'title': 'Car photos on film | Canon F-1 #filmphotography #35mm #canonf1 #carphotography', 'link': 'https://www.youtube.com/watch?v=Z7hN4cTPRT0'}, {'title': 'Slow shutter #fujifilm #fujixt5', 'link': 'https://www.youtube.com/watch?v=fFR1E2EkMZI'}]"
ANALOG FILM,https://www.youtube.com/channel/UC0TyPKbU7j5FAcz8SjWyYCg,@analogfilm-wt5dz,2024-05-13T01:39:04.705169Z,"{'viewCount': '4', 'subscriberCount': '0', 'videoCount': '1'}",https://yt3.ggpht.com/OIuRRIiH7Rrqn1IAhWSn_GW1PPVzs16tjA8xaTuEV-S-O3CGXfpCgtTK7EL8chI8KKDiJjHBFA=s240-c-k-c0x00ffffff-no-rj,,"[{'title': 'Backrooms - Found Footage #1', 'link': 'https://www.youtube.com/watch?v=1B7QFvAIm_k'}]"
ANALOG FILM,https://www.youtube.com/channel/UC4BSFglE19zqUTu-PwRQl8A,@analogfilm1880,2021-03-19T01:15:13.850651Z,"{'viewCount': '108', 'subscriberCount': '2', 'videoCount': '1'}",https://yt3.ggpht.com/ytc/AIdro_nwMUzVTKQco_CKA1JZQRrDft-95LZFs-6vvs0cEv6eMw=s240-c-k-c0x00ffffff-no-rj,,"[{'title': '[BTS COVER VOCAL TEAM 아날로그 필름 ANALOG FILM] 21세기 소녀 (륜아, 생일 축하해!)', 'link': 'https://www.youtube.com/watch?v=cs5RKYtLH7U'}]"
Analog Resurgence,https://www.youtube.com/channel/UCL9A6v7YSOOVXwCpao6Bszg,@analogresurgence,2018-10-12T22:44:09Z,"{'viewCount': '7574667', 'subscriberCount': '79000', 'videoCount': '243'}",https://yt3.ggpht.com/ytc/AIdro_kFWSU66R9sK3xIA7V8NBSiN6d4pfd8HUL_5LfYykNIhUo=s240-c-k-c0x00ffffff-no-rj,"polaroid 35mm kodak fuji ""super 8 film"" ""16mm film"" ""film tutorial"" ""film photography"" ""analog resurgence"" ""how to shoot film"" ""film photography for beginners"" ""shoot super 8 film"" ""super 16mm film"" ""super 8 samples"" ""kodak super 8 camera"" ""film stocks review"" ""best 35mm film"" ""film camera"" ""120 film photography"" ""shoot slide film"" bolex ""pack film"" ""instant film"" ""film scanning at home"" ""film developing at home"" ""film shooting tips"" ""analog resurgence""","[{'title': 'Reveni Labs LUMO Light Meter | First Impressions', 'link': 'https://www.youtube.com/watch?v=Y95FtUOZ5jM'}, {'title': 'A Trip to SEOUL, South Korea & Handmade Film Lab SPACE CELL', 'link': 'https://www.youtube.com/watch?v=oPnAICJ6Srg'}, {'title': 'AGO Film Processor Review | Film Developing Made Easier?', 'link': 'https://www.youtube.com/watch?v=9ji2vdzFRiw'}]"
Analog Film Photography,https://www.youtube.com/channel/UCtrZDH3YsDcRQuu6Vx9h8Hw,@analogfilmphotography24,2024-08-09T19:27:51.237587Z,"{'viewCount': '7', 'subscriberCount': '1', 'videoCount': '1'}",https://yt3.ggpht.com/6TzZfjKpP7nJlEh4WEO9YeesEwWNHjkyLaMUqcDlGaFgBqGyuiiV8geo1XOYVeY9UK6qZntQ=s240-c-k-c0x00ffffff-no-rj,,"[{'title': 'My 2024 August camera collection', 'link': 'https://www.youtube.com/watch?v=SMsvzu_8AYw'}]"
The Analog Film Festival,https://www.youtube.com/channel/UC9qDbDHpqIj6WFEEb3gGQ3A,@filmfestanalog,2023-02-11T02:22:52.001048Z,"{'viewCount': '17070', 'subscriberCount': '487', 'videoCount': '3'}",https://yt3.ggpht.com/yYbbkcmT3bhNhnhXcQ_a6grJDjx-3Z-apgInbIkuegqsCA8kGAWbHpw3CCwsovn6YpRMeHNqqg=s240-c-k-c0x00ffffff-no-rj,,"[{'title': 'HALF EATEN HOTDOG ON THE GROUND', 'link': 'https://www.youtube.com/watch?v=s9Z8m2CgxhU'}, {'title': 'The Analog Film Jam Festival (2023)', 'link': 'https://www.youtube.com/watch?v=zJ4Xu6osp6w'}, {'title': 'The Analog Film Jam Festival - Announcement Trailer', 'link': 'https://www.youtube.com/watch?v=ZRQYIpp--j4'}]"
Analogue Wonderland,https://www.youtube.com/channel/UCZXe1cKqp2QHa_jdImrdCRQ,@analoguewonderland,2018-04-04T12:18:43Z,"{'viewCount': '943112', 'subscriberCount': '9200', 'videoCount': '412'}",https://yt3.ggpht.com/ujFa_0SK19mhRScCSuMwoANvvJgzdNZYy0wGqRQrZ3W0bUU8zOP6bnssndRwcXoUEF6EOkZSjw=s240-c-k-c0x00ffffff-no-rj,"Film Photography ""film photography"" ""35mm film"" 35mm analog analogue ""analog photography"" ""analogue photography"" film ""120 film"" ""35mm film photography"" ""110 film"" ""620 film"" ""127 film"" ""kodak film"" ""ilford film"" ""lomography film""","[{'title': 'Bank Holiday + Payday + Double WonderPoints = Pure Joy 🤑 #FilmPhotography #BankHoliday #ShootFilm', 'link': 'https://www.youtube.com/watch?v=n8zK8TyabSA'}, {'title': 'Seek out the extraordinary 💛✨ #filmphotography #davidbailey #shootfilm', 'link': 'https://www.youtube.com/watch?v=DuB-WlQGXAg'}, {'title': 'We ❤️ #PinholePhotography! WIN This #Holga Camera on IG 🎉 #FilmCamera #MediumFormat', 'link': 'https://www.youtube.com/watch?v=xnT3qZr1l94'}]"
AnalogFlashback,https://www.youtube.com/channel/UCM6JWOlA56yFjDclXkTxm4w,@analogflashback,2024-04-30T09:35:49.666493Z,"{'viewCount': '22884', 'subscriberCount': '297', 'videoCount': '35'}",https://yt3.ggpht.com/oZf148Y6TaAAo79pTbDeJjHmLW8vrwlBdSuSWYl1WZMYXYVg1qDKzLidmfnKDJmJteNwPNv09Bo=s240-c-k-c0x00ffffff-no-rj,,"[{'title': 'Yashica Mat + Kodak T MAX 400 – Medium Format for Control Freaks?', 'link': 'https://www.youtube.com/watch?v=7WRBf8YcwI4'}, {'title': 'Rollei 35 XF So Small, So Serious | Shot on Agfa APX 100', 'link': 'https://www.youtube.com/watch?v=zUE5FQzQPj4'}, {'title': 'Kodak T Max 400 Too Sharp? Too Perfect? TOO GOOD?', 'link': 'https://www.youtube.com/watch?v=3lPDyn27DM4'}]"
Analog Film,https://www.youtube.com/channel/UCwxElFIiOkxpAxMnIp-ypOQ,@analogfilm499,2023-09-07T06:46:21.674522Z,"{'viewCount': '58', 'subscriberCount': '4', 'videoCount': '1'}",https://yt3.ggpht.com/ppiQPjYwyynzupOKSCiNQc8Z2UKtsu5Z12lfnyAn0xR9XGKsVyjpR1Fzyjh6ez1BByqBWN8CQxY=s240-c-k-c0x00ffffff-no-rj,,"[{'title': 'Wie eine analoge Kamera fotografiert (Tutorial)', 'link': 'https://www.youtube.com/watch?v=yFFQWU1tcYc'}]"
On Film Only,https://www.youtube.com/channel/UC30he5cycGFJBYt3w1sDpyQ,@oneyearwithfilmonly,2017-02-16T18:27:07Z,"{'viewCount': '396325', 'subscriberCount': '4900', 'videoCount': '38'}",https://yt3.ggpht.com/ytc/AIdro_mvbLn3Kd0gmB9d8J28rONcme9h5O8XUAi5gj2X8s5FSD4=s240-c-k-c0x00ffffff-no-rj,Film and Analog Photography,"[{'title': 'Contax S2 Review & What I HATE About This Camera', 'link': 'https://www.youtube.com/watch?v=rIIu-py52fw'}, {'title': 'Leica M6 Review & TOP 10 Questions Answered', 'link': 'https://www.youtube.com/watch?v=Q2Zs7-O5OVw'}, {'title': 'Contax 139Q Camera Review', 'link': 'https://www.youtube.com/watch?v=D_CU6uVsjKs'}]"
Mythical Films,https://www.youtube.com/channel/UCrX9L2BHOD1G8oiPd3th5bw,@mythical.3d,2022-08-11T03:18:36.589292Z,"{'viewCount': '333010', 'subscriberCount': '13300', 'videoCount': '27'}",https://yt3.ggpht.com/egTy9pwFPiqYfKN5tTv7vy0lJVB9cUH-NfE_jUoVCRqVX8ofMp9QXlPjHmTGhL9bMCzQP5hx=s240-c-k-c0x00ffffff-no-rj,"scary horror ""trending horror"" ""analog horror"" ""found footage"" ""horror footage"" ""scary footage"" analog analogue ""analogue horror"" vhs ""scary vhs"" terrifying disturbing horrifying footage ""scary movie"" ""short film"" ""horror short film"" creepy vintage ""vhs found footage"" films movies ""mythical films"" backrooms ""mandela catalogue"" ""indie horror"" ""creepy pasta"" ""horror story"" paranormal ""urban legends"" ""creepypasta stories"" creepypasta ""dark web""","[{'title': 'sin', 'link': 'https://www.youtube.com/watch?v=_LiIFFORAU0'}, {'title': 'Stone Cold 0 (Full Series) | An Analog Horror and Found Footage Series', 'link': 'https://www.youtube.com/watch?v=JsU12Sg_ARc'}, {'title': 'Our Tyrant | Stone Cold Zero', 'link': 'https://www.youtube.com/watch?v=OPakikh2dhY'}]"
Analog Insights,https://www.youtube.com/channel/UCEsIPHfiX6UpomrXTrdq67Q,@analoginsights,2016-07-24T04:19:06Z,"{'viewCount': '7367842', 'subscriberCount': '67000', 'videoCount': '175'}",https://yt3.ggpht.com/ytc/AIdro_lhXQpGrLl26InBgS5XdPvuiSXhA6vKA7Trpxrycm7CDRE=s240-c-k-c0x00ffffff-no-rj,"photography analog portraits ""gear reviews"" film ""portrait photography"" ""analog photography"" ""film photography""","[{'title': 'Canon L2 Review - A quiet luxury camera', 'link': 'https://www.youtube.com/watch?v=2gYImM9OUY0'}, {'title': 'Polaroid Flip Review - Exactly what the market wanted?', 'link': 'https://www.youtube.com/watch?v=xr8xpKQiJ04'}, {'title': 'One Device, Two Measurements: L.D. Meter by CHI', 'link': 'https://www.youtube.com/watch?v=55UcXa7-bJA'}]"
Analog Film Design,https://www.youtube.com/channel/UC-YsGl9bffY5Te8q8yLMIrA,@analogfilmdesign,2023-04-23T12:21:27.301176Z,"{'viewCount': '25', 'subscriberCount': '0', 'videoCount': '2'}",https://yt3.ggpht.com/nBNbSufEw71vrpal5doihq4BTVb8IhVXjcqNEv8NBWK2fa7-0Jy5d6GYIrzZyaMZvmbd7SiTmA=s240-c-k-c0x00ffffff-no-rj,,"[{'title': 'Diego Maradona - Ender 3 Pro Time Lapse', 'link': 'https://www.youtube.com/watch?v=tPbvnscpcHk'}, {'title': 'Relaxing, meditation and embient music in a rainy balcony', 'link': 'https://www.youtube.com/watch?v=JiZAtQ4A2_w'}]"
analog film,https://www.youtube.com/channel/UCTt7jmNtwAE3n7mrT7gynbA,@analogfilm6742,2017-12-13T18:33:38Z,"{'viewCount': '35', 'subscriberCount': '4', 'videoCount': '1'}",https://yt3.ggpht.com/ytc/AIdro_kBGNsEucteBSnWyGUei469PBhGyIirz7Ak9R7TOiIU3Q=s240-c-k-c0x00ffffff-no-rj,,"[{'title': 'Meet#001 FK Jayapura', 'link': 'https://www.youtube.com/watch?v=Byd7gH2VITg'}]"
Film is more fun,https://www.youtube.com/channel/UCi4Z9CMZwcYPhl1FguWClzA,@filmismorefun,2017-09-30T19:32:56Z,"{'viewCount': '2108760', 'subscriberCount': '11600', 'videoCount': '152'}",https://yt3.ggpht.com/U5yL421qVFxz7bWL4Zy-zoNK9XLPC7S56uNO4TdSgB5tg-RjWpS0ge6hBa_1XUpODE3icQDRZQ=s240-c-k-c0x00ffffff-no-rj,film camera analog photography 35mm kodak ilford fuji darkroom nikon canon,"[{'title': ""Send help. I can't stop shooting this thing."", 'link': 'https://www.youtube.com/watch?v=_poVEIqRrwI'}, {'title': 'How to shoot film photos in the snow', 'link': 'https://www.youtube.com/watch?v=5ckLvr2rAvc'}, {'title': ""Let's rip this thing apart"", 'link': 'https://www.youtube.com/watch?v=dHTuu0MlIcs'}]"
Only Analogue,https://www.youtube.com/channel/UCH91Qfil7LI4kPFJSZmIcwg,@onlyanalogue,2020-11-04T23:19:31.886669Z,"{'viewCount': '245321', 'subscriberCount': '3780', 'videoCount': '99'}",https://yt3.ggpht.com/ytc/AIdro_k1SkL74E0vaVvDXyU6bJO3wnSj8lEvxdxqT8Iu3q_zpg=s240-c-k-c0x00ffffff-no-rj,,"[{'title': 'Street Photography On 35mm Film (Leica M1 + Olympus XA1)', 'link': 'https://www.youtube.com/watch?v=w3gGWFx8RB8'}, {'title': 'Street Photography On 35mm Film - Cardiff Edition', 'link': 'https://www.youtube.com/watch?v=9rcmjUQNq2U'}, {'title': 'Film Photography Vs Ai - (An In Depth Comparison)', 'link': 'https://www.youtube.com/watch?v=sgTn6r378mM'}]"
AnalogSoul Films,https://www.youtube.com/channel/UCSMkTMR2GfSOfiXKHEmT1GQ,@analogsoulfilms,2025-04-07T19:47:29.409418Z,"{'viewCount': '33', 'subscriberCount': '1', 'videoCount': '1'}",https://yt3.ggpht.com/TMMARF0afwQNs9BfBB-WQl04BNheelcDnkuMhplpgSXImRGv97vnmNvUecDNJEnbR56VCrLs9w=s240-c-k-c0x00ffffff-no-rj,,"[{'title': 'Study for Lights-Helios 58mm + Gh6', 'link': 'https://www.youtube.com/watch?v=TJvui0KKs4A'}]"
Jase Film,https://www.youtube.com/channel/UC4sa_UCD4DYv9kim7UA6elA,@jasefilm,2020-04-20T21:19:10.525348Z,"{'viewCount': '374140', 'subscriberCount': '4980', 'videoCount': '17'}",https://yt3.ggpht.com/fsbgJfWY3fWUT5KWWdE7_XGreItaR70G42qNjmr5qICiNKD-LBoLz6zyScc5yXgSa21mGmjH=s240-c-k-c0x00ffffff-no-rj,"film 35mm 120 ""medium format"" photography astrophotography analog art","[{'title': 'Polaroid camera on an fpv drone #polaroidcamera #drone #dronephotography #analog', 'link': 'https://www.youtube.com/watch?v=Z_UICg-aiUg'}, {'title': 'The Portra Potty                           #35mm #film #analog #portra', 'link': 'https://www.youtube.com/watch?v=1GA_5VIOgik'}, {'title': 'Super 8 on an FPV drone #shorts', 'link': 'https://www.youtube.com/watch?v=bGryGAeLZM0'}]"
Exploring Analog,https://www.youtube.com/channel/UC8RoxMlFRNZNUFMvwPqZ_Ow,@exploring_analog,2020-03-03T14:34:13.290208Z,"{'viewCount': '66787', 'subscriberCount': '1320', 'videoCount': '36'}",https://yt3.ggpht.com/0itGEd0swRMUbL5OQq9N4t_TZdnfaHTo_-3OcYQHZPY-mZGFNZOiyMfT2cZnlkxPN0bjxvKo=s240-c-k-c0x00ffffff-no-rj,"photograhpy analog ""film stock"" ""street photography"" reviews ""retro camera"" analogue minolta camera 35mm ""analogue photography"" ""film photography""","[{'title': ""I revisited KODAK GOLD 200 and I didn't regret it | Film stock review"", 'link': 'https://www.youtube.com/watch?v=a7deBc-F-L8'}, {'title': 'My first 2 rolls of WASHI Z the black and white near infrared sensitive film  | Film stock review', 'link': 'https://www.youtube.com/watch?v=yQo38smF_pY'}, {'title': 'Is the KODAK Ektar 100 worth the price? | Film stock review', 'link': 'https://www.youtube.com/watch?v=mkudbUszOaM'}]"
Analogue Photography Talk,https://www.youtube.com/channel/UCxGzTCecw_vtLpeFYcNhSOw,@analoguept,2014-07-19T04:04:28Z,"{'viewCount': '402724', 'subscriberCount': '3960', 'videoCount': '205'}",https://yt3.ggpht.com/6G1CBFgaN9k4IywpDtFXRTHe0LuWipIM0pq9XyqdqX0-gYfhYwZDcrDqcvTr89TtgNr8KuJH=s240-c-k-c0x00ffffff-no-rj,"photography ""ultra large format"" ULF ""alternative printing"" ""albumen printing"" ""kallitype printing"" ""wetplate photography"" ""film photography"" ""analogue photography"" ""35mm photography"" ""medium format photography"" ""large format photography""","[{'title': 'World Pinhole Photography Day 2025 #wppd #fomapaper', 'link': 'https://www.youtube.com/watch?v=3fqZQYnM7F4'}, {'title': '#kodakdoublex repackaged nicely by a Taobao seller', 'link': 'https://www.youtube.com/watch?v=H9xNsrFQInA'}, {'title': 'Cheapest Large Format film? Fujifilm X-ray Film', 'link': 'https://www.youtube.com/watch?v=lmocPO9Pfb0'}]"
#Soperfect Film #Cameras  Analogue Photography TV,https://www.youtube.com/channel/UCl6Lye1c4K9U2REEhzUyb8w,@soperfectfilmcamerasanalog9483,2019-10-07T11:37:56Z,"{'viewCount': '31937', 'subscriberCount': '84', 'videoCount': '25'}",https://yt3.ggpht.com/DI7bRGOiF8Nmtx-6vYZSM4_5bTFZrthpR2y7LLAE8NiVremf0M4uDq-RqMp9gGES3x9CBdEL0lQ=s240-c-k-c0x00ffffff-no-rj,Soperfect Images Devon Cornweall Classic Cameras Projectors Plymouth Barbican Film Nikon Cannon Old Photography Anallogue DStock New York Hollywood Massachusetts Michigan California Europe Spain France Sweden Zealand USA Russia Paris Belgium Holland Mayaflower 400 Kodak Fuji Codachrome Slide film Australie Africa Asia India Sweeden,"[{'title': ""#Soperfect #Cameras #Analogue #Film #Plymouth  'Images #Ebrington Street #Plymouth #UK PL4 9AA"", 'link': 'https://www.youtube.com/watch?v=hUOpUiOmRVk'}, {'title': ""#Soperfect #Cameras #Analogue #Film #Plymouth  'Images #Ebrington Street #Plymouth #UK PL4 9AA"", 'link': 'https://www.youtube.com/watch?v=vvBr58lMiI4'}, {'title': 'Arthur Tress Surrealism in Art Photography 1970s PG', 'link': 'https://www.youtube.com/watch?v=WW1eTfweadY'}]"
That Bearded Guy Photography,https://www.youtube.com/channel/UC1XhT91z6CPH1cxsLIayFUQ,@o.persson,2019-01-01T17:24:13Z,"{'viewCount': '80171', 'subscriberCount': '1170', 'videoCount': '51'}",https://yt3.ggpht.com/RErcb4AcTT42Dc3zGpztj_BznhovMAX61hBXdDRuYvX5uFJgFKqV_btoIhozNAGCZSIyniMtiWM=s240-c-k-c0x00ffffff-no-rj,,"[{'title': 'When my Hasselblad died at the old car cemetery', 'link': 'https://www.youtube.com/watch?v=uiZl_tSBzZo'}, {'title': 'Photographing the Great Marsh', 'link': 'https://www.youtube.com/watch?v=Zse4255aFzg'}, {'title': 'Large format photography among the cliffs', 'link': 'https://www.youtube.com/watch?v=AVfgi_TGBao'}]"
The Professor of Film,https://www.youtube.com/channel/UC3FBELA7lubGV8goqGnzV8g,@theprofessoroffilm,2015-10-26T19:30:01Z,"{'viewCount': '88427', 'subscriberCount': '888', 'videoCount': '48'}",https://yt3.ggpht.com/djGFIOTKMXdr5yE7q8_vGbsvOtsav_wwNqghNWqtpKSJtp69HFvGeJrDcW7QYGX2hHUFAktnKw=s240-c-k-c0x00ffffff-no-rj,"""analogue photography"" ""film photography"" ""35mm photography"" film ""120 film"" lomography slr ""manual camera"" ""automatic camera"" ttl ""manual focus"" ""auto focus"" canon nikon pentax olympus zenit praktica fujifilm kodak ""analogue expert"" ""analogue photography expert"" ""photography advice"" ""beginners photography""","[{'title': '30 Year Old film Developing in the Kitchen  #filmphotography #filmcommunity #photographytips #film', 'link': 'https://www.youtube.com/watch?v=5IWDeIrVE4o'}, {'title': 'The relation between aperture and shutter speed on a camera #filmcommunity #filmphotography #film', 'link': 'https://www.youtube.com/watch?v=xL6sT_iWbdw'}, {'title': 'What is a light meter and how to read it #filmcommunity #filmphotography #photographytips', 'link': 'https://www.youtube.com/watch?v=OUB9py-mvvc'}]"
Jagglé,https://www.youtube.com/channel/UCaZjnlZVLCq7RKbZvYTUiIg,@therealjaggle,2024-01-09T15:48:49.87144Z,"{'viewCount': '3411', 'subscriberCount': '41', 'videoCount': '11'}",https://yt3.ggpht.com/76mjiVIppVi4TPTAarP6j95lM0_FpHpNFdpuYdK_hyRdwsGMFO5H0YXVX0mkfAB30LwxvA4Y=s240-c-k-c0x00ffffff-no-rj,,"[{'title': 'We have now added four sizes in our shop - 5x7, 8x10, half plate and full plate, so sky is the limit', 'link': 'https://www.youtube.com/watch?v=SKGKtA9sgDQ'}, {'title': '4x5 Self-Developing Cassettes now available!', 'link': 'https://www.youtube.com/watch?v=f99MS8L94DE'}, {'title': 'Jagglé Kickstarter explanation', 'link': 'https://www.youtube.com/watch?v=jED17-cvyhI'}]"
Alexandra Haslam,https://www.youtube.com/channel/UC45jbciTUuMCnd9b4XdT8vw,@alexhaslamphoto,2015-06-03T21:41:09Z,"{'viewCount': '8370', 'subscriberCount': '19', 'videoCount': '14'}",https://yt3.ggpht.com/-P3mNSPBlTyz9R730LwW4EBAi16psKyVXRBPQTr378NKwhn99st6_G5zmcATDfW96z9RWPep=s240-c-k-c0x00ffffff-no-rj,,"[{'title': 'lucky for me I love light leaks #35mm #bnw #filmphotography #photoshoot #femalephotographer #analog', 'link': 'https://www.youtube.com/watch?v=f8h3YOgsEz8'}, {'title': 'making a home for the #instax collection #filmphotography #scrapbook #instantcamera #crafts', 'link': 'https://www.youtube.com/watch?v=k9uVzmnJr-8'}, {'title': 'summertime shots #olympuscamera #summershorts #35mm #filmphotography #fujifilm #liverpool', 'link': 'https://www.youtube.com/watch?v=xYa5Zl0PFUs'}]"
Roll With It Cameras,https://www.youtube.com/channel/UCBNRAqqKZbcXkqYSMvcbCig,@rollwithitcameras,2024-07-23T10:31:16.551952Z,"{'viewCount': '1282', 'subscriberCount': '3', 'videoCount': '5'}",https://yt3.ggpht.com/o5XsH8Wq6zNvzrmUilbSji6SkuL7THJI__uRm4ceXPwxn25vb7Bem3Cc46XFZUptMTquI9eokw=s240-c-k-c0x00ffffff-no-rj,"""film camera"" ""analogue camera"" ""35mm film"" ""film photography"" ""vintage cameras"" ""camera repairs"" ""point and shoot"" compact slr tlr ""medium format"" ""120 film"" analog analogue ""beginner film camera"" ""how to use"" ""film developing"" ""film lab"" restoration repair camera photography ""analogue photography"" ""film camera repairs""","[{'title': 'Check your dark slide isn’t partially in before hitting the shutter #analoguephoto #mediumformat', 'link': 'https://www.youtube.com/watch?v=5Oj1mfn9AvA'}, {'title': '29 January 2025', 'link': 'https://www.youtube.com/watch?v=Q0eRrfCKQA8'}, {'title': 'Repair/Fixing Your Vintage Film Camera (ASMR - No Talking)', 'link': 'https://www.youtube.com/watch?v=SWoUwAo3L9Q'}]"
Armando Street Photography ,https://www.youtube.com/channel/UCOjfxR6L3BhkjuwGa5s3r8g,@armandostreets,2013-02-24T02:17:08Z,"{'viewCount': '165528', 'subscriberCount': '827', 'videoCount': '140'}",https://yt3.ggpht.com/j4ecSkxtY6TuG5wDbYVCkg73ZB2DakBnpoISaGXFyecHuD4FjF8uNgo2VxucqZbkpwDPwiHB4Q=s240-c-k-c0x00ffffff-no-rj,,"[{'title': 'Do u know how beautiful is England? What better way to capture its beauty than with film #ilfordhp5', 'link': 'https://www.youtube.com/watch?v=5_jpC1zmyYU'}, {'title': 'Have you ever wondered how Thailand looks on film? Watch the whole adventure clicking the link above', 'link': 'https://www.youtube.com/watch?v=vqXymyJl6z4'}, {'title': '👆🏽👆🏽👆🏽 🇹🇭 To watch the full journey click the link above #filmphotography', 'link': 'https://www.youtube.com/watch?v=b6OnIvwEcMg'}]"
Aranya Banerjee,https://www.youtube.com/channel/UCG8vYNafeJSTLuNoQ_-hrUQ,@silvergrainsbyaranya,2025-01-24T19:46:52.344221Z,"{'viewCount': '1360', 'subscriberCount': '57', 'videoCount': '1'}",https://yt3.ggpht.com/E-RWGz7WD-_hswmvBwK4-4443cQuwGoTy_OTWNCezaL6H6nobUQ0VIePNA5c9NqBtHOwx8XTcQ=s240-c-k-c0x00ffffff-no-rj,,"[{'title': 'Weekend Film Photography Ep 1: Shooting North Kolkata on Medium Format – Lomography Lady Grey 400', 'link': 'https://www.youtube.com/watch?v=XaAW_6Ogt1A'}]"
Colin Knott- My Photography World,https://www.youtube.com/channel/UCfykmYKhut6IUv4B87PxGEw,@myphotographyworld9780,2020-09-06T20:36:51.250082Z,"{'viewCount': '31607', 'subscriberCount': '233', 'videoCount': '165'}",https://yt3.ggpht.com/pRByhfyUepwpHTyIi-2A4VSLuZJ3DHGJqV2JG_1n-vh4DpfsGzgGuca0S1ZQusWSw2l_elAJ=s240-c-k-c0x00ffffff-no-rj,"""Landscape Photography"" ""Woodland Photography"" ""Camera settings"" Composition ""forest photography"" ""moody woodlands"" ""woodland and water"" ""landscape photography settings"" ""nikon photography"" ""scotland's landscapes"" trees woodland ""visual earth"" ""woodland walk"" ""still life photography""","[{'title': 'TWO OF SCOTLANDS LESS KNOWN CASTLES IN ANALOGUE', 'link': 'https://www.youtube.com/watch?v=yQAD5CvYsWA'}, {'title': 'Fujifilm XF 16-80mm Captures Madeira (image reel starts at 6 mins.)', 'link': 'https://www.youtube.com/watch?v=dDBYFpt5_5Y'}, {'title': 'Frame by Frame: The Magic of Film Photography', 'link': 'https://www.youtube.com/watch?v=eEBcU3RCxA4'}]"
Pavel Demidovich,https://www.youtube.com/channel/UCasCfTJs_Cs1z-gx6-KBWRQ,@demidovich-film,2023-06-15T13:03:11.140444Z,"{'viewCount': '5871', 'subscriberCount': '27', 'videoCount': '7'}",https://yt3.ggpht.com/kQUzn7_zfaq2UR1WkeS3i2o0KDuX1zDsWDrlFSdt17NO0HAhwQga393vlqAQ06yi-3ZgrKKI-w=s240-c-k-c0x00ffffff-no-rj,"Photography Art ""film photography"" analogue analog 35mm ""35mm film photography"" Filmmaking film ""35mm film"" ""model releases"" SnapSign ""mobile application"" ""analogue photography"" ""analog photography"" travel surfing","[{'title': 'Analog Waves | A Surfing Film & Analogue Photography Teaser', 'link': 'https://www.youtube.com/watch?v=QPCm--rIvzY'}, {'title': '«Analog waves» by Pavel Demidovich. A Journey Through Surf & Film Photography', 'link': 'https://www.youtube.com/watch?v=N8BUNlneShk'}, {'title': 'SnapSign app for photographers and filmmakers', 'link': 'https://www.youtube.com/watch?v=LweBNF8DX78'}]"
princess shredder,https://www.youtube.com/channel/UChjsqOMm_dAwCGQhLVchmPA,@princessshredder,2019-07-17T15:38:46Z,"{'viewCount': '1510', 'subscriberCount': '15', 'videoCount': '13'}",https://yt3.ggpht.com/1NBlrYgrREl4TFC_EKv2ygNRFaoK_ZxcPT6yohDOVm2W6BENElIWnn4d1HNQ_TZcY7rVPc7PX-o=s240-c-k-c0x00ffffff-no-rj,"""trauma recovery"" ""analog photography"" ""voice acting"" writing ""film making"" cptsd healing ""princess shredder"" ""sharai mustatia"" shredder","[{'title': 'princess shredder - film photographer', 'link': 'https://www.youtube.com/watch?v=2lxKUD_Awu8'}, {'title': 'Sharai Mustatia Open House/Artist Talk, Queen Elizabeth Theatre, Vancouver', 'link': 'https://www.youtube.com/watch?v=6r-Utr67yAk'}, {'title': 'Analogue Photography - Explorations and Self Expression', 'link': 'https://www.youtube.com/watch?v=smHuauUjNKs'}]"
Cathy and Leon,https://www.youtube.com/channel/UCd5CvFc9gpqcK0dIRNlJSIw,@cathyandleon,2020-11-23T18:16:18.790936Z,"{'viewCount': '99766', 'subscriberCount': '662', 'videoCount': '40'}",https://yt3.ggpht.com/ytc/AIdro_lJX9JqPiAxUF5KgguYR7GwWG8YDXdS6-VdQ3-K8d4RMw=s240-c-k-c0x00ffffff-no-rj,china Shanghai photography photo film filmmaking lifestyle travel couple love relationship dating chongqing beijing camera college university nyu tisch lsp tv,"[{'title': 'Canon AE-1 Program + Fuji C200: A 35mm Film Photography Vlog', 'link': 'https://www.youtube.com/watch?v=36amBKWrwDI'}, {'title': 'My NYC College Apartment Tour: budget, tech, homekit, plants', 'link': 'https://www.youtube.com/watch?v=wqbaXS5sV_E'}, {'title': 'How to Load a 35mm Film: Canon AE-1 Program', 'link': 'https://www.youtube.com/watch?v=74ieBODeYIg'}]"
Contextual Grain,https://www.youtube.com/channel/UCuM32LkQHT_pNVvw6EEBBBA,@contextualgrain,2024-07-20T22:04:09.391882Z,"{'viewCount': '587', 'subscriberCount': '3', 'videoCount': '10'}",https://yt3.ggpht.com/ytc/AIdro_ktqy1O9ZMmtieFCVhktcadGmGeip91BZeI6raorAXQdqX547fkG-1ICr6To3C9zosJlQ=s240-c-k-c0x00ffffff-no-rj,,"[{'title': 'London Hardcore Dancers, (UK Hardcore 2019).', 'link': 'https://www.youtube.com/watch?v=0BS3VfEVKgs'}, {'title': 'Tamagawa River, Hanabi Festival [2024.10] Shooting Kodak Portra 400 at night. [Firework Festival]', 'link': 'https://www.youtube.com/watch?v=pWspWidT2Nk'}, {'title': 'Bloodaxe 2024, A summers dance. Ft mosh parts from the day. #bloodaxe #hardcore #japan #mosh', 'link': 'https://www.youtube.com/watch?v=KkB6fGq0wz8'}]"
Vijay Mathew Joseph,https://www.youtube.com/channel/UChbGqDPCNWYBbp94LMbhNJA,@vijaymathewjoseph3593,2013-12-31T07:01:02Z,"{'viewCount': '470737', 'subscriberCount': '454', 'videoCount': '29'}",https://yt3.ggpht.com/ytc/AIdro_nM_AdRajVuP-mw1o5LoowqnnsRiMDuj-G_tTCCk8NbqvQ=s240-c-k-c0x00ffffff-no-rj,"EDITS TRIBUTE ""CAPTAIN AMERICA"" JOKER MCU DCEU ""SHOT ON IPHONE"" MOLLYWOOD BILAL ""BHEESHMA PARVAM"" ""ZACK SNYDER"" KERALA KOTTAYAM ""MALAYALAM HORROR SHORT FILM""","[{'title': 'LONGING', 'link': 'https://www.youtube.com/watch?v=_jC3ks1awgE'}, {'title': 'If Superman exists in The Dark Knight Trilogy', 'link': 'https://www.youtube.com/watch?v=LSYl3Byn6LM'}, {'title': 'Analogue Photo Roll | FujiFilm 200', 'link': 'https://www.youtube.com/watch?v=GT5qDwyB_lg'}]"
Espen Bjørkvold,https://www.youtube.com/channel/UC7z_yVIppKvrFLGocmsn3hw,@espenbjrkvold5119,2020-03-30T08:00:30.686049Z,"{'viewCount': '15231', 'subscriberCount': '123', 'videoCount': '61'}",https://yt3.ggpht.com/ytc/AIdro_myeMDvUSB-50kg190FGtx9ESYgZEUsxCZo_Ru4h1UNAy0=s240-c-k-c0x00ffffff-no-rj,,"[{'title': '2023 - The Year Of The Square - Scenes of Norway Winter Landscape photography. Fuji XT-3', 'link': 'https://www.youtube.com/watch?v=iRLEAje67K8'}, {'title': 'Late Autumn Landscape Photography - Bladventure - Hasselblad 500C and Bergger Panaro 400 - Norway', 'link': 'https://www.youtube.com/watch?v=U5gSRteS6eE'}, {'title': 'Frames of Norway - Northern Norwegian Island Landscapes - Landscape Photography', 'link': 'https://www.youtube.com/watch?v=E3Yn2xd35c0'}]"
Julie Davenport Creative,https://www.youtube.com/channel/UCYsm3sOGd8jCwnWwjMX6KUw,@juliedavenportcreative,2013-12-16T11:06:30Z,"{'viewCount': '971', 'subscriberCount': '5', 'videoCount': '19'}",https://yt3.ggpht.com/OlAFqSGDyKtBaCXeGAo6vgEj0FJiIg8pdh3rjCDRXF03UOJ3hBPqTsQgGRxWecnB6Etd1I2g8vM=s240-c-k-c0x00ffffff-no-rj,Photography Design Education,"[{'title': 'If I’m quiet around here d here, then you know where I’ll be - in my beloved darkroom.', 'link': 'https://www.youtube.com/watch?v=U4obWiAEkgE'}, {'title': '15 August 2024', 'link': 'https://www.youtube.com/watch?v=w9OcnwagVGk'}, {'title': 'Cyanotype and gold inspired by Kintsugi, the Japanese art of repairing broken pottery #cyanotype', 'link': 'https://www.youtube.com/watch?v=2wjqiAWLwfM'}]"
Film Photography Channel,https://www.youtube.com/channel/UC-d4UzYSCIumVEEJVibzi3Q,@filmphotographychannel1618,2021-03-09T02:05:57.951688Z,"{'viewCount': '1043', 'subscriberCount': '7', 'videoCount': '1'}",https://yt3.ggpht.com/ytc/AIdro_mO7pcaBGnMdIiMfWuf77xvLh0LKUPH0LyHG57F8nB-7g=s240-c-k-c0x00ffffff-no-rj,,"[{'title': 'Olympus 35 SP (The Perfect Range Finder?)', 'link': 'https://www.youtube.com/watch?v=QsCMbaKICmg'}]"
Film Photography Channel ,https://www.youtube.com/channel/UCoyPfaThWozJyeXfYFBYoTw,@fpc-y2k,2021-05-11T06:15:39.259325Z,"{'viewCount': '11', 'subscriberCount': '10', 'videoCount': '1'}",https://yt3.ggpht.com/L05KuobU3FTECBHVOC_Qcoj6_r_sB3mujoToIf8FIW9m3F6UeqmmU_zYV3fiKGNFdIdJaayy7g=s240-c-k-c0x00ffffff-no-rj,,"[{'title': 'John birn', 'link': 'https://www.youtube.com/watch?v=CodeQHbVUD4'}]"
BojiFilmCamera,https://www.youtube.com/channel/UCNCmz5SoD0WrXeaXUD4IxIg,@bojifilmcamera,2022-04-11T02:02:54.45573Z,"{'viewCount': '18437', 'subscriberCount': '79', 'videoCount': '30'}",https://yt3.ggpht.com/CQPFWm9ON8EX1dKXJZ5CmCQhuXRP0cjYv15LeAE6BCJNXp3TFfjUHA6HysyA_S5qHRq9H5ozWgY=s240-c-k-c0x00ffffff-no-rj,,"[{'title': 'Lomo Apparat Chiyoda. #lomography #filmphotography #lomochrome', 'link': 'https://www.youtube.com/watch?v=EVx0JYGzmQU'}, {'title': 'Developing Film at Home with the Cinestill Color Simplified Kit', 'link': 'https://www.youtube.com/watch?v=moVb9nmePec'}, {'title': 'Home development with the Cinestill Color Simplified kit. #photography #filmphotography #vintage', 'link': 'https://www.youtube.com/watch?v=LdctXlI_Ne8'}]"
The Secret Life of Nicholas Schraml,https://www.youtube.com/channel/UCzayE80UPm0EKKnfM8WmRqQ,@nickschraml,2022-11-02T19:35:29.42816Z,"{'viewCount': '779493', 'subscriberCount': '1240', 'videoCount': '104'}",https://yt3.ggpht.com/8Hg4RDTJ-InCndAPAiiJX1GH5fJmd8yzClV4e1tfIf7LTskEazl5iXNqyDBI5m2uZawtUoz2=s240-c-k-c0x00ffffff-no-rj,"video photography videography ""film photography"" canadian cinematography camera gear ""nick schraml"" ""nicholas schraml""","[{'title': 'This is the worst thing a film photographer can do… #filmphotography #filmisnotdead', 'link': 'https://www.youtube.com/watch?v=ggEtXnRIHvg'}, {'title': 'This retro film scanner crushes modern technology #filmphotography #35mmfilm', 'link': 'https://www.youtube.com/watch?v=nYN4quu9BdI'}, {'title': 'When you give your friend an expensive film stock for the first time #filmphotography #35mmfilm', 'link': 'https://www.youtube.com/watch?v=-4C6WSEUK48'}]"
MKR Shoots Film,https://www.youtube.com/channel/UCUvebjkaewKHWvuFcDVUH9g,@mkrshoots,2015-03-20T17:30:49Z,"{'viewCount': '101196', 'subscriberCount': '748', 'videoCount': '70'}",https://yt3.ggpht.com/OiioDqMgBmmGBxGIxjZ8IJzhY8XvWZvYdsyIev9_79uRqMJCsbEhPQKux92BpA6Pxkxa8uN1y9A=s240-c-k-c0x00ffffff-no-rj,"""NYC photographer"" Photographer MKRShoots 35mmfilm ""film photography"" ""film reviews"" haul ""analog photography"" photography ""portrait photographer"" ""street photographer"" ""ny photographer"" ""female film photographer"" ""female photographer"" analogue ""120 film"" filmisnotdead filmphotography ""analog only""","[{'title': 'FIRST IMPRESSIONS: Kodak Gold 200', 'link': 'https://www.youtube.com/watch?v=ZA5vA1VhWUc'}, {'title': 'Studio session with Mamiya 645 #filmphotography #analog #mamiya645', 'link': 'https://www.youtube.com/watch?v=huQ5Vf4wj84'}, {'title': 'FIRST IMPRESSIONS: Orwo Wolfen NC500 (not what I expected)', 'link': 'https://www.youtube.com/watch?v=WJjGl3n2lwE'}]"
neitofoto,https://www.youtube.com/channel/UCc43xUzbQYvfof2ZDhmFYgQ,@neitofoto620,2021-01-27T03:20:46.041787Z,"{'viewCount': '3855', 'subscriberCount': '47', 'videoCount': '1'}",https://yt3.ggpht.com/ytc/AIdro_mcZ32pwlhmNrMWGeQRg_Wlfrl3E3WpUZSEKYokuviPWA=s240-c-k-c0x00ffffff-no-rj,"film ""film photography"" ""analog photography"" ""street photography"" ""camera reviews"" photography ""retro photography"" ""retro aesthetic""","[{'title': 'Film Photography Photo Walk (POV Street Photography) | Minolta AL-F | Portra 400', 'link': 'https://www.youtube.com/watch?v=grWm2G-4tEc'}]"
SeeFortyOne,https://www.youtube.com/channel/UCil3X5J0YFxlSE9P1MfpFfA,@seefortyone3840,2017-01-30T02:43:19Z,"{'viewCount': '134', 'subscriberCount': '51', 'videoCount': '1'}",https://yt3.ggpht.com/-l2CxoJGzBcwWR1Go4pv52QNYU1iwpZNDExBwgPd0QXZ1dF_31I1Wdal91V6UiR2XHWCTuTT=s240-c-k-c0x00ffffff-no-rj,,"[{'title': 'Just Be', 'link': 'https://www.youtube.com/watch?v=tf69Omm2tFk'}, {'title': ""Mila's Charming Photography Live Stream"", 'link': 'https://www.youtube.com/watch?v=g0zU4CZJL9Q'}]"
photography Joe,https://www.youtube.com/channel/UCA8YZN8PNBnLUYYqSwYFoNw,@photographyjoe,2019-01-02T17:03:54Z,"{'viewCount': '855', 'subscriberCount': '6', 'videoCount': '6'}",https://yt3.ggpht.com/NtwqcvfU25dodP7R85SnOSGrFv3jmleCvJEbNlJLjKBvYUlJx0T-GwvcwfNZsC4IASUGfL4YWQ=s240-c-k-c0x00ffffff-no-rj,,"[{'title': '28 June 2023', 'link': 'https://www.youtube.com/watch?v=NO24jkT-CvA'}, {'title': 'protest photography shoot part 1', 'link': 'https://www.youtube.com/watch?v=MA4XTT60eYM'}, {'title': ""why I'm switching to digital 🎞️📷"", 'link': 'https://www.youtube.com/watch?v=OtHm_4NORog'}]"
No Payne No Grain,https://www.youtube.com/channel/UCF09Pwm4_XCJiSLYzcCJEjg,@nopaynenograin,2023-12-04T17:54:26.260392Z,"{'viewCount': '3085', 'subscriberCount': '25', 'videoCount': '12'}",https://yt3.ggpht.com/Vz-37C1bnzFvA-iGYIvOHyy11tbeEUH_il-tUVGAzNn5yxoqBhQkfqWphIJC66NgNKHdzb-yhg=s240-c-k-c0x00ffffff-no-rj,"""Film photography"" photography 35mm ""120 film"" ""medium format photography""","[{'title': 'I took my Nikkormat FTN for a spin with a Non-AI 35mm F2.8 Lens around Nashville', 'link': 'https://www.youtube.com/watch?v=wly7TZM8uyw'}, {'title': 'It seems like the film community sleeps on non-ai lenses and cameras. #film', 'link': 'https://www.youtube.com/watch?v=I8cFgocmF6M'}, {'title': 'Shooting Portra 800 in my Nikon FM in Chattanooga Tennessee', 'link': 'https://www.youtube.com/watch?v=tF_zons2UlA'}]"
activecapturechannel,https://www.youtube.com/channel/UC2axVmDdtD0JFGOKpOzH3BA,@activecapture,2017-01-24T21:54:35Z,"{'viewCount': '375247', 'subscriberCount': '2660', 'videoCount': '59'}",https://yt3.ggpht.com/ytc/AIdro_l3TG93NKiQAQuzDe4bLU-9YdVLeYkfBDdNIogi1-bhuJo=s240-c-k-c0x00ffffff-no-rj,"""film photography"" film ""analog photography"" kodak fujifilm ektar portra ""film cameras"" ""film camera"" ""photo walk"" ""film street photography""","[{'title': 'Scored BIG on eBay! - Canon BP-8 Battery Grip | VLOG #012', 'link': 'https://www.youtube.com/watch?v=BDBYLMKk2g0'}, {'title': 'Canon 5D Mark II - 2020 Field Test | VLOG #011', 'link': 'https://www.youtube.com/watch?v=8APkAx4TwJQ'}, {'title': 'Canon EOS Rebel XS | EOS 500 | Fuji Superia Xtra 400', 'link': 'https://www.youtube.com/watch?v=OmDJaoUrQX8'}]"
Robert Samuel,https://www.youtube.com/channel/UCEUtalYL00SYNiGqj6TOO1w,@robertsamuel,2019-01-20T02:45:48Z,"{'viewCount': '90795', 'subscriberCount': '821', 'videoCount': '15'}",https://yt3.ggpht.com/w8077T-ndjZ5jIlQ9ylhMIpgHMaUdkQ8TWStdsJYTqGEKmWjgtslCUklZ3-l1vTCS72L5OMMkQ=s240-c-k-c0x00ffffff-no-rj,vlog second robert channel react twitter instagram meme,"[{'title': 'how to buy a 35mm point and shoot', 'link': 'https://www.youtube.com/watch?v=sZBd_THtLa4'}, {'title': 'photography in Vermont', 'link': 'https://www.youtube.com/watch?v=n9lekFmT6fY'}, {'title': 'for BRUNO - photographic slice of Vermont', 'link': 'https://www.youtube.com/watch?v=Yue54h3jCaU'}]"
shibuyasoul,https://www.youtube.com/channel/UCCabkTCFORqlp8galBJqTyA,@shibuyasoul,2013-03-13T04:32:57Z,"{'viewCount': '26468', 'subscriberCount': '734', 'videoCount': '9'}",https://yt3.ggpht.com/ytc/AIdro_njtRGfHSVFh3LtuHo1zfq83TqCAX-dvBGeF6O2J0B2Mg=s240-c-k-c0x00ffffff-no-rj,"""film photography"" photography kodak lomography ""35mm film"" ""medium format"" ""medium format camera"" cinestill ""kodak film"" shibuyasoul","[{'title': 'Cinematic capture of a car made using the Fujifilm XH2 and 7artisans cinematic lenses.', 'link': 'https://www.youtube.com/watch?v=Tm2DIJVU7sg'}, {'title': 'Rainy day photo editing ☔️', 'link': 'https://www.youtube.com/watch?v=wAuAQtglgYg'}, {'title': 'Cinestill 800t 35mm vs Medium Format', 'link': 'https://www.youtube.com/watch?v=up7o8eqUjg4'}]"
Ramz6x7,https://www.youtube.com/channel/UCROWhy_JQ3DJvzKA3SwVCnw,@ramz6x7,2022-06-30T01:52:23.539329Z,"{'viewCount': '489', 'subscriberCount': '31', 'videoCount': '4'}",https://yt3.ggpht.com/EB_WKpgu3MEiyoPSYVjKYCe6riLVcV3Lh2GX4lgs4g4ofb1bXau_TEnoFSbG53HSoUW8mA2m4Tw=s240-c-k-c0x00ffffff-no-rj,,"[{'title': 'Vintage Cars and Film Cameras (Mamiya 645)', 'link': 'https://www.youtube.com/watch?v=kvnZPFPadI8'}, {'title': 'Another Digital and Film Photography Channel: A New Beginning', 'link': 'https://www.youtube.com/watch?v=9x0UqB_rX68'}, {'title': 'June 29, 2022', 'link': 'https://www.youtube.com/watch?v=99WPm72vn5U'}]"
UrbxnLegend,https://www.youtube.com/channel/UCRhHO0Hjy9uQllDYQ53ykpg,@urbxnlegend,2023-10-10T18:14:43.494058Z,"{'viewCount': '377', 'subscriberCount': '7', 'videoCount': '3'}",https://yt3.ggpht.com/CtdG-f3jeNLjfJpuXqpCfPLt49pvm5TnQ924Jn1gBDRiNs2prNrwUCNrRX2QHCJylztyPXei=s240-c-k-c0x00ffffff-no-rj,,"[{'title': 'WOLF JODYE - CANT STAY AWAY (FILMED BY URBXN LEGEND)', 'link': 'https://www.youtube.com/watch?v=O7RLny_oHKg'}, {'title': 'BIG MERIDOX - MAXIN (OFFICIAL MUSIC VIDEO) FILMED BY URBXN LEGEND', 'link': 'https://www.youtube.com/watch?v=exkMLlV-efU'}, {'title': 'S. BEEZY - KAP feat ADN Crae (Official Music Video)', 'link': 'https://www.youtube.com/watch?v=08HnQMhceZM'}]"
24 Exposures,https://www.youtube.com/channel/UCxIhkIZYGzTFis6XkCc7k0Q,@24exposures,2011-09-15T16:23:51Z,"{'viewCount': '76957', 'subscriberCount': '1600', 'videoCount': '63'}",https://yt3.ggpht.com/A55H2xwmfgYIR7JJLekSdQOSad_XmCZzvIqox1w6mRrRmH4QeWHj7HvRsbfnHb5n0woQVv5p4A=s240-c-k-c0x00ffffff-no-rj,,"[{'title': '¿POR QUÉ disparar Fotografía Analógica en 2025?', 'link': 'https://www.youtube.com/watch?v=OvsvrttKf4w'}, {'title': '📷✈️ ¡Cómo Viajar con un No-Fotógrafo y No Morir en el Intento! | Fujifilm X-T4 en Portugal', 'link': 'https://www.youtube.com/watch?v=linZcgvf8-A'}, {'title': 'Nazaré, Sintra y Lisboa: 7 días en Portugal con mi cámara analógica formato medio Yashica Mat 124-G', 'link': 'https://www.youtube.com/watch?v=j4gamRhIcIc'}]"
NegativeFeedback,https://www.youtube.com/channel/UCTgaiv8YdmmNqI8STrpWc7w,@negativefeedback,2016-04-12T15:24:25Z,"{'viewCount': '17683198', 'subscriberCount': '236000', 'videoCount': '196'}",https://yt3.ggpht.com/ytc/AIdro_kEOQwO5UBqRoyDDINaTxq4vJRpyTPmqTVNHV4TT8phow=s240-c-k-c0x00ffffff-no-rj,"""Film Photography"" ""George Muncey"" Negative Feedback","[{'title': 'Taking Photos with a Medium Format Point and Shoot', 'link': 'https://www.youtube.com/watch?v=bcDNhkctA3c'}, {'title': 'I broke my most expensive camera', 'link': 'https://www.youtube.com/watch?v=tOSqp3wadSI'}, {'title': ""I don't like new years resolutions"", 'link': 'https://www.youtube.com/watch?v=A_2lZneJPTs'}]"
JP Photography & Film,https://www.youtube.com/channel/UC4znWJAAtqoLcfVDDSBWDnQ,@jpphotographyfilm,2017-07-29T09:20:09Z,"{'viewCount': '102985', 'subscriberCount': '1060', 'videoCount': '85'}",https://yt3.ggpht.com/ytc/AIdro_n7P_fdeQuVu9LcHJhCRaOM-gzY1EvYuUeByraiBI3G_VQ=s240-c-k-c0x00ffffff-no-rj,,"[{'title': 'LIVE - WEDDING CEREMONY OF PRIYA LAKHA & AJIT SINGH Vedio By - JP PHOTOGRAPHY & FILM #jp', 'link': 'https://www.youtube.com/watch?v=v5DxLhPzLps'}, {'title': 'Manisha Weds Amandeep Singh  {JAGGO & DJ NIGHT} Vedio by:-Jp Photography M-98152-79097#jp', 'link': 'https://www.youtube.com/watch?v=s7wzlmXWBnw'}, {'title': '134th. Ambedkar Jaynati Celebration 19April2025 Vill.Jaite Wali  Jalandhar.#jplive', 'link': 'https://www.youtube.com/watch?v=dJ_eFokfIyY'}]"
Shoot On Film -- by Ari Jaaksi,https://www.youtube.com/channel/UCcMP7e4NwtJAkJU-XbAwxFA,@shootonfilm,2019-08-17T07:23:12Z,"{'viewCount': '895080', 'subscriberCount': '11600', 'videoCount': '230'}",https://yt3.ggpht.com/mqVIBxz_i-61utglZ9tlH4qQEAAAgkgSdqVV_b-qgoSTWYSOSZzA08hKIlWLdwx1SkjWCFch=s240-c-k-c0x00ffffff-no-rj,"photography analog film hasselblad rolleiflex smena pinhole kodak ilford fujifilm ""film pohotography"" ""analog photography"" ""how to shoot film""","[{'title': 'How to Control Details in Film Photography: Grain, Shadows & Printing Secrets', 'link': 'https://www.youtube.com/watch?v=QUbdO-ZZaB4'}, {'title': 'Why Photo Size Matters More Than You Think', 'link': 'https://www.youtube.com/watch?v=3YUyNDmO6Cc'}, {'title': 'How I Made a Photo Book (and Started a Publishing Company)', 'link': 'https://www.youtube.com/watch?v=nIu_St5lphA'}]"
Talru Film & Photo,https://www.youtube.com/channel/UCXnOei4czxfhUKjygwFNyog,@talru,2013-09-13T10:46:23Z,"{'viewCount': '504540', 'subscriberCount': '4550', 'videoCount': '89'}",https://yt3.ggpht.com/yqLNch1AFm9iWUqeE9fHS00069k1MHJ72NM_9Ip4FoGUfMBL7Z7o8fJ5NNKsW8wzxD--K0cu=s240-c-k-c0x00ffffff-no-rj,"""sports photography tutorials"" ""photography tutorials"" ""lightroom tutorial"" ""photography workflow"" ""football photography"" ""pro football photography"" ""photography gear""","[{'title': 'Easy sports photography tips | 5 tips to make shooting easier', 'link': 'https://www.youtube.com/watch?v=YUoopD6EXFM'}, {'title': 'The best unexpected sports photography accessories!', 'link': 'https://www.youtube.com/watch?v=JVdBGaORohM'}, {'title': 'Should you buy a DSLR in 2025?', 'link': 'https://www.youtube.com/watch?v=lXDoZeVEcV0'}]"
Grainmaker | Film Photography,https://www.youtube.com/channel/UCFudRaRxc-rL2nOZVxqTS-A,@grainmaker.photography,2023-05-23T13:14:28.657956Z,"{'viewCount': '167955', 'subscriberCount': '2150', 'videoCount': '11'}",https://yt3.ggpht.com/FSjzkv-d3kurTOCq7giEIB2mleh3V6WpEa6G0zBdhJtJ-YYv6gKwAkPEVUQDyiy6AwiXeIF93RY=s240-c-k-c0x00ffffff-no-rj,"""film photography"" ""analog photography"" ""35mm photography"" ""120 photography"" ""medium format""","[{'title': 'Film Photography On The Wild West Coast | Portra 800', 'link': 'https://www.youtube.com/watch?v=GKk46c2E6fg'}, {'title': 'The Signature Film Photography Look of Classic Cars & Portra 160', 'link': 'https://www.youtube.com/watch?v=ppWRvSWNTtw'}, {'title': 'The TIMELESS Black and White Film Photography Of Ilford Hp5 +2', 'link': 'https://www.youtube.com/watch?v=wHF41kiJJzg'}]"
film photography I Ricohfujifilmfujitsu,https://www.youtube.com/channel/UC0DO26XqguhfqaqN9N-sFHg,@film_ricohfujifilmfujitsu,2023-10-12T11:15:02.047719Z,"{'viewCount': '1297', 'subscriberCount': '5', 'videoCount': '3'}",https://yt3.ggpht.com/yo5_76BuJOa7NVOvDSJMlVG8cBNKWaN5LyJq9HXHTzJmFp-gvgtJ7wHORJyfXY424YF0XGgSc5o=s240-c-k-c0x00ffffff-no-rj,,"[{'title': '35mm Film camera | KONICA Dr. FINDER EFP-30', 'link': 'https://www.youtube.com/watch?v=-aeC59Kzs1w'}, {'title': '35mm Film camera | Kodak KB 10 (Star 1000)', 'link': 'https://www.youtube.com/watch?v=PtFEe0pdC0E'}, {'title': '35mm Film camera | Kodak Star 1000', 'link': 'https://www.youtube.com/watch?v=w19c5vWWT0M'}]"
Georgia & Micah | GM Photo & Film,https://www.youtube.com/channel/UCOxHUOtbVSuBxB5GNkrYD3g,@gmphotoandfilm,2020-09-18T17:31:51.756316Z,"{'viewCount': '234074', 'subscriberCount': '648', 'videoCount': '188'}",https://yt3.ggpht.com/BxS3IBn3Wb8E0V82N3tIhV3j_4nSJrmVf-d7gcqtZqhahIftQ0mOtROPLJd0tQC6Qj8Wwn7sRKA=s240-c-k-c0x00ffffff-no-rj,"Wedding Photography Brides Business Life Love Mentor Elopement ""Wedding planner"" ""Wedding photographers"" Engaged Podcast education Proposal ""engagement ring"" ""destination wedding"" ""wedding film"" ""wedding shorts"" ""wedding ideas""","[{'title': 'Delivering Client Galleries with Ease | My PASS Workflow 📸', 'link': 'https://www.youtube.com/watch?v=6Cn3z5XRxRE'}, {'title': 'Q&A with G&M | Posing, Film, Wedding Days & More!', 'link': 'https://www.youtube.com/watch?v=lgRaeI3Yb5w'}, {'title': 'Behind the Scenes: Western-Themed Photoshoot with a Vintage Truck 🤠🚜', 'link': 'https://www.youtube.com/watch?v=M952s7D6kPk'}]"
Charles Price Film & Photography,https://www.youtube.com/channel/UCdBscyASlsMlOOqo7EqebOQ,@pricefilmphoto,2013-08-22T20:15:35Z,"{'viewCount': '620958', 'subscriberCount': '713', 'videoCount': '83'}",https://yt3.ggpht.com/V1ZLGctymeqXyGZmjBaZxFjD-Nwvnj6Q2w9-3lv-Cs6ndEuwsccb1NXToFI1PAttt2wdpJ1-=s240-c-k-c0x00ffffff-no-rj,"Photography Vlog Travel Video Videography Film ""Theme Park"" ""Universal Studios"" ""Walt Disney World"" Cosplay Original 4K Panasonic GH5 Canon Nikon Camera Pennsylvania A7SIII GoPro GH6 A7SIV FilmConvert GH5M2 Anamorphic R6 R5 McKinnon KOLD Cinematic Review ""BMPCC 4K"" ""Black Magic Pocket Cinema Camera"" ""R5 C""","[{'title': 'Dark Fantasy Photography #Shorts #Photoshoot #BTS', 'link': 'https://www.youtube.com/watch?v=OJ87JS_wz1U'}, {'title': 'Rachel + Jonathyn | Cinematic 4K Wedding Film (GH6 Lumix G X Vario 12-35mm + SIRUI 50mm Anamorphic)', 'link': 'https://www.youtube.com/watch?v=5Erza_PP-Sw'}, {'title': 'Amy + James | Cinematic 4K Wedding Film (GH6 + Lumix G X Vario 12-35mm + SIRUI 50mm Anamorphic)', 'link': 'https://www.youtube.com/watch?v=dE6HST6jB4w'}]"
Pavilion Film Photography,https://www.youtube.com/channel/UCILO422F7fJ4qFHLa5j8bxQ,@pavilionfilmphotography1340,2020-05-26T15:40:36.728123Z,"{'viewCount': '12940', 'subscriberCount': '29', 'videoCount': '71'}",https://yt3.ggpht.com/o9oY65tl44vAsqQTbBMcf_0mbmVdMshBxpk_LTSIX4eCg7FXEv6O_AAv05DX1KklcIff12SSeA=s240-c-k-c0x00ffffff-no-rj,"""Wedding Filmmaker"" ""scottish wedding filmmaker"" ""scotland wedding photographer"" ""scotland wedding film"" ""wedding film"" ""wedding videography"" ""wedding photography"" glasgow ""loch lomond"" scotland photography videography filmmaking wedding weddings ""wedding video""","[{'title': 'Enterkine House Wedding video Highlights Corrine and Phil', 'link': 'https://www.youtube.com/watch?v=H22_SBgkazg'}, {'title': 'Redhurst Hotel Wedding Video Charlene and Keiron', 'link': 'https://www.youtube.com/watch?v=dMZZynbSYuM'}, {'title': 'Dundee Wedding Film Darren And Ashley', 'link': 'https://www.youtube.com/watch?v=6c6uP1ZcDyk'}]"
Moments Photography & Film,https://www.youtube.com/channel/UCFUdrubkNCZYSD6PW5wET_A,@momentsphotographyfilm,2018-02-20T03:25:33Z,"{'viewCount': '247763', 'subscriberCount': '1040', 'videoCount': '161'}",https://yt3.ggpht.com/R1TUPXBDL3xbaWsPcEdl1RCrNI-8Gsp1DYt7Ei-ge35_XOvedNHZmJwS5om-fABYnhL3RnkS=s240-c-k-c0x00ffffff-no-rj,"Wedding Videography ""Sydney Wedding"" ""Cinematic Wedding"" ""Wedding Videography"" ""Australian Wedding Videographer""","[{'title': 'Ben and Jessica Wedding | Kangaroo Valley Bush Retreat | Kangaroo Valley', 'link': 'https://www.youtube.com/watch?v=XDkHKtYWDlI'}, {'title': 'Jaimie and Sebastien Wedding | Athol Hall | Mosman, Sydney', 'link': 'https://www.youtube.com/watch?v=KQph_XfsqKw'}, {'title': 'Mary and Stephens energetic wedding | Waters Edge | Sydney', 'link': 'https://www.youtube.com/watch?v=hg1UcGvIzLM'}]"
Shutter Up Photography & Film,https://www.youtube.com/channel/UC8PBDrk023jd8BSyQrYT1Pw,@shutterupphotoandfilms,2023-10-10T15:22:51.860832Z,"{'viewCount': '25048', 'subscriberCount': '83', 'videoCount': '18'}",https://yt3.ggpht.com/9H4ROMQQRoVG3kVzfpR91brrgZrUh9XQ_XzOZWQPBnrpQPiSpHfWUpvNwqLhMw5DQUd4EJrq=s240-c-k-c0x00ffffff-no-rj,,"[{'title': 'Travis & Rachel | 2.14.2025', 'link': 'https://www.youtube.com/watch?v=AlMiT3cI6L8'}, {'title': 'Mark & Whitney | 12.28.2024', 'link': 'https://www.youtube.com/watch?v=AfZdnEl4uiU'}, {'title': 'Michael & Alicen | 12.7.2024', 'link': 'https://www.youtube.com/watch?v=fTjFlJLkBE0'}]"
Learning How to Shoot film,https://www.youtube.com/channel/UCfUggD9S1f7BqUahyqGUjZg,@learninghowtoshootfilm9695,2016-12-05T14:18:37Z,"{'viewCount': '7', 'subscriberCount': '0', 'videoCount': '1'}",https://yt3.ggpht.com/ytc/AIdro_nYF8kB44Yh0tKRwKOOFyMo_tPb4Vt1GKQWdY0cUZ0=s240-c-k-c0x00ffffff-no-rj,,"[{'title': 'Aint no sunshine', 'link': 'https://www.youtube.com/watch?v=0W69dY8eiUg'}]"
Shoot Film Like a Boss,https://www.youtube.com/channel/UCRev1D_EDHyzhW8_voY0Z_g,@shootfilmlikeaboss,2017-03-17T16:58:13Z,"{'viewCount': '6204717', 'subscriberCount': '43100', 'videoCount': '471'}",https://yt3.ggpht.com/Blg5TDRp-S4IEal-sXtuUJ_TfsG4kneQaNFX055wwVlt97vOxXELAe-f6tysbdXY2ZsrkrkUBQ=s240-c-k-c0x00ffffff-no-rj,"""Film Photography For Beginners"" ""Darkroom Printing"" ""Film Photography Cameras"" ""Silver Gelatin Printing"" ""How to use a film camera"" Shootfilmlikeaboss","[{'title': 'CHECK THIS NEW M42 100mm F2.8 BOKEH Lens. Paranormal Activity whilst taking photos!', 'link': 'https://www.youtube.com/watch?v=PckSGPVtn5I'}, {'title': 'Black & White Film Photography Project - Alloy Wheel Restoration Process.', 'link': 'https://www.youtube.com/watch?v=RTxq-UVjK7s'}, {'title': 'Simple DIY background for B&W Photography', 'link': 'https://www.youtube.com/watch?v=bhN1PMVf9xM'}]"
The Film Camera Club,https://www.youtube.com/channel/UCzKhyEguQzZeLb5eSR-ylIA,@thefilmcameraclub8141,2021-03-03T06:47:05.044363Z,"{'viewCount': '325479', 'subscriberCount': '1500', 'videoCount': '17'}",https://yt3.ggpht.com/ytc/AIdro_kSzJhaZfuyew2O-j8z9niuchKf1oxjuarj9_UnmzREoA=s240-c-k-c0x00ffffff-no-rj,"slr ""film camera"" canon ""35mm film"" ""35 film"" ""film photography""","[{'title': '7 1/2 Cheap & Easy Tricks To Get Sharp Film Photos - Get Sharp Analog Photos Fast!🎞️📸', 'link': 'https://www.youtube.com/watch?v=J2nhLeUeUfc'}, {'title': 'How To Use Your Classic Minolta SLR Film Camera!', 'link': 'https://www.youtube.com/watch?v=BsdOEYotmmc'}, {'title': 'Buy This Instead Of A Canon AE Program For $300', 'link': 'https://www.youtube.com/watch?v=Ys7mavDiXJ8'}]"
WeShootFilms,https://www.youtube.com/channel/UCMs9TBBASgiv_KlXI9WV08A,@weshootfilms,2017-05-28T04:22:20Z,"{'viewCount': '814274', 'subscriberCount': '19400', 'videoCount': '478'}",https://yt3.ggpht.com/lagJ5ShHo67dgGNRKKnxTGFRmm9S6yhSK7DQvd0lVh8EJ4fq1ZxHd-BoknUgwqSbF04WBLvCXN0=s240-c-k-c0x00ffffff-no-rj,"""lighting tutorials"" ""after effects"" ""davinci resolve"" ""video editing"" ""video production"" ""unreal engine"" ue5 ""Unreal Engine music video"" ""the best unreal engine tutorials"" ""how to greenscreen"" ""how to light a greenscreen"" ""greenscreen tutorials"" ""greenscreen effects"" ""cinematic unreal engine videos"" ""how to create cinematic videos in unreal engine"" ""how to use unreal engine"" ""how to light in unreal engine"" ""unreal engine 5"" ""greencsreen for unreal engine"" ""product reviews""","[{'title': 'GREENSCREEN UNREAL CHALLENGE BEGINS LETS TALK', 'link': 'https://www.youtube.com/watch?v=bZIyV1JjG8o'}, {'title': ""iPhone 16 Pro Max Apple Log Comparison You Don't Need Pro Res"", 'link': 'https://www.youtube.com/watch?v=nmOTn1MlVmE'}, {'title': 'Weshootfilms Going To The Office #contentcreator', 'link': 'https://www.youtube.com/watch?v=5dkgdXLCP7M'}]"
debu the film guy,https://www.youtube.com/channel/UCRpmR_DkYmNYI1SFBDLKKHg,@debuthefilmguy1897,2019-08-02T13:07:43Z,"{'viewCount': '706333', 'subscriberCount': '23100', 'videoCount': '17'}",https://yt3.ggpht.com/ytc/AIdro_mmeb11BK9PprLHNKmmavvDbVSgQ9xgMFv0cAm2Klrndg=s240-c-k-c0x00ffffff-no-rj,"""learn filmmaking in hindi"" ""filmmaking tips"" ""how to learn filmmaking"" ""screenwriting tips"" ""editing tips"" filmmaking ""how to write short film"" ""how to make short film"" ""filmmaking hindi"" ""how to write script in hindi"" ""film school hindi"" ""debu the film guy"" ""debu the filmy guy"" ""film guy"" ""filmy guy"" ""how to write script for short film""","[{'title': 'Short film behind the scenes | Short filmmaking', 'link': 'https://www.youtube.com/watch?v=BopWptbaVj8'}, {'title': 'Shooting a short film on a budget', 'link': 'https://www.youtube.com/watch?v=ZOeC_uKC1iU'}, {'title': 'Screenwriting Tips in Hindi | Learn Screenwriting in Hindi', 'link': 'https://www.youtube.com/watch?v=LI__4ZP1oIw'}]"
Mobfilmguide ,https://www.youtube.com/channel/UCraM9CrMr5g6qllXmeHbopg,@mobfilmguide,2025-04-17T07:54:25.530977Z,"{'viewCount': '607', 'subscriberCount': '0', 'videoCount': '3'}",https://yt3.ggpht.com/8sL7lTrWTOyxL7VSHzCYmqPaM0McKeheyU8_dF7ny6d2uvXqyKBVqOgyV5iDAMmtw0ZT2FtVL68=s240-c-k-c0x00ffffff-no-rj,,"[{'title': '🎬 Top 3 Camera Apps for Mobile FilmmakersWant DSLR-style control on your smartphone?These apps will', 'link': 'https://www.youtube.com/watch?v=epINjpWxzBs'}, {'title': 'DAY - 2 of my editing photos with phone 📱 subscribe for more @skypixels111#mobilephotography #mobile', 'link': 'https://www.youtube.com/watch?v=VLRWvfbgIJI'}, {'title': 'DAY - 1 of my editing photos with phone 📱 subscribe for more @skypixels111#mobilephotography #mobile', 'link': 'https://www.youtube.com/watch?v=yKXiZevRyP0'}]"
The Film Shoot Rental Roadmap,https://www.youtube.com/channel/UC0h2JjHCm7cshQOvYtUV5AA,@thefilmshootrentalroadmap,2012-02-20T21:28:24Z,"{'viewCount': '25', 'subscriberCount': '0', 'videoCount': '1'}",https://yt3.ggpht.com/xs_aucwMa2gRtnMYa5pjEYgzdoWwErklBPyggb96Y-8s0y-CDj2kqckmJSaHds8PVf8IbRU-bg=s240-c-k-c0x00ffffff-no-rj,"""real estate"" ""film shoot rentals"" ""earn money from home"" ""tax-free income""","[{'title': 'Is my home right for film shoots?', 'link': 'https://www.youtube.com/watch?v=LdazZEF-bRY'}]"
Savannah Kay - Film Course ,https://www.youtube.com/channel/UCiZk048Ctz_lGo5zYB0P4vw,@savannahkay-filmcourse9867,2021-03-03T20:01:44.88442Z,"{'viewCount': '19885', 'subscriberCount': '83', 'videoCount': '11'}",https://yt3.ggpht.com/9KnjMU7sViynDauR7QS6ZEfSYda-knH3YC6plWmMerCEYEt8UvU75PESD34iqWY-wskVQm4KUYI=s240-c-k-c0x00ffffff-no-rj,,"[{'title': 'How to Rate Film', 'link': 'https://www.youtube.com/watch?v=eA_s-UUlkxw'}, {'title': 'Shooting Film in the Summer', 'link': 'https://www.youtube.com/watch?v=bXG7xpzcNoo'}, {'title': 'Best Films for Film Photography', 'link': 'https://www.youtube.com/watch?v=XsSTJN8zlA8'}]"
PhotoMeLarry,https://www.youtube.com/channel/UCLCMFBHOWI49aUBkbyO4KRQ,@photomelarry,2006-03-06T09:36:26Z,"{'viewCount': '371876', 'subscriberCount': '2430', 'videoCount': '60'}",https://yt3.ggpht.com/ytc/AIdro_nnjsioQe6265Z8HIdf7fDB2v74IuF9nqesqqrTIs2bvw=s240-c-k-c0x00ffffff-no-rj,"Photography ""Film Photography"" ""Digital Photography"" ""35mm Film Photography"" ""Medium Format Photography"" ""120 Film"" ""Sony A7R III"" ""Sony A7S III"" ""Photo walk"" ""photogrpahy tutorials""","[{'title': 'Reviewing The Cinebloom Filter With Fuji X100v: See Amazing Sample Photos!', 'link': 'https://www.youtube.com/watch?v=LEOwa1DafYQ'}, {'title': 'Is Kodak becoming a premium only color film supplier?', 'link': 'https://www.youtube.com/watch?v=qOUmRZKBeZ4'}, {'title': 'The best camera for beginners to learn film photography! SLR version', 'link': 'https://www.youtube.com/watch?v=5aOpY6WNXNI'}]"
Let's Make a Movie!,https://www.youtube.com/channel/UCapimc71Qjkx7muTKdBRooA,@letsmakeamovieprogram,2023-08-13T14:27:54.319795Z,"{'viewCount': '65959', 'subscriberCount': '335', 'videoCount': '40'}",https://yt3.ggpht.com/4Vs91WclHz_NPz2b0acuLLb0DJKOP2DUBPr4g5b1pke6d2ZdmztXIAaB7r9mVAWwduUatnXP=s240-c-k-c0x00ffffff-no-rj,,"[{'title': '(BLOOPERS) THE BOYS IN BLACK - THE BLOOPER REEL', 'link': 'https://www.youtube.com/watch?v=UpCUHfzKaVc'}, {'title': '(BLOOPERS) TRUTH OR SCREAM - THE BLOOPER REEL', 'link': 'https://www.youtube.com/watch?v=aK5KfDBVqHI'}, {'title': '(BLOOPERS) THE WIZARD - THE BLOOPER REEL', 'link': 'https://www.youtube.com/watch?v=U42tmHQwAL0'}]"
SHOOT de FILM,https://www.youtube.com/channel/UCQ1bcztFJ1MK1Uus6XPqvkA,@shootdefilm3463,2018-12-21T05:22:37Z,"{'viewCount': '784', 'subscriberCount': '26', 'videoCount': '2'}",https://yt3.ggpht.com/ytc/AIdro_ljeVFVz0pJaB-LzUlps3tqA2WVWtHpHCZQUpmK2ZR2Dg=s240-c-k-c0x00ffffff-no-rj,,"[{'title': 'SUMMER HOLIDAYS IN MYSORE', 'link': 'https://www.youtube.com/watch?v=59_kinicE7g'}, {'title': 'BADUKE BADUKU', 'link': 'https://www.youtube.com/watch?v=vGqJnk6wLU0'}]"
Jude Streicher,https://www.youtube.com/channel/UCUCr8GhkIFqdyf6kMkDXJyg,@judestreicherphoto,2022-05-28T16:04:14.380203Z,"{'viewCount': '101127', 'subscriberCount': '1570', 'videoCount': '68'}",https://yt3.ggpht.com/MhDcihifSFMOb08peMnrZG9ac2qzIowWcWtPiDhgB5uvZ6J8vgNu8qZdHaIZSxiMj_JNERplJQ=s240-c-k-c0x00ffffff-no-rj,"""film photography"" ""photography tips"" ""photography tutorial"" ""landscape photography"" ""street photography""","[{'title': 'I Am LOVING this Incredible Lens - (Sony 24-50 f2.8)', 'link': 'https://www.youtube.com/watch?v=xY6ORHxa2Ro'}, {'title': 'The Slow Art of Landscape Photography - Large Format in Four Frames', 'link': 'https://www.youtube.com/watch?v=zTvHSXgjibg'}, {'title': 'Zhiyun Fiveray M20C - Best Battery Powered Studio Light EVER', 'link': 'https://www.youtube.com/watch?v=N-4LUetqhac'}]"
grainmaker,https://www.youtube.com/channel/UCmIh351GOT8f7lYku_0ScEg,@grainmaker,2023-05-21T11:33:36.90666Z,"{'viewCount': '11776', 'subscriberCount': '182', 'videoCount': '7'}",https://yt3.ggpht.com/qzXkR7Q5qV8ZmXzeSHnp1jVkaaW-9YRvRldtv9TG9ryTWaSObtSSA1tqu4USpsOQxXeHRfmgeQ=s240-c-k-c0x00ffffff-no-rj,,"[{'title': 'Pushing Film On The Streets Of London - Portra 800', 'link': 'https://www.youtube.com/watch?v=d-0gKr9l8JY'}, {'title': 'Dracula 35mm - An Extreme Contrast Of Light And Dark', 'link': 'https://www.youtube.com/watch?v=AAVOyMyllAc'}, {'title': 'Three Days In Prague - 35mm Film Photography Travel Cinematic | Mamiya NC1000S', 'link': 'https://www.youtube.com/watch?v=ywuL6X3qw3M'}]"
FilmSkills,https://www.youtube.com/channel/UCtgI37Uwf2X9fBsFxKNVbug,@filmskills,2008-04-12T05:17:15Z,"{'viewCount': '2217470', 'subscriberCount': '129000', 'videoCount': '24'}",https://yt3.ggpht.com/ytc/AIdro_l_Uf8kIv0mIYCO0yGioyNLsNb_3KJHXkiTiVnbGNaCFS8=s240-c-k-c0x00ffffff-no-rj,"film filmmaking ""how to make a movie"" ""movie making"" moviemaking ""make a movie"" ""how to direct a movie"" ""film school"" ""direct a movie"" directing cinematography acting ""how to write a script"" ""how to write a movie script"" ""how to become a director"" ""how to produce a movie"" ""Jason Tomaric"" Tomaric FilmSkills ""Quantus PIctures"" ""filmmaking tutorial"" cinematic ""cinematography tutorials"" videography tutorials school ""online tutorials"" ""filmmaking tips""","[{'title': 'How Hollywood Filmmakers Shoot a Movie Scene', 'link': 'https://www.youtube.com/watch?v=kSt4kWaRCzk'}, {'title': 'How To Shoot & Edit Dialog Scenes - Part 1', 'link': 'https://www.youtube.com/watch?v=yaqq9aB1csw'}, {'title': 'Light and Shoot Perfect Green Screen Footage', 'link': 'https://www.youtube.com/watch?v=OFQZRZ84ty0'}]"
Brandon Shoots Film,https://www.youtube.com/channel/UCaXQwW1PsNdFqA8F_05YvZw,@brandonshootsfilm5669,2023-01-18T00:01:13.999222Z,"{'viewCount': '1168', 'subscriberCount': '69', 'videoCount': '4'}",https://yt3.ggpht.com/ZXxQaR5VCGqgb-iRJ4djvyaOuKV5UwKBzNmY71jtlTaPaEWRPb7_xRfr6Q5tbowDdImBfOjV=s240-c-k-c0x00ffffff-no-rj,,"[{'title': 'Darkroom Printing 8x8 #bwphotography #mediumformat #hasselblad500cm #aviation #filmphotography', 'link': 'https://www.youtube.com/watch?v=m5IlguzpgfM'}, {'title': 'Hasselblad 500c #bwfilmphotography #bwphotography #filmphotography #hasselblad500cm  #hasselblad', 'link': 'https://www.youtube.com/watch?v=8Jsw9gaIOKU'}, {'title': 'Ihagee Exa', 'link': 'https://www.youtube.com/watch?v=DFhM9B1woGQ'}]"
Hit Films Production,https://www.youtube.com/channel/UC3cKghnhrb8alsJ1uYv1pYg,@hitfilmproduction,2017-08-03T16:13:01Z,"{'viewCount': '160230', 'subscriberCount': '1720', 'videoCount': '39'}",https://yt3.ggpht.com/hEpMBIjlAy25VEvx-Sy7QAS116LOyY4HCC_KUAi0nGsJ_mj9GTfbbmKHGFiEFZ_FpdAUN1kP=s240-c-k-c0x00ffffff-no-rj,"""Hit Films Production"" Prayagraj ""film production"" ""Line Production"" ""Film Making"" ""Acting Classes"" ""online Acting Classes"" ""Video Shooting"" ""Film Shooting"" ""Bhojpuri Film shooting"" ""Bollywood Film Shooting"" ""Prayagraj Film Production Company"" ""video Editing"" shooting ""shoort Film"" Films Acting actors prayagraj ""prayagraj films""","[{'title': 'Film making   #filmmaking #filmshoot #shoot #hitfilmsproduction @HitFilmProduction', 'link': 'https://www.youtube.com/watch?v=SdhBiJh3MO0'}, {'title': 'Anokha Bandhan serial / Anokha Bandhan serial Shooting / Shooting BTS / Hit Films Production', 'link': 'https://www.youtube.com/watch?v=dkp4_Wktf-4'}, {'title': 'Anokhaa Bandhan | Dangal TV / tv serial shooting /bts #music #bollywood #dangaltvchannel #onedangal', 'link': 'https://www.youtube.com/watch?v=4nD4QIAs3iY'}]"
Infinity Arts Academy Chicago LLC,https://www.youtube.com/channel/UC69O-mWwrujqYJZG4ReXQMg,@infinityartsacademychicago3078,2015-01-19T20:15:32Z,"{'viewCount': '25192', 'subscriberCount': '236', 'videoCount': '96'}",https://yt3.ggpht.com/ytc/AIdro_lIb8ZPWYMZUHSVm1QystVeAtsSLyFC_aAKIg2W4dg0Kw=s240-c-k-c0x00ffffff-no-rj,Infinity Arts Academy Chicago,"[{'title': 'Short Film - ""Night Terror""', 'link': 'https://www.youtube.com/watch?v=KBaiuZ2pSeQ'}, {'title': 'Short Film - ""Welcome Home""', 'link': 'https://www.youtube.com/watch?v=cgGjZHWBagw'}, {'title': 'Feature Film - ""Lacerta""', 'link': 'https://www.youtube.com/watch?v=2R1o2d5gOQQ'}]"
Brooker Films,https://www.youtube.com/channel/UCDxE9HUZZdglfItSpQuaaJQ,@brookerfilms,2012-11-23T16:51:54Z,"{'viewCount': '28275680', 'subscriberCount': '137000', 'videoCount': '1148'}",https://yt3.ggpht.com/viWc2a3FtoDXZSpwpgDJVDg7C6tEY_mCuu1HUSaK31vYJ2TrjDIXT2ZQQ4MRCVJkLe2uT1bazg=s240-c-k-c0x00ffffff-no-rj,"tutorials ""premiere pro"" camera dslr ""how to"" tips tricks filmmaking editing premiere ""how to edit"" brookerfilms ""brooker films"" ""text effect"" ""typewriter effect"" ""text animation""","[{'title': 'Your Phone is Good Enough #shorts', 'link': 'https://www.youtube.com/watch?v=Klls3Vkn1Oo'}, {'title': 'Create a Portal Effect in Adobe After Effects 2025', 'link': 'https://www.youtube.com/watch?v=GqokPbhEtIo'}, {'title': 'Think About your Audience #shorts', 'link': 'https://www.youtube.com/watch?v=BpaRdG8Ky9c'}]"
JT,https://www.youtube.com/channel/UCgof1FmcXBHwKvZTt8Mf-IQ,@tannershootsfilm,2021-11-22T02:18:48.002903Z,"{'viewCount': '22746', 'subscriberCount': '263', 'videoCount': '8'}",https://yt3.ggpht.com/bm9qAh77FUhQpoWrEdT-IIJp5UBdHFTCJvSsj3N_gfLryTko6r89HYmLeX3X30rLjUpFzydE8g=s240-c-k-c0x00ffffff-no-rj,"photographer ""film photographer"" photography ""film photography"" ""travel photography"" ""travel photographer"" CDMX ""Mexico City"" Colombia ""Bogota Colombia"" ""analog film"" ""analog camera"" ""point and shoot""","[{'title': 'Gold 200 Chinon Auto 3001 Rozzmonster', 'link': 'https://www.youtube.com/watch?v=YDBDNS7nVUQ'}, {'title': 'Chinon 3001 With Kodak Gold 200', 'link': 'https://www.youtube.com/watch?v=LMb2QSbWKpY'}, {'title': 'Mexico City CDMX Film Photography Walk Through on Cinestill 800T', 'link': 'https://www.youtube.com/watch?v=-dQvLVlWdjw'}]"
Shoot With Akm,https://www.youtube.com/channel/UCh2hDPAZzMCid6Xh5WPZC9g,@maharajakshat09,2023-09-23T06:09:20.015813Z,"{'viewCount': '1420', 'subscriberCount': '112', 'videoCount': '3'}",https://yt3.ggpht.com/zVZJ4UlG2VzEYZN4CGFTJ7ami_nSXbhIKRFiq8-p_57unAd9liS62u3lyZp0YnULYRoxaK6L=s240-c-k-c0x00ffffff-no-rj,,"[{'title': 'Chaath puja, cinematic video | Mithilanchal family | Maharaj & Roy family | Shoot With Akm.', 'link': 'https://www.youtube.com/watch?v=z-vxOy4U_pU'}, {'title': 'Same line in 11 emotions | Ap yaha kasie | funny acting | Shoot With AKM | Akshat Maharaj .', 'link': 'https://www.youtube.com/watch?v=ZQrcMovSnss'}, {'title': 'A Forever Friendship | A short film on friendship | what if one friend | Shoot With AKM', 'link': 'https://www.youtube.com/watch?v=4ncdlheZplI'}]"
WebDesignGeek,https://www.youtube.com/channel/UCdQmV99xDtQprgNxlKdpk0w,@webdesigngeek,2018-11-19T15:24:59Z,"{'viewCount': '1802695', 'subscriberCount': '48000', 'videoCount': '50'}",https://yt3.ggpht.com/ytc/AIdro_l4zgHQt4_vwZuVuQzBPalfYaKgoVZGtKwTkPlEBAHTPOw=s240-c-k-c0x00ffffff-no-rj,"webdesigngeek ""web design geek"" ""adobe xd"" ""adobe xd tutorial"" ""adobe xd web design"" ""ux design"" ""ui design"" ""adobe xd tutorial for beginners"" ""what is adobe xd"" ""adobe xd course"" ""xd tutorial"" ""ui design tutorial"" ""landing page"" ""landing page design"" ""adobe xd animation"" ""landing page tutorial"" ""adobe xd prototype"" ""adobe xd 2021"" ""adobe xd app design"" ""adobe xd animation tutorial"" ""ui ux"" ""adobe xd free"" ""responsive web design"" ""ux design tutorial for beginners"" ""adobe xd web design tutorial""","[{'title': 'Figma Web Design Tutorial for Beginners | NFT Website Design', 'link': 'https://www.youtube.com/watch?v=M8Ms-9lhBtE'}, {'title': 'Adobe XD Tutorial for Beginners | Finance App UI Design', 'link': 'https://www.youtube.com/watch?v=my7oeCFL6hE'}, {'title': 'How to Design a Fashion Website with Adobe XD', 'link': 'https://www.youtube.com/watch?v=9hXhEBiimlc'}]"
Design Medium,https://www.youtube.com/channel/UCz-1_EkgB8In_DsS2hYaeWw,@designmedium,2019-02-13T07:38:14Z,"{'viewCount': '881640', 'subscriberCount': '17500', 'videoCount': '22'}",https://yt3.ggpht.com/ytc/AIdro_kuqJRMj0doAY7YZpilIHqLWxitNh62aO4JPRmxQheSDmg=s240-c-k-c0x00ffffff-no-rj,"""web design"" ""ui ux"" ""ui design"" ""adobe xd"" ""design tutorials"" ""web development"" ""UI design"" India Design medium ""design medium"" html css js javascript adobe photoshop web ""react native"" ""mobile app design"" ""mobile app ui"" ""react native ui"" react android ios ""visual studio"" ""design medium"" ""app ui"" ""react native tutorials"" ""web design tutorials""","[{'title': 'CSS-only Animated Landing Page Tutorial', 'link': 'https://www.youtube.com/watch?v=tODiMJNkXao'}, {'title': 'Crazy Parallax Carousel With Infinite Scroll', 'link': 'https://www.youtube.com/watch?v=v6dXfSanwzY'}, {'title': 'Complete Responsive Portfolio Website Tutorial | HTML and CSS', 'link': 'https://www.youtube.com/watch?v=A7fDiHc5mWU'}]"
UI Design,https://www.youtube.com/channel/UCQr78E0dozXJCIncCnCDLIQ,@uidesign9060,2020-04-07T16:01:16.433174Z,"{'viewCount': '31', 'subscriberCount': '4', 'videoCount': '4'}",https://yt3.ggpht.com/ytc/AIdro_loPR4cr9Q16PNZvUcz_ABD5lqObB5by7Yt0qM6PFZCHQ=s240-c-k-c0x00ffffff-no-rj,UI /UX,"[{'title': 'Learn and Master Adobe XD', 'link': 'https://www.youtube.com/watch?v=3-d6GTiqss8'}, {'title': 'UI UX Design   Website UI Design Tutorial 2019   Web Design Tutorial In Adobe XD', 'link': 'https://www.youtube.com/watch?v=X-GNvSoH5to'}, {'title': 'DAILY   UI  004   Magic Mouse Product 2', 'link': 'https://www.youtube.com/watch?v=Gt1Jz5HoDas'}]"
The Web Design Club,https://www.youtube.com/channel/UCW0ERZOB8s7Ay8gyD1GNBlw,@thewebdesignclub6006,2020-12-02T01:15:26.481271Z,"{'viewCount': '445', 'subscriberCount': '7', 'videoCount': '1'}",https://yt3.ggpht.com/ytc/AIdro_ldyK1BpraR0fd2cbESNE_j5o0c4bcElZZ7qevugu7s4A=s240-c-k-c0x00ffffff-no-rj,,"[{'title': 'Free Adobe XD Web UI & Animations', 'link': 'https://www.youtube.com/watch?v=ZWD6mi3aJZo'}]"
DigitalRite,https://www.youtube.com/channel/UCz_gH41WSd-pdcXvCh8ImCQ,@digitalrite,2021-05-02T07:52:23.264435Z,"{'viewCount': '2474', 'subscriberCount': '75', 'videoCount': '5'}",https://yt3.ggpht.com/IdYCLqygKrQyKrzOOBrJupBEaTQlSzboVBfrjR9NEAhqUqpz0i11eclB1kWEwFIMU4775PwslW8=s240-c-k-c0x00ffffff-no-rj,,"[{'title': 'Create Stunning Responsive Websites in a flash with AI ChatGPT DeepSeek Coder & Figma! (No Coding!)', 'link': 'https://www.youtube.com/watch?v=m2u1Gk80xfA'}, {'title': 'Adobe XD Web Design Tutorial for Beginners 2024 - part 4', 'link': 'https://www.youtube.com/watch?v=Y8Wgb9kevI0'}, {'title': 'Adobe XD Web Design Tutorial For Beginners 2022 - part 3', 'link': 'https://www.youtube.com/watch?v=4rwfKAjtAoI'}]"
VinitDesigns,https://www.youtube.com/channel/UCzf2Lw_6qH_8YobHwW5_Hyg,@vinitdesigns,2015-06-23T00:57:34Z,"{'viewCount': '807468', 'subscriberCount': '3810', 'videoCount': '122'}",https://yt3.ggpht.com/ytc/AIdro_kQDOF-iZwwdV1g7vo3R_E_15BvaM8saqwKurrnnFtu1Ho=s240-c-k-c0x00ffffff-no-rj,"VinitDesigns tutorials editing ""cinema 4d"" ""Photoshop tutorial"" ""After Effects tutorial"" ""speed art"" ""cool text effects"" ""background tutorial"" ""youtube banner"" ""graphic design"" ""brand design"" ""after effect"" ""affinity designer"" ""affinity photo"" ""mac affinity""","[{'title': 'FigJam by Figma | Walkthrough Tutorial (NEW)', 'link': 'https://www.youtube.com/watch?v=hgeUwCPTtjg'}, {'title': 'Create Component Variants in Figma (EASY)', 'link': 'https://www.youtube.com/watch?v=qitPZ35bINE'}, {'title': 'Figma Tutorial:  Multi Layout Grids for Web Design', 'link': 'https://www.youtube.com/watch?v=Vfx0teIBt3g'}]"
High4tech designs,https://www.youtube.com/channel/UCRVzPB_HEnnKz2mqCZrTlEQ,@high4tech4u,2022-10-04T08:30:28.265533Z,"{'viewCount': '1235', 'subscriberCount': '36', 'videoCount': '14'}",https://yt3.ggpht.com/D8oEL0YXxkmr6iOJ1S-ey6DwGLd6NSvvtwBNE6z36xD-rd5BIKhPU_wlaiaxVn8Jm18kOz5Mzw=s240-c-k-c0x00ffffff-no-rj,,"[{'title': ""High4Tech's Introduction || UIUX Design Studio || Freelance Projects || Figma, Adobe XD Designs"", 'link': 'https://www.youtube.com/watch?v=m4dcRwNAS54'}, {'title': 'Brainstorming Like a Pro! 🚀 How to Organize & Visualize Ideas #animationgoals #food #uiuxdesign', 'link': 'https://www.youtube.com/watch?v=zZSsFyj0B_c'}, {'title': 'Product rotations animation in figma || Daily UIUX Design', 'link': 'https://www.youtube.com/watch?v=U9rYVS0JQIU'}]"
Upscale Design ,https://www.youtube.com/channel/UCZscSt_wW9UNWSUMb3D_tBA,@upscaledesign5482,2021-07-13T04:19:31.35886Z,"{'viewCount': '133', 'subscriberCount': '4', 'videoCount': '1'}",https://yt3.ggpht.com/Pk0dfHMOBMGRjMTJFdXo8TFmiiStMj-hnD_ZrIEGrgoHEShwSCHtArCs4dnB_0HaqaoWvJ52k3s=s240-c-k-c0x00ffffff-no-rj,,"[{'title': 'E Commerce Mobile App Design - Speed Art  | Adobe XD', 'link': 'https://www.youtube.com/watch?v=2vjcR4UZnoQ'}]"
Straight Way,https://www.youtube.com/channel/UCohyd1L-aZC4G_dPz6P-DKA,@straightway313,2020-06-05T11:23:58.400173Z,"{'viewCount': '60', 'subscriberCount': '1', 'videoCount': '4'}",https://yt3.ggpht.com/ytc/AIdro_kkhyU3FySkJ4j9r2cr6vktgwGJnjohEhNaftBA-WOfVA=s240-c-k-c0x00ffffff-no-rj,,"[{'title': 'Icons Design in Adobe XD', 'link': 'https://www.youtube.com/watch?v=CqKnG-hpDAA'}, {'title': 'Timelapse Landing Page Design in XD - XD Web Page Design', 'link': 'https://www.youtube.com/watch?v=zNIp8wftB90'}, {'title': 'Landing Page Design in Adobe XD - Web Design in XD - Full Video', 'link': 'https://www.youtube.com/watch?v=aPVtSpA-gMI'}]"
Mr web design,https://www.youtube.com/channel/UCX0uBtwnvUK1z7YxsNJA7kA,@mrwebdesign9908,2021-09-24T19:25:06.024268Z,"{'viewCount': '4060', 'subscriberCount': '53', 'videoCount': '18'}",https://yt3.ggpht.com/VqQqaE6iNY57m869AxoUoQF9x_o8gd4rBRolOX3D-aJyalZi7PvJBqZj5g5bAARmvvZq5pMADQ=s240-c-k-c0x00ffffff-no-rj,"Figma ""tutorial figma"" design ""design adobe xd"" ""hover adobe xd"" ""animate adobe xd"" ""animation figma"" ""web design"" ""online shop adobe xd"" ""prototype figma"" ""design web site"" ""tutorial scroll figma"" ""figma free"" ""figma tutorial"" ""ux design"" ""ui design"" ""figma tutorial for beginners"" ""figma tutorial web design"" ""figma tutorial app design"" ""how to make scroll animation in adobe xd""","[{'title': 'How to create loading spiner by Figma', 'link': 'https://www.youtube.com/watch?v=_aZM-c1ETMg'}, {'title': 'design header by figma and prototype', 'link': 'https://www.youtube.com/watch?v=mbGHHHuSY68'}, {'title': 'How to design App music player by adobe xd', 'link': 'https://www.youtube.com/watch?v=SHYHKOcbb08'}]"
WEBthat - Web Design,https://www.youtube.com/channel/UCfw_A1RCZreG6ZP_6hrnEcQ,@webthat-webdesign8716,2019-08-05T12:16:22Z,"{'viewCount': '42', 'subscriberCount': '0', 'videoCount': '1'}",https://yt3.ggpht.com/ytc/AIdro_kk_n0ieD_pkUv16XW-aorvE1zRIKr7BxrOvE0SaBgltg=s240-c-k-c0x00ffffff-no-rj,,"[{'title': 'Movie Theatre Design Prototype in Adobe XD - Timelapse', 'link': 'https://www.youtube.com/watch?v=BQf4FpBBjvg'}]"
Skl Design,https://www.youtube.com/channel/UCxGTzQX_KazUlBRacUlNPPQ,@skldesign6276,2021-04-21T10:55:36.241049Z,"{'viewCount': '1474', 'subscriberCount': '9', 'videoCount': '13'}",https://yt3.ggpht.com/ytc/AIdro_mgQsQTx-DMcm34kmLtmYXqEGB5heegsVSdLOshUSEgvg=s240-c-k-c0x00ffffff-no-rj,,"[{'title': 'steel structural company website design', 'link': 'https://www.youtube.com/watch?v=qIr1xlnjJq4'}, {'title': 'search engine website design in adobe xd', 'link': 'https://www.youtube.com/watch?v=_5Qf9kzGlls'}, {'title': 'personal portfolio website design for ui/ux  designer in adobe xd', 'link': 'https://www.youtube.com/watch?v=nn9r72l3Wko'}]"
Code And Design,https://www.youtube.com/channel/UCrdU_psDiWiT6ZRuIa0y2xg,@codeanddesign,2016-10-17T05:37:15Z,"{'viewCount': '2965466', 'subscriberCount': '36000', 'videoCount': '142'}",https://yt3.ggpht.com/ytc/AIdro_lA2zCaWHogXzdjHWPCSa2V6-BOBgW6lF2K0CdpgK7GPSg=s240-c-k-c0x00ffffff-no-rj,"Code and Design ""UI Design"" ""UX Design"" ""user interface design"" wordpress ""Photoshop tutorial"" ""Video Editing"" HTML CSS ""web design tutorial"" ""graphics design tutorial"" ""hindi tutorial"" ""website tips and tricks"" ""Ravikant Jha"" ""website design"" ""how to create a website"" ""free website design"" ""design and code"" ""code and deisgn"" ""dhanbad web design"" ""photoshop to HTML""","[{'title': 'How to Recover WordPress (WP-admin) Login Password || Reset Wordpress password || Hindi Tutorial', 'link': 'https://www.youtube.com/watch?v=IaagOxPjNdk'}, {'title': 'Real Estate landing Page UI Design Adobe XD | Daily UI Design Inspiration', 'link': 'https://www.youtube.com/watch?v=rRU5tO5ZBNM'}, {'title': 'Responsive Web Design in HTML / CSS | Signup Page Design | HTML Tutorial Hindi Time Lapse', 'link': 'https://www.youtube.com/watch?v=oY-KLh-B7vU'}]"
ArtLeo Designs,https://www.youtube.com/channel/UCihNKejq40UXkL4qX08zHLA,@artleodesigns8171,2020-04-15T15:17:27.445705Z,"{'viewCount': '1136', 'subscriberCount': '7', 'videoCount': '4'}",https://yt3.ggpht.com/ytc/AIdro_mAdq-kmVM56Dx_XMpI9tf3IUBopzequeytez5cUTuINg=s240-c-k-c0x00ffffff-no-rj,"""Adobe XD Design & Prototype"" ""Free Adobe XD Tutorial"" ""How to Design & Prototype Adobe XD Tutorial"" ""Adobe XD Basics"" ""Landing Page design in Adobe XD"" ""Landing Page design in Adobe XD 2020"" ""How to Become UI/UX Designer"" ""What is Adobe XD"" ""Web Design Speed Art"" ""Modern Portfolio Website in Adobe XD"" ""UI/UX Design Trends (2020)"" ""UI/UX Design Trends"" ""Mobile App UI Design in Adobe XD""","[{'title': 'Adobe XD: Bitcoin Cryptocurrency', 'link': 'https://www.youtube.com/watch?v=GTOT3NnU6e4'}, {'title': 'Adobe XD: e-Commerce Variable products designs', 'link': 'https://www.youtube.com/watch?v=JVTW8WbBrac'}, {'title': 'Adobe XD Design & Prototype: e-Commerce Interaction Design', 'link': 'https://www.youtube.com/watch?v=-WaYFOrkV9M'}]"
Design First,https://www.youtube.com/channel/UCehRh5VemSj2XNpoVMDDU4Q,@designfirst2020,2017-06-08T01:24:28Z,"{'viewCount': '183445', 'subscriberCount': '2270', 'videoCount': '206'}",https://yt3.ggpht.com/ytc/AIdro_m6e8KDY43ApVgYhsnyM1PDcbZFKZCbeLSU9OVmVI3s7WY=s240-c-k-c0x00ffffff-no-rj,"""user interface design"" ""user experience"" ""user centred design"" ""UI Design"" ""Product design"" ""User Experience Design"" ""Dashboard design"" ""MobIle Application Design"" ""Website Application design"" Wireframe ""MobIle App Design"" ""Android App Design"" ""IOS App Design"" ""Adobe XD Tutorials"" ""Adobe Experience Design"" ""Adobe XD for beginners"" ""adobe xd from scratch"" ""adobe xd online"" ""interaction design"" ""Website design"" figma Figma ""Figma video"" ""figma tutorial"" ""figma for beginner""","[{'title': 'Robots v/s Humans | Will AI Replace Us? | Will AI Replace Our Jobs?', 'link': 'https://www.youtube.com/watch?v=i_DyTwyzEcQ'}, {'title': 'Secrets of Great Designers | Secret Tips for Designers', 'link': 'https://www.youtube.com/watch?v=IZWz2Ytu2Io'}, {'title': 'Users Love Simple Designs | Secret of Good Design | Why you should design simple Design?', 'link': 'https://www.youtube.com/watch?v=GRYK6dGIOI8'}]"
Enxh S,https://www.youtube.com/channel/UCdfwPWTLX62cZFwkj-UOVZQ,@enxhs,2017-12-07T15:29:38Z,"{'viewCount': '167812', 'subscriberCount': '1570', 'videoCount': '61'}",https://yt3.ggpht.com/n4YTrBk6Iawpaqw-6PXy1JyJIj8NnMGmj6UXxHovKrLZOMnkZYVw-crcztyXxNwSyvz2oKmN4co=s240-c-k-c0x00ffffff-no-rj,Graphic Design,"[{'title': 'February 6, 2024', 'link': 'https://www.youtube.com/watch?v=14o9-MiJNns'}, {'title': 'Logo Design in the style of Yoga Perdana - Gradient Logo - Speed Art Tutorial', 'link': 'https://www.youtube.com/watch?v=ou2fqEOS9YM'}, {'title': 'E Commerce App Design - Adobe XD - Speed Art Tutorial', 'link': 'https://www.youtube.com/watch?v=_8kjgdtV-Jo'}]"
Mohsen Creative,https://www.youtube.com/channel/UCvmPCoP-F6mlyUCVf5stkfg,@mohsencreative,2021-03-20T20:19:23.110122Z,"{'viewCount': '52983', 'subscriberCount': '845', 'videoCount': '6'}",https://yt3.ggpht.com/y-fhfqZZsbifM5-Aze2GX8m-Qe8x8HdOcFLRjADPCEo8I4h4o1BENjjFP8HtPkVrfkq_spc2Nw=s240-c-k-c0x00ffffff-no-rj,"""landing page design"" ""landing page design in adobe xd"" ""landing page design in adobe photoshop"" ""landing page design html css js"" ""web design"" ""adobe xd tutorial web design"" ""html css landing page"" ""landing page html css javascript"" ""web design tutorial for beginners"" ""xd to html css js"" ""adobe photoshop landing page"" ""landing page"" ""adobe xd prototype"" ""how to make website ui animation in adobe xd"" ""user interface design"" ""user interface design photoshop"" ""animation in adobe xd"" ""uiux design""","[{'title': 'login form design in adobe xd', 'link': 'https://www.youtube.com/watch?v=Z4oPlNjFNzw'}, {'title': 'UI UX Design (Game Full-Page UI) | Part 2 : Prototype', 'link': 'https://www.youtube.com/watch?v=2Yd1fdBnLKk'}, {'title': 'UI UX Design (Game Full-Page UI) | Part 1: Design', 'link': 'https://www.youtube.com/watch?v=4yXsJK6cprI'}]"
Riccardo Borchi - Web Designer & Developer,https://www.youtube.com/channel/UCBVTeamD6rMpVXVNNtD-OGQ,@rb.webdesigner,2021-08-06T16:08:35.646065Z,"{'viewCount': '8176', 'subscriberCount': '1290', 'videoCount': '18'}",https://yt3.ggpht.com/zb3lmnfgfbTkBXzdlbDA_tKNtsnJr46a3AhqxmqdrQyrlmEOT2-0IpTmtyHyIsNobMBj3KnbzvA=s240-c-k-c0x00ffffff-no-rj,"""Web Designer"" ""Web Developer"" ""Web Design"" ""Web Development"" WordPress HTML CSS Javascript jQuery Code Website UI UX","[{'title': 'Elevate your web design with Framer! 🚀', 'link': 'https://www.youtube.com/watch?v=ZWZ21GNq9rM'}, {'title': 'Wix Studio | Revolutionizing Web Design | Templates, AI, Custom Code, Animations, Responsive Design', 'link': 'https://www.youtube.com/watch?v=iGUMzKZeNtY'}, {'title': 'Wix Studio | Elevate Your Web Design Game | Your Shortcut to Stunning Website Creation', 'link': 'https://www.youtube.com/watch?v=1vcq5zQhlDU'}]"
LeoPixel Studio,https://www.youtube.com/channel/UCb1z1uQ9xqO9xBnWBc1Yq0g,@leopixelstudio8098,2019-07-17T06:42:31Z,"{'viewCount': '12297', 'subscriberCount': '236', 'videoCount': '20'}",https://yt3.ggpht.com/wop9lQtFpawvaVemZiVJW6i6dathnNtko7-PQXJIesJEh1U3mR0MUwQQvOtK3TWJa_hjZfGFutg=s240-c-k-c0x00ffffff-no-rj,,"[{'title': 'Adobe XD Web Design Tutorial | 3D Illustration UI Design', 'link': 'https://www.youtube.com/watch?v=tqREZsTD5Ik'}, {'title': 'Adobe XD Web UI Design 3D Illustration Tutorial', 'link': 'https://www.youtube.com/watch?v=KghxKYpTMEk'}, {'title': 'App Design In Adobe XD - Auto Animate , Prototype Animation Tutorial', 'link': 'https://www.youtube.com/watch?v=1RuX5wsijFI'}]"
Photoshop Basics,https://www.youtube.com/channel/UC95Tpdvb6CabdoiftZB_xXA,@photoshop-basics,2023-08-16T17:43:10.348135Z,"{'viewCount': '79215', 'subscriberCount': '6500', 'videoCount': '30'}",https://yt3.ggpht.com/I2nlDpJGpwfZ8TeDOUdRdkXgR2oQ22gkmu-ka7lQjhkx3BqujoRyxBUAxDTzA4_feQPBnzwr=s240-c-k-c0x00ffffff-no-rj,"""photoshop beginner tutorial"" ""photoshop basics"" ""adobe photoshop"" ""adobe photoshop tutorial"" ""learn photoshop course"" ""learn photoshop for beginners"" ""beginner tutorial photoshop"" ""adobe photoshop tutorial for beginners"" ""adobe photoshop ai"" ""photoshop generative fill"" ""adobe photoshop 2023"" ""photoshop tutorial"" ""adobe photoshop update"" ""photoshop update 2024"" ""photoshop 2024 tutorial"" ""creator basics"" ""premiere basics"" ""after effects basics""","[{'title': ""Change Your Car's COLOR in Seconds! (Photoshop Tutorial)"", 'link': 'https://www.youtube.com/watch?v=nyxWRKWXTw4'}, {'title': '10 SAVAGE Photoshop Tricks You NEED! (2025)', 'link': 'https://www.youtube.com/watch?v=lHrz1IL0vQk'}, {'title': 'GRADIENTS Explained For Beginners (Photoshop Tutorial)', 'link': 'https://www.youtube.com/watch?v=WRd5NTK-YjA'}]"
BASIC PHOTOSHOP ,https://www.youtube.com/channel/UCaf3NHqGxrkA6RMPJZiQLGQ,@basicphotoshopt,2016-02-18T04:47:13Z,"{'viewCount': '51398', 'subscriberCount': '1630', 'videoCount': '25'}",https://yt3.ggpht.com/hhRd6Ycq0VrCuKPEnu09Hvgz7NQV_TYFDz9eSwjGNzNUWlBNo3aOTIAdh72LjGrGuS4F97M1dQ=s240-c-k-c0x00ffffff-no-rj,"photoshop tutorials ""basic photoshop t."" kantographix portal ""adobe photoshop tutorials"" ""photoshop cc\"" ""photoshop cs6""","[{'title': 'Photoshop : light exposure enhance in Camera Raw filter photoshop cc', 'link': 'https://www.youtube.com/watch?v=LEME5GIsuk8'}, {'title': 'Photoshop : Movie Poster', 'link': 'https://www.youtube.com/watch?v=53m1WKKhm3w'}, {'title': 'Dancing in the Water - Photo Manipulation in adobe photoshop CS6', 'link': 'https://www.youtube.com/watch?v=lOowcjAOn5I'}]"
Basic Photoshop,https://www.youtube.com/channel/UC7vE_GFvpITKjSqELG5OJBw,@basicphotoshop1152,2019-02-21T15:25:37Z,"{'viewCount': '160', 'subscriberCount': '1', 'videoCount': '2'}",https://yt3.ggpht.com/ytc/AIdro_khobFzw2EZD0pNtZ85IrzfNykDMycky5lAxKwkLMFvTA=s240-c-k-c0x00ffffff-no-rj,,"[{'title': '[Cắt ghép ảnh] Các công cụ tạo vùng chọn', 'link': 'https://www.youtube.com/watch?v=kWsRUYeDLws'}, {'title': 'Các chế độ hòa trộn cơ bản trong Photoshop ( Blending mode)', 'link': 'https://www.youtube.com/watch?v=JnFRlt1_U5A'}]"
Basic Photoshop Tutorial,https://www.youtube.com/channel/UC85-Wimtbk6HrptISqRKeFg,@basicphotoshoptutorial4073,2018-06-12T14:36:11Z,"{'viewCount': '780', 'subscriberCount': '3', 'videoCount': '10'}",https://yt3.ggpht.com/ytc/AIdro_l0t1OLTzyF2d5DZftr0hpBTAYDykuHL5ADQxIiBHRrPg=s240-c-k-c0x00ffffff-no-rj,,"[{'title': 'Matching Scale and Resolution', 'link': 'https://www.youtube.com/watch?v=zITeNlJJdv4'}, {'title': 'Setup Raster Printer in AutoCAD', 'link': 'https://www.youtube.com/watch?v=VNn3u2b3j4I'}, {'title': 'Drawing Scale in AutoCAD', 'link': 'https://www.youtube.com/watch?v=_ZMzGWU_ThI'}]"
LetsPhotoshop,https://www.youtube.com/channel/UC0ycr0VzyoKCsO8CQcVf98w,@letsps,2014-08-27T22:20:30Z,"{'viewCount': '19548320', 'subscriberCount': '285000', 'videoCount': '289'}",https://yt3.ggpht.com/ijrw8F5G212MYy1zbHaWUcnLkY7VCeuQFR3n9HTwAmzbXeVF3kiYTKIm5ujplsoz1vBWgrWgFZI=s240-c-k-c0x00ffffff-no-rj,"""Photoshop Tutorials"" ""Illustrator Tutorials"" ""Indesign Tutorials"" ""Photo Effect"" ""Photo Manipulation"" ""How To"" ""Graphic Design"" Teaching Education ""Photoshop For beginners""","[{'title': 'The EASIEST Way to Make High-Quality Bitmaps in Photoshop (Game Changer!)', 'link': 'https://www.youtube.com/watch?v=huRPf4A0UQU'}, {'title': 'Chaotic Paper Collage Effect - Photoshop Tutorial', 'link': 'https://www.youtube.com/watch?v=sfNop_wlxyk'}, {'title': 'This Stretch Glitch Effect Will Blow Your Mind! | Photoshop Tutorial', 'link': 'https://www.youtube.com/watch?v=gbBO8ldCnnQ'}]"
Photoshop Basic,https://www.youtube.com/channel/UCYcMsVr97YAKFp2I-WOpcpg,@photoshopbasic6326,2020-12-08T09:38:47.955826Z,"{'viewCount': '33', 'subscriberCount': '1', 'videoCount': '5'}",https://yt3.ggpht.com/D-uT5dEKqRotQDKSI1pZ9numVY-OaUmJ_B1XuvxuFcyfxw-kHTEsmBb9fKqvfi4vTLZpWv9YgQ=s240-c-k-c0x00ffffff-no-rj,,"[{'title': 'EPIC Indoor PHOTOSHOOT-Applying some - Abobe Photoshop tools', 'link': 'https://www.youtube.com/watch?v=KTagI-D3ihQ'}, {'title': 'HIGH-END SKIN retouching in AdobePhotoshop', 'link': 'https://www.youtube.com/watch?v=rxXOsG0abXY'}, {'title': 'SKIN Smoothing/Adobe photoshop_Tutorials', 'link': 'https://www.youtube.com/watch?v=0VEfb3DsPr4'}]"
Adobe photoshop cc tutorials,https://www.youtube.com/channel/UCpt5cXgHu3zZa-TQNh1tnWQ,@adobephotoshopcctutorials8891,2016-06-25T12:29:27Z,"{'viewCount': '65', 'subscriberCount': '2', 'videoCount': '17'}",https://yt3.ggpht.com/ytc/AIdro_kNZm-jtW3om6yjJpu3CHOx9zGpSN7TObkJ9TSPwj0=s240-c-k-c0x00ffffff-no-rj,Adobe photoshop cc tutorials,"[{'title': 'Adobe photoshop cs6 tutorials for beginners - Cloning Parts of an Image(Part-12)', 'link': 'https://www.youtube.com/watch?v=Dh6fEhnp6iE'}, {'title': 'Adobe photoshop cs6 tutorials for beginners - Save an Image for the Web(Part-17)', 'link': 'https://www.youtube.com/watch?v=ve1aC18Nx_c'}, {'title': 'Adobe photoshop cs6 tutorials for beginners - Add a Matte Border to an Image(Part-16)', 'link': 'https://www.youtube.com/watch?v=3VKYfV5Czu8'}]"
Photoshop Tutorials,https://www.youtube.com/channel/UCnqGzQRIUbHW0vHlPXU1SSQ,@photoshoptutorials6242,2020-02-24T05:03:25.724509Z,"{'viewCount': '1178', 'subscriberCount': '3', 'videoCount': '11'}",https://yt3.ggpht.com/ytc/AIdro_npSIbg5CMUyukNcI75h9HHtaHtD3tUtWd78BHY9txMAQ=s240-c-k-c0x00ffffff-no-rj,"""Photoshop tutorial gfx"" ""Photoshop tutorial logo design"" ""Photoshop tutorial cs6"" ""Photoshop tutorial for beginners"" ""Photoshop tutorial""","[{'title': 'Photoshop CC 2020 Close others new feature', 'link': 'https://www.youtube.com/watch?v=wBozkfQpOfQ'}, {'title': 'How to Import from device in Adobephotoshop CC 2029', 'link': 'https://www.youtube.com/watch?v=43VB80LVqvI'}, {'title': 'Save As gifs Update In Photoshop CC 2020', 'link': 'https://www.youtube.com/watch?v=56hyOA2q2iQ'}]"
Learn Online Photoshop,https://www.youtube.com/channel/UCPirJmq0IPEgBMdMA9j3oCQ,@learnonlinephotoshop3334,2021-07-14T14:26:10.329651Z,"{'viewCount': '10647', 'subscriberCount': '350', 'videoCount': '32'}",https://yt3.ggpht.com/fueMj2u7A7GFHDkRzT1oe9LAxq23QUxfangSORiw1AhFi9VMuYgmZENyRq_gaEnn_GqOI6Pp1Q=s240-c-k-c0x00ffffff-no-rj,,"[{'title': 'Happy New Year Poster Design In Photoshop  | Social Media Post Design | Photoshop Tutorials', 'link': 'https://www.youtube.com/watch?v=f3ETTJtAwSQ'}, {'title': 'Social Media E commerce  Banner Design in Adobe Photoshop | Photoshop Tutorials', 'link': 'https://www.youtube.com/watch?v=JxNTk9KKSZE'}, {'title': 'Social Media Ad - Banner Design in Adobe Photoshop | Social Media Post Design | Photoshop Tutorials', 'link': 'https://www.youtube.com/watch?v=GpduVrA51KY'}]"
Photoshop  basic,https://www.youtube.com/channel/UCYeToj1cDLHFavjFMTxPhVA,@photoshopbasic6707,2022-05-24T06:44:54.350321Z,"{'viewCount': '418', 'subscriberCount': '2', 'videoCount': '7'}",https://yt3.ggpht.com/heswH_GHDsrKaT2okP8BWG21Wwdm2KtuKwGWFhTSDc7vR5-EMQmLr3umRKDCdwzGHvjdw_cnLw=s240-c-k-c0x00ffffff-no-rj,,"[{'title': 'Photoshop circular photo editing in Photoshop ||', 'link': 'https://www.youtube.com/watch?v=7Yy44RWQ28U'}, {'title': '1 minute background remove in Photoshop ||', 'link': 'https://www.youtube.com/watch?v=w3J4lLm1F7g'}, {'title': 'How to remove background in Photoshop || easy tiriks', 'link': 'https://www.youtube.com/watch?v=Dxsmh7C3_Ro'}]"
Basic Photoshop by Tatap,https://www.youtube.com/channel/UCk_3k3rr9fwY1fA-S61fmDg,@basicphotoshopbytatap2288,2020-09-23T01:29:01.122864Z,"{'viewCount': '2', 'subscriberCount': '2', 'videoCount': '1'}",https://yt3.ggpht.com/ytc/AIdro_mxdnBBJ0dOnZtg7g5y6WaiCwd2b31S3-If4L3yAsI6kg=s240-c-k-c0x00ffffff-no-rj,,"[{'title': 'Quick Vexel of Tatay Digong', 'link': 'https://www.youtube.com/watch?v=9JXYwyjXEfA'}]"
Photoshop Basic Tutorials Video(KTH),https://www.youtube.com/channel/UCWRy-2SBcSQ_ncayS--Bp0w,@photoshopbasictutorialsvid2502,2011-12-29T09:52:54Z,"{'viewCount': '191', 'subscriberCount': '5', 'videoCount': '14'}",https://yt3.ggpht.com/WPFLir9LWQFT9ZYVwmu8CATEkdIgxyFpOp2KL10PRmRt63TPky0_L1JxuDgN7R7jgQctJH7OkA=s240-c-k-c0x00ffffff-no-rj,,"[{'title': 'raining effect', 'link': 'https://www.youtube.com/watch?v=Ls8Ehzd6uW0'}, {'title': 'smooth skin retouching', 'link': 'https://www.youtube.com/watch?v=A4elE-D9_H0'}, {'title': 'passport Photo Edit', 'link': 'https://www.youtube.com/watch?v=9EQ9Fn0_y0o'}]"
This Guy Does Photoshop,https://www.youtube.com/channel/UCkQPeG0WaXB1Q8231zWSztw,@thisguydoesphotoshop,2021-10-09T03:33:58.981696Z,"{'viewCount': '2090498', 'subscriberCount': '19300', 'videoCount': '100'}",https://yt3.ggpht.com/_mNmD7wYw0EnS1Vei6Lo4nlTH4ffIhiNzjdimKscrk-zMeuLZrnOutSCvrbaufDKZYaW2V5H=s240-c-k-c0x00ffffff-no-rj,"""shawn dolinski"" ""this guy does photoshop"" ""photoshop tutorial"" ""photoshop tutorials for beginners"" ""how to photoshop"" ""photo manipulation"" ""photo editing"" ""photo composites"" ""photoshop composites"" ""photoshop skills"" ""learn photoshop""","[{'title': 'Photoshop Quick Tips: How to View 1 Layer Only #shorts', 'link': 'https://www.youtube.com/watch?v=8wPebU3fOl0'}, {'title': 'Photoshop Quick Tips: Merge Visible to Copy #shorts', 'link': 'https://www.youtube.com/watch?v=AjLpTuUMO8A'}, {'title': 'Photoshop Quick Tips: How To Merge Layers #shorts', 'link': 'https://www.youtube.com/watch?v=ZETJ0O5vHBI'}]"
Photoshop tutorials,https://www.youtube.com/channel/UCJhbzchZTuCgN4tfWvJO5tQ,@photoshoptutorials8790,2020-10-07T18:34:01.678588Z,"{'viewCount': '669', 'subscriberCount': '66', 'videoCount': '16'}",https://yt3.ggpht.com/ytc/AIdro_kE3wIi6xcjt05Guq1joIrtTpGkFwtzB3Uf4IkUSFsK-Q=s240-c-k-c0x00ffffff-no-rj,"""Adobe photoshop"" ""free training"" ""for beginners"" classes courses photography training ""Getting Started"" ""from the beginning"" ""free courses""","[{'title': 'Photoshop for beginners - lesson16 - Creating a painting from a photograph using the mixer brush', 'link': 'https://www.youtube.com/watch?v=8P5pWuZvEBI'}, {'title': 'Photoshop for beginners - lesson15 - Brushes, creating brushes, mixer brushes. Part 2', 'link': 'https://www.youtube.com/watch?v=EmgqWACads0'}, {'title': 'Photoshop for beginners - lesson14 - Brushes, creating brushed, downloading brushes. Part 1', 'link': 'https://www.youtube.com/watch?v=MJxRB2tmSqw'}]"
Photoshop Easy,https://www.youtube.com/channel/UCHoMkuEWou0bJqFyweingFA,@photoshopeasy6519,2020-05-06T16:36:14.837485Z,"{'viewCount': '352', 'subscriberCount': '33', 'videoCount': '5'}",https://yt3.ggpht.com/ytc/AIdro_lBiV4P4aHR5JR_6KeJZf7ZNRbf-bZy4cj_gT2EJ7TyIw=s240-c-k-c0x00ffffff-no-rj,"""Photoshop Tutorials"" Easy ""Adobe Photoshop"" ""Photoshop Video Tutorials"" ""Photoshop Easy""","[{'title': '""WALANG SOUND ANG VIDEO PRESENTATION DURING VIDEO CALL?"" - TEACHERS MUST WATCH!', 'link': 'https://www.youtube.com/watch?v=QXdDMAnbC2k'}, {'title': 'Welcome to Photoshop Easy', 'link': 'https://www.youtube.com/watch?v=-UJoRKN3_OE'}, {'title': 'Remove Anything In Your Photo - Secret Revealed', 'link': 'https://www.youtube.com/watch?v=yX6d_Bwge-A'}]"
Photoshop Fast and Easy,https://www.youtube.com/channel/UCwy7WDhs_zPNupt5e_6ky0Q,@photoshopfastandeasy8971,2020-02-19T04:52:21.491242Z,"{'viewCount': '928', 'subscriberCount': '26', 'videoCount': '17'}",https://yt3.ggpht.com/ytc/AIdro_n6FPIbGKovNTib-NqHqXG4px5C4cFKhOzcusz3Uix-HA=s240-c-k-c0x00ffffff-no-rj,Learn Photoshop Aprende,"[{'title': 'How to change to Black and White non-destructively in Photoshop CC2020 //Learn Photoshop fast-easy//', 'link': 'https://www.youtube.com/watch?v=6I3PAAvCfNI'}, {'title': 'How to duplicate a layer in Photoshop CC2020 //Learn Photoshop fast and easy - basic - beginners//', 'link': 'https://www.youtube.com/watch?v=zJdu-2Z-xkE'}, {'title': 'How to unlock a layer in Photoshop CC2020 //Learn Photoshop fast and easy - basic - beginners//', 'link': 'https://www.youtube.com/watch?v=yqDBwrkHoKA'}]"
Photoshop Tutorials,https://www.youtube.com/channel/UCnVEQ91u1BEBalv53viT4Tw,@photoshoptutorials-x4p,2024-11-24T11:37:13.767426Z,"{'viewCount': '685', 'subscriberCount': '22', 'videoCount': '16'}",https://yt3.ggpht.com/Qm2dMijClzkbf0J8t-Mi9EqTVkqCYDev-f0bnhwYg3vZr_FAFiwp6AdG8m_Jl-93unASAb0BmA=s240-c-k-c0x00ffffff-no-rj,"Photoshop ""photoshop tutorials"" tuturials ""photoshop tutorial"" ""photoshop tutorials"" ""photoshop tutorial for beginners"" ""adobe photoshop tutorial"" photoshop ""photoshop cc tutorial"" ""adobe photoshop"" ""photoshop tutorials for beginners"" ""how to use photoshop"" ""photoshop tutorial effects"" ""photoshop tutorial beginner"" ""photoshop basics tutorial"" tutorial ""tutorial photoshop"" ""short photoshop tutorial"" ""photoshop basics"" ""photoshop cc"" ""fotoshop tutorial"" ""photoshop in urdu hindi Bagnoli""","[{'title': 'Black & White  image photo to Colorizes in Photoshop || urdu Hindi', 'link': 'https://www.youtube.com/watch?v=Ow5sbl6ba90'}, {'title': 'Black & White  image photo to Colorizes in Photoshop || urdu Hindi', 'link': 'https://www.youtube.com/watch?v=Js91gxFOy9M'}, {'title': 'The Surprising Truth About Skin Retouching Nobody Tells You!', 'link': 'https://www.youtube.com/watch?v=jwIbkTpjOOo'}]"
Photoshop Tutorials,https://www.youtube.com/channel/UCTR6RUdBgBySCM25tvUy9Pg,@photoshoppakistan,2012-11-17T06:28:29Z,"{'viewCount': '25199', 'subscriberCount': '233', 'videoCount': '140'}",https://yt3.ggpht.com/ytc/AIdro_n2Qc4nUbpTROL8on62yeiPdYeqD28GAOToUyQlT2NhBw=s240-c-k-c0x00ffffff-no-rj,,"[{'title': 'Strong Color Picture Effect Photoshop Tutorials', 'link': 'https://www.youtube.com/watch?v=UYzCx-pSZ_4'}, {'title': 'Gold Color Picture Effect Photoshop Tutorial', 'link': 'https://www.youtube.com/watch?v=qOY9iYsonrU'}, {'title': 'View Basic Photoshop tutorials in URDU and Hindi by emadresa', 'link': 'https://www.youtube.com/watch?v=w03YfmybVPc'}]"
PiXimperfect,https://www.youtube.com/channel/UCMrvLMUITAImCHMOhX88PYQ,@piximperfect,2016-06-03T06:40:28Z,"{'viewCount': '623784454', 'subscriberCount': '5300000', 'videoCount': '1045'}",https://yt3.ggpht.com/5_3VwTn9YD0bH3TtcY8ZNrxmsQkUkZl8OxV1djiAyMeYd8pU4UVaCOChNXlrOLL9LLoq_-SvMg=s240-c-k-c0x00ffffff-no-rj,"""adobe photoshop tutorials"" ""lightroom tutorials"" ""photoshop tips and tricks"" ""how to photoshop"" ""learn photoshop"" ""photoshop tutorials free""","[{'title': '10 Ways AI Transformed My Photoshop Techniques!', 'link': 'https://www.youtube.com/watch?v=PQBw8m40eCo'}, {'title': 'Dynamic Text: Photoshop KILLED Manual Resizing!', 'link': 'https://www.youtube.com/watch?v=UcVsZ-JdS7o'}, {'title': 'This AI Gave Life to My Grandpa with His Only Photo!', 'link': 'https://www.youtube.com/watch?v=bCKdgZgn_oQ'}]"
ComaFix Photoshop ,https://www.youtube.com/channel/UCE_gUhorLiRqedbVSlGjoKQ,@coma_fix,2022-05-30T13:05:19.421734Z,"{'viewCount': '35265714', 'subscriberCount': '240000', 'videoCount': '113'}",https://yt3.ggpht.com/637TMkMQm6zk5HoV6uUe-0gsuAsGPTTlXszIz-2EG1Fc9zZndul8hUDMIE_nmXeO0yvqpwsW2A=s240-c-k-c0x00ffffff-no-rj,"photoshop ""photoshop tutorial"" tutorial ""adobe photoshop"" adobe ""learn photoshop"" ""how to use photoshop"" ""photoshop tutorials"" ""photo effects"" ""photo manipulation"" ""how to"" photography ""illustrator tutorial"" ""graphic design""","[{'title': '🔴LIVE | Top 30 Short Photoshop Tutorials | ComaFix Photoshop', 'link': 'https://www.youtube.com/watch?v=BbtT9fWaKTg'}, {'title': 'How to use Clone Source Tool in Photoshop - Tutorial !  #shorts #photoshop', 'link': 'https://www.youtube.com/watch?v=HVVNsxEFwd0'}, {'title': 'How to Create Dispersion Effect in Photoshop - Tutorial !  #shorts #photoshop', 'link': 'https://www.youtube.com/watch?v=2J1He9Ipnbo'}]"
Photoshop Tutorial,https://www.youtube.com/channel/UCadRhW23zwFxQzE1q9fjLJA,@photoshoptutorial5994,2016-05-21T19:08:25Z,"{'viewCount': '371', 'subscriberCount': '5', 'videoCount': '8'}",https://yt3.ggpht.com/ytc/AIdro_lVRgPXCzt--8Qp-lNBInS2t2sTinMoDKRKCjFlOVeaWQ=s240-c-k-c0x00ffffff-no-rj,,"[{'title': 'How to create realistic rain in Photoshop [ Tutorial ]', 'link': 'https://www.youtube.com/watch?v=OgfClRf6o3U'}, {'title': 'Oil Painting Photo Effects ¦ Photoshop CS6 Tutorial ¦', 'link': 'https://www.youtube.com/watch?v=ok0l3Q_3mXs'}, {'title': 'Photoshop Tutorial   How to change background Photo Manipulation', 'link': 'https://www.youtube.com/watch?v=RvvYPsc54qk'}]"
Photoshop Tutorial,https://www.youtube.com/channel/UCgvZqEQO7ltpt3kSJ8pv1Ng,@photoshop_tutorial_tool,2025-04-16T03:16:06.491448Z,"{'viewCount': '59', 'subscriberCount': '5', 'videoCount': '3'}",https://yt3.ggpht.com/CCGFBn6CxXiv3dssZaOsxHvCwyPAi2wA3Lq1NufX8C6EZgDSfYbIBNGQlgO8nWpzEeFql-txJQ=s240-c-k-c0x00ffffff-no-rj,"""photoshop tutorial"" ""adobe photoshop guide"" ""photoshop for beginners"" ""photoshop tips and tricks"" ""learn photoshop"" ""photoshop editing"" ""photoshop training"" ""photoshop cc latest tutorial"" ""photoshop updates 2025"" ""photoshop AI tools 2025"" ""photoshop reel tutorial"" ""photoshop shorts"" ""photoshop basics"" ""beginner photoshop tutorial"" ""beginner photoshop tutorial"" ""intermediate photoshop techniques"" ""advanced photoshop tricks"" ""photoshop masterclass"" ""step by step photoshop tutorial""","[{'title': 'Adobe Photoshop 2025 Tricks - How to Easily Add Disign On Dress #photoshoptutorial #photoshop', 'link': 'https://www.youtube.com/watch?v=sSi5_fxPnrk'}, {'title': 'Photoshop 2025 Mural Painting Effect in 60 Seconds! 🎨 | #Shorts', 'link': 'https://www.youtube.com/watch?v=zBlhnCDiPTc'}, {'title': 'Create a Realistic Pillow in Photoshop 2025 | Fast & Easy Tutorial #shorts', 'link': 'https://www.youtube.com/watch?v=3QxEk4kDvrI'}]"
photoshop tutorial,https://www.youtube.com/channel/UCZRc8dTjKSTmTqzok13dEeQ,@photoshop-2022,2023-02-10T15:16:23.406917Z,"{'viewCount': '4', 'subscriberCount': '10', 'videoCount': '1'}",https://yt3.ggpht.com/ytc/AIdro_mzVVpUZLVSyffjziTGzkKbWAYgj1T68otYg8nOJ9JKF5Jcx3v_FmvtuVtiTkxDnRhXpA=s240-c-k-c0x00ffffff-no-rj,"""adobe photoshop"" tutorial learn","[{'title': 'adobe photoshop | remove background one click | удалить фон в один клик', 'link': 'https://www.youtube.com/watch?v=6QZoqBGUjj4'}]"
photoshop tutorial,https://www.youtube.com/channel/UC4CiOk5lPscyWpnzNNsjPOA,@photoshoptutorial7248,2018-02-09T08:58:40Z,"{'viewCount': '46', 'subscriberCount': '3', 'videoCount': '2'}",https://yt3.ggpht.com/ytc/AIdro_nhjN9XHN9ri76_wb6eq_UcAM1-rS2td1HKw6_VMRwz1g=s240-c-k-c0x00ffffff-no-rj,WAQAR ALI,"[{'title': 'waqar', 'link': 'https://www.youtube.com/watch?v=pjHtWym6fz4'}, {'title': 'OTHER PRODUCT Live Stream', 'link': 'https://www.youtube.com/watch?v=Rra3d0xiyig'}, {'title': 'HOW TO BLUR IN PHOTOSHOP CS6', 'link': 'https://www.youtube.com/watch?v=RMMzXNwtoB8'}]"
Photoshop Shorts,https://www.youtube.com/channel/UCA0HlE1oA0jduQzdG0inGeA,@photoshopshorts,2022-03-10T12:07:37.404772Z,"{'viewCount': '10798080', 'subscriberCount': '175000', 'videoCount': '162'}",https://yt3.ggpht.com/b5-cIUdeHkskpdGUhVDgQr69ivSnOdbzUCbj0CqamlF8tZnRCQ_1iMcIcyJbVvvEwGI5lG321A=s240-c-k-c0x00ffffff-no-rj,"""photoshop shorts"" #shorts ""photoshop tutorial"" ""adobe photoshop tutorial"" photoshop tutorial ""photoshop tutorials"" ""photoshop tutorial for beginners"" ""adobe photoshop"" ""photoshop basics tutorial"" ""tutorial photoshop"" ""photoshop basics tutorial for beginners"" ""photoshop tutorials for beginners"" ""photoshop tutorial beginner"" ""adobe photoshop tutorial for beginner"" ""photo editing"" ""photoshop editing"" ""photoshop photo editing"" ""photo editing in photoshop"" ""ps editing"" how-to learn education","[{'title': 'Mastering Realistic Curled Paper: Photoshop Tutorial', 'link': 'https://www.youtube.com/watch?v=Byph2ku6ojE'}, {'title': 'Fix Extreme Color Cast in few clicks in Photoshop', 'link': 'https://www.youtube.com/watch?v=tS8BUPX3bYs'}, {'title': 'Turn Black Skin to White in Photoshop', 'link': 'https://www.youtube.com/watch?v=gu7wAlqhN3w'}]"
Photoshop Tutorial ,https://www.youtube.com/channel/UCIDD4756fCGPWqbYZBQSj1g,@photoshop-tutorial-shorts,2023-08-15T12:08:44.698533Z,"{'viewCount': '6661', 'subscriberCount': '36', 'videoCount': '11'}",https://yt3.ggpht.com/6IgxaGTQu7_ORRlqZhKXDO-TpF21_TKiZxs5ik8OIdvK7caosg_sJqIgxtvmo81tofBQP4nmO50=s240-c-k-c0x00ffffff-no-rj,"""photoshop tutorial"" ""adobe photoshop"" ""ps shorts"" ""photoshop shorts"" ""tutorial photoshop"" ""learn photoshop"" Photoshop Tutorial ""Photo Editing"" ""Photoshop Tips"" ""Photoshop Techniques"" ""Photoshop Effects"" ""Photoshop Tools"" ""Creative Editing"" ""Photo Manipulation"" ""Photoshop Basics"" ""Photoshop Tricks"" ""Image Retouching"" ""Layer Masking"" ""Photo Enhancement"" ""Photoshop for Beginners"" ""Photoshop Skills"" ""Creative Effects"" ""Design Tips and Tricks"" ""Photoshop Tools and Techniques"" ""Photo Composition""","[{'title': '3D Shadow Text Effect in Photoshop #photoshoptutorials #shorts #ytshorts', 'link': 'https://www.youtube.com/watch?v=n1pPG8S6S5c'}, {'title': 'Light Effect - Light Burst Effect - Text Effect  In Photoshop - 1-Minute Photoshop Tutorial', 'link': 'https://www.youtube.com/watch?v=54XADwm4kxw'}, {'title': 'Dual Light Effect in Photoshop - Photoshop Tutorials', 'link': 'https://www.youtube.com/watch?v=lhEQqQlGaeE'}]"
photoshop tutorial,https://www.youtube.com/channel/UCUF5h_lxhvuatBcf05K_FTg,@photoshoptutorial4066,2015-03-18T00:37:48Z,"{'viewCount': '381', 'subscriberCount': '1', 'videoCount': '2'}",https://yt3.ggpht.com/ytc/AIdro_lSq35EYmjNsytKJy3eCGOvOlPYpyZBeigDk_htfrQ=s240-c-k-c0x00ffffff-no-rj,,"[{'title': 'Photoshop Tutorial - photoshop effects  -  Effect Newspaper', 'link': 'https://www.youtube.com/watch?v=kfA7cD3cnrU'}, {'title': 'Adobe Photoshop Tutorial - Action movie poster', 'link': 'https://www.youtube.com/watch?v=FiKtE_Px5TU'}]"
photoshop tutorial,https://www.youtube.com/channel/UCnui9hQzNTC7LPY0p57vdBw,@photoshoptutorial8466,2020-05-16T16:16:46.566154Z,"{'viewCount': '37', 'subscriberCount': '1', 'videoCount': '1'}",https://yt3.ggpht.com/ytc/AIdro_n-fL8r-DrB3uzF3gj74pYO56RyTAJLyP8fZu0nQ5Q=s240-c-k-c0x00ffffff-no-rj,,"[{'title': 'album design', 'link': 'https://www.youtube.com/watch?v=kV6lOHC07kI'}]"
Adobe photoshop tutorial,https://www.youtube.com/channel/UCSL48JRtpIGOS_K8vcrao-w,@adobephotoshoptutorial9880,2021-01-15T07:55:16.352037Z,"{'viewCount': '51', 'subscriberCount': '12', 'videoCount': '1'}",https://yt3.ggpht.com/ytc/AIdro_kL2Yigrg5yomZh44H4PRaLnIeLY55-eo9BdYLH9vL9VQ=s240-c-k-c0x00ffffff-no-rj,"""photoshop tutorial"" ""photoshop editing"" ""photoshop course"" ""photoshop cc"" ""photoshop 2021"" ""photoshop basic tutorial"" ""photoshop basics"" ""b&w photoshop tutorial"" ""photoshop design""","[{'title': 'simple  company logo .', 'link': 'https://www.youtube.com/watch?v=6Ud8zjLDE8w'}]"
Mir Rom,https://www.youtube.com/channel/UCEoyp41c5FU0JoImJy8rPzw,@mirrom14,2014-05-07T05:54:10Z,"{'viewCount': '26036106', 'subscriberCount': '351000', 'videoCount': '532'}",https://yt3.ggpht.com/ytc/AIdro_lyfQ0T0viKl8f32JSSe9GmX5Gt0UMcBAPQaaex9cCIzkI=s240-c-k-c0x00ffffff-no-rj,"Photoshop tutorials ""movie poster"" ""photo manipulation"" flyer poster","[{'title': 'Horror Thriller Movie Poster Design In Photoshop', 'link': 'https://www.youtube.com/watch?v=0I49QTd4_08'}, {'title': 'Create An Action Movie Poster Design In Photoshop', 'link': 'https://www.youtube.com/watch?v=k98nQQlJPWU'}, {'title': 'Create a Sci fi Poster in Adobe Photoshop 2025', 'link': 'https://www.youtube.com/watch?v=fY2vWTHnpHc'}]"
James Lorentson Landscape Photography,https://www.youtube.com/channel/UCP4i_H7qy2uUiotvO7imt9w,@jameslphoto,2012-04-27T11:54:48Z,"{'viewCount': '198825', 'subscriberCount': '2360', 'videoCount': '13'}",https://yt3.ggpht.com/JR9eQD1w6CRMIm3esAexA7w7svIst82Rnu5U-GY3Imss0k0UkGtJXKLANzoyVd62u-oMKJwh=s240-c-k-c0x00ffffff-no-rj,"""Landscape photography"" ""PNW Landscape Photography""","[{'title': 'Landscape Photography Myths BUSTED! (Unleash Your Creative Potential)', 'link': 'https://www.youtube.com/watch?v=RmQXowWB-bE'}, {'title': 'How to Take Stunning Landscape Photos Midday (Even in Harsh Light!)', 'link': 'https://www.youtube.com/watch?v=ZcNRX4MTVSg'}, {'title': 'Nikon Z8: What I Hate After 1 Year of Landscape Photography', 'link': 'https://www.youtube.com/watch?v=UAWYJFrr4rY'}]"
Andy Lock Photography,https://www.youtube.com/channel/UCh3_J-K31r17p6YVwNEMtOA,@andylockphotography,2022-09-27T09:32:28.22459Z,"{'viewCount': '438156', 'subscriberCount': '10200', 'videoCount': '76'}",https://yt3.ggpht.com/NdSh-SWn-l7uQ1HPWgIboEkjSMIZlHlq3TGZgAJTiIoGnNLTZgexJdsJVms81xm3lGGSij38-w=s240-c-k-c0x00ffffff-no-rj,"""landscape photography"" ""photography tips"" nikon ""photography workshops"" ""photography advice"" ""photography vlog"" ""travel photography"" ""photography how to"" ""landscape photography tips"" ""andy lock photography"" photography ""outdoor photography"" ""scotland landscapes"" ""nature photography"" ""photography adventure"" ""photography inspiration"" ""landscape photography tips"" ""Landscape photography tutorials"" ""Photography composition"" ""Photography equipment"" ""thomas heaton"" ""henry turner"" ""nigel danson""","[{'title': 'We Almost Gave Up... Then Found a Hidden Waterfall!', 'link': 'https://www.youtube.com/watch?v=U8K-9c4Fs8E'}, {'title': 'This Simple Tin Foil Trick Makes Macro Photography MAGICAL!', 'link': 'https://www.youtube.com/watch?v=wrlVx4VbRQA'}, {'title': ""It's Time For A Change - When camera gear lets you down"", 'link': 'https://www.youtube.com/watch?v=Nx8k6YxXWV4'}]"
David Gaiz,https://www.youtube.com/channel/UCJ4r-fJYmwlUXn2rGpLIGjA,@davidgaiz767,2017-01-21T03:21:00Z,"{'viewCount': '2', 'subscriberCount': '0', 'videoCount': '1'}",https://yt3.ggpht.com/ytc/AIdro_m_PxK7P4xU59MBNg3L2Z6vDAnqobiaxBsD-ejxhEx28Zs=s240-c-k-c0x00ffffff-no-rj,,"[{'title': 'Test', 'link': 'https://www.youtube.com/watch?v=yACWKdfiKNQ'}]"
Rebecca Harkness,https://www.youtube.com/channel/UCv305pipqCzDA3qPJ7UF1yQ,@rebeccaharkness,2007-09-29T05:48:03Z,"{'viewCount': '58', 'subscriberCount': '6', 'videoCount': '1'}",https://yt3.ggpht.com/ytc/AIdro_nwDZ85YHQYL75x-gk8SHDyGmA0bk9BkhqjDzQt5oBasYw=s240-c-k-c0x00ffffff-no-rj,photography photographer landscape tutorials photo,"[{'title': 'How To Photograph Silky Beautiful Waterfalls', 'link': 'https://www.youtube.com/watch?v=kOpJWtGZtbE'}]"
Duncan Graham,https://www.youtube.com/channel/UCLWBtocpWvE9k_3pHFXsg2Q,@dtgphoto,2013-11-09T12:57:38Z,"{'viewCount': '10347', 'subscriberCount': '315', 'videoCount': '27'}",https://yt3.ggpht.com/ytc/AIdro_ki8UrPNcEgsxG509PT-vzbbiW0fbKsOtEPb1d4ub86lMs=s240-c-k-c0x00ffffff-no-rj,"photography ""landscape photography"" ""photography tutorial"" ""learn photography"" ""adobe lightroom"" ""duncan graham"" ""dtg photography"" ""lightroom tutorial"" ""lightroom tutorial for beginners"" ""lightroom tutorial 2021"" ""uk landscape photography"" ""lightroom for beginners"" ""lightroom for beginners 2021"" ""lightroom for beginners step by step"" ""organize photos"" ""lightroom cc"" ""canon mirrorless"" ""canon mirrorless camera"" ""canon eos r5"" ""landscape photography tips"" ""photography tips""","[{'title': 'Explore Hartland in North Devon | Landscape Photography on Location in Hartland', 'link': 'https://www.youtube.com/watch?v=R81Mqn5DIR0'}, {'title': 'The Bluebell Woods | Landscape Photography Heaven in the UK', 'link': 'https://www.youtube.com/watch?v=g07lOO4y66Q'}, {'title': 'Follow the Fog | Landscape Photography in the fog in The New Forest', 'link': 'https://www.youtube.com/watch?v=X3iopRTIDjA'}]"
Jamie MacIsaac,https://www.youtube.com/channel/UCbhmbKbUxPHdXcenrUt1rtA,@jamiemacisaac5204,2020-08-01T07:52:13.926012Z,"{'viewCount': '1723', 'subscriberCount': '19', 'videoCount': '4'}",https://yt3.ggpht.com/ytc/AIdro_nuhHusg-j08ta4TLSYIxCJtKBJBna53VqgCSNrYMWR=s240-c-k-c0x00ffffff-no-rj,"""landscape photography"" ""Photography tips"" ""landscape photography tutorials"" ""landscape photography vlogs"" ""Travel vlogs"" ""landscape photography gear""","[{'title': 'Bellevue house', 'link': 'https://www.youtube.com/watch?v=ZGiQCXU3crM'}, {'title': 'Sammamish, Anacortes houses', 'link': 'https://www.youtube.com/watch?v=yGPibOKsgMc'}, {'title': 'AD', 'link': 'https://www.youtube.com/watch?v=QiaGLFoSB7A'}]"
Southern Light Photo Expeditions  @MarceloLessa,https://www.youtube.com/channel/UCiDI0jUDLc12U1b4ZKUPoyw,@marcelolessaphoto,2010-12-25T14:07:13Z,"{'viewCount': '166', 'subscriberCount': '0', 'videoCount': '2'}",https://yt3.ggpht.com/ytc/AIdro_neAWLH7sZOed0nxggmhltv1elkeHlOQumeJrdVd-uJprIR_0tQYDxrh34wywukW1kbeQ=s240-c-k-c0x00ffffff-no-rj,,"[{'title': 'Another day for a Landscape Photographer', 'link': 'https://www.youtube.com/watch?v=7YbebRrGC9c'}, {'title': 'Day in the life of a Landscape Photographer #landscapephotographer #photographer #hiking #mountains', 'link': 'https://www.youtube.com/watch?v=315Nx92iMHw'}]"
Andy Cook,https://www.youtube.com/channel/UCPTkfrQbgcX93XPQTQm1UYQ,@rockymtnreflectionsphotography,2013-03-06T19:42:16Z,"{'viewCount': '41920', 'subscriberCount': '192', 'videoCount': '164'}",https://yt3.ggpht.com/ytc/AIdro_nZabpWLLqW-u8oxTfftvEdZt7U6Oa9-W8e9t6Rf6Zs4m0=s240-c-k-c0x00ffffff-no-rj,"""Andy Cook"" ""Photography Tutorials"" ""Photography Tips"" ""Photography Techniques"" ""Learn Photography"" ""Photography Workshops"" ""Photography Education"" ""Photography Skills"" ""Landscape Photography Tutorials"" ""Landscape Photography Tips"" ""Nature Photography"" ""Outdoor Photography"" ""Scenic Photography"" ""Photography Workshops"" ""Photography Courses"" ""Photography Training"" ""Photography Lessons"" ""Photography Classes""","[{'title': 'Mastering Milky Way Panoramas: Post Processing Techniques in Photoshop', 'link': 'https://www.youtube.com/watch?v=N3tVsIn6ITY'}, {'title': 'Caddo Lake Autumn 2024 Workshop Video', 'link': 'https://www.youtube.com/watch?v=ExQMWvkTsFc'}, {'title': 'Smokies Autumn 2024 Workshop Video', 'link': 'https://www.youtube.com/watch?v=-Z8-U5hGxxo'}]"
Joel Woodward,https://www.youtube.com/channel/UCkBTmcg46w-3Xf5o5ZrZP5A,@joelwoodward7224,2016-08-23T18:34:01Z,"{'viewCount': '43', 'subscriberCount': '2', 'videoCount': '1'}",https://yt3.ggpht.com/ytc/AIdro_knPAfsdAMWFjay3Ss7UGqNQZ-WIBg6vlWd9LUJ4RD9UA=s240-c-k-c0x00ffffff-no-rj,,"[{'title': 'Views Of Wales Joel Woodward Photography', 'link': 'https://www.youtube.com/watch?v=okM6geFfOKU'}]"
Visual Wilderness,https://www.youtube.com/channel/UC-MEnB6LTb4Oc7qjBpwQ1EA,@visualwilderness,2014-08-06T14:05:21Z,"{'viewCount': '525450', 'subscriberCount': '5340', 'videoCount': '168'}",https://yt3.ggpht.com/ytc/AIdro_l-lp9aHc0JH5IjkpQfN3KQ1YSItOMHgIj7N2jZAFMTrGc=s240-c-k-c0x00ffffff-no-rj,"Photography Tutorials ""Landscape Photography"" ""Nature Photography""","[{'title': 'John Hardenne Celebration of Life', 'link': 'https://www.youtube.com/watch?v=I9lGfo59bog'}, {'title': 'John Hardenne - Celebration of LIfe', 'link': 'https://www.youtube.com/watch?v=m96n0c_kPFc'}, {'title': 'Working with Light Webinar', 'link': 'https://www.youtube.com/watch?v=oobyYVHKzqE'}]"
Darius Doctor,https://www.youtube.com/channel/UCPlDMzo6GPWWUTRAsWzjBJw,@dariusdoctor4426,2018-10-04T15:15:01Z,"{'viewCount': '6', 'subscriberCount': '1', 'videoCount': '2'}",https://yt3.ggpht.com/ytc/AIdro_kBMJ2JACIJABxnMvKlwZHKMD4sXEje_t8qM9sjTXY=s240-c-k-c0x00ffffff-no-rj,,"[{'title': 'TunderIsland3D', 'link': 'https://www.youtube.com/watch?v=RkJQtymyMSg'}, {'title': '3D Animation Tutorial', 'link': 'https://www.youtube.com/watch?v=zT9S7p74kV4'}]"
Subhajit DasGupta,https://www.youtube.com/channel/UCB4rL8GXIE9dso9d01IVFiw,@dasguptasubhajit,2009-03-01T15:15:39Z,"{'viewCount': '5298', 'subscriberCount': '11', 'videoCount': '212'}",https://yt3.ggpht.com/ytc/AIdro_nyWgzHDh0I2CLHeIzMFUFdxwIHEG3U3nAgQWp99Z4=s240-c-k-c0x00ffffff-no-rj,,"[{'title': 'India 2024 Part 1', 'link': 'https://www.youtube.com/watch?v=xeMM8AtR3yc'}, {'title': 'SolarEclipse2023', 'link': 'https://www.youtube.com/watch?v=fPlDrPOgHmY'}, {'title': 'DeadHorse2022', 'link': 'https://www.youtube.com/watch?v=_YARUsC3_qE'}]"
Manish Mamtani Photography,https://www.youtube.com/channel/UCkAkD1Us58p1PzgCoZlFumg,@manishmamtaniphotography3694,2016-09-17T16:59:27Z,"{'viewCount': '29765', 'subscriberCount': '496', 'videoCount': '23'}",https://yt3.ggpht.com/ytc/AIdro_lSPV12zVkSarkm9nEuTzk0BTGgMWhUIXCZww_1iSAkeQ=s240-c-k-c0x00ffffff-no-rj,Photography Landscape Astro Infrared,"[{'title': 'New Hampshire Fall Foliage. Beautiful and Relaxing.', 'link': 'https://www.youtube.com/watch?v=4aO9k5HR9kw'}, {'title': 'Gateway Camera Club hosts Manish Mamtani ""Astrophotography""', 'link': 'https://www.youtube.com/watch?v=D0zgFQJdo60'}, {'title': 'Timelapse video of Moon taken in 2020 at Nubble, Scituate, Graves, and Boston Lighthouse.', 'link': 'https://www.youtube.com/watch?v=PCYiorvU-l8'}]"
Michele Noulos,https://www.youtube.com/channel/UC8d2Meb_0zWou7O1NtsF9qA,@michelenoulos7688,2017-10-05T11:38:12Z,"{'viewCount': '15', 'subscriberCount': '0', 'videoCount': '31'}",https://yt3.ggpht.com/ytc/AIdro_koFQx21-vlEhn03vXLtRcRK2eZZziWTzFbW356T3M=s240-c-k-c0x00ffffff-no-rj,,"[{'title': 'Converter Audio and Video', 'link': 'https://www.youtube.com/watch?v=FjyXX9FoQhA'}, {'title': 'Metabolic Cooking Fat Loss Cookbook', 'link': 'https://www.youtube.com/watch?v=j37IQ9QgubQ'}, {'title': 'Diabetes Loophole', 'link': 'https://www.youtube.com/watch?v=ptBaG4JxCWE'}]"
Christian Sanchez,https://www.youtube.com/channel/UCzuNmlju1WNoUDzZxIOZfaA,@christiansanchez6992,2017-05-22T01:57:53Z,"{'viewCount': '168', 'subscriberCount': '2', 'videoCount': '1'}",https://yt3.ggpht.com/ytc/AIdro_mARQhI1khJwy_L4SagsyTh0NNbWxI9uCk7Oqn4W41S=s240-c-k-c0x00ffffff-no-rj,travel adventure outdoors wander mountains,"[{'title': 'Above Iceland', 'link': 'https://www.youtube.com/watch?v=dTzMEaNSCIE'}]"
Amy Lenster,https://www.youtube.com/channel/UCxWnW6RNszZoROG1a_s33lw,@amylenster3229,2018-01-27T16:50:30Z,"{'viewCount': '2', 'subscriberCount': '0', 'videoCount': '3'}",https://yt3.ggpht.com/ytc/AIdro_lx069LsrW2wLP0GvjRYqVbARcQmMMv6wJsfSmq0Mg=s240-c-k-c0x00ffffff-no-rj,,"[{'title': 'Guitar Success System Guitar Course', 'link': 'https://www.youtube.com/watch?v=-oqALPRlRI0'}, {'title': 'LandScape Photography Tutorials How to Guide.', 'link': 'https://www.youtube.com/watch?v=ZBOnjtb323I'}, {'title': 'Get ripped Tactical Workout Program For Men', 'link': 'https://www.youtube.com/watch?v=fED0PnMLm3g'}]"
RK PHOTOSHOP TUTORIAL,https://www.youtube.com/channel/UCJeXWSfNVRU_dn8zOZEpshw,@rkphotoshoptutorial,2021-12-08T13:09:42.742798Z,"{'viewCount': '1579922', 'subscriberCount': '25400', 'videoCount': '341'}",https://yt3.ggpht.com/1DIVIquLqowqMjgUBGljW1f2CLMlDRuxtGK4UG6PINUsUm6yj4exWL6VzLW0f-TXwFLOqcJW=s240-c-k-c0x00ffffff-no-rj,"""rk photoshop tutorial"" ""album design in photoshop"" ""photoshop album design tutorial"" ""wedding album design photoshop tutorial"" wedding album design ""wedding album"" ""album design"" photoshop ""photoshop tutorial"" ""photoshop cc"" ""bride album design"" ""photo editing"" ""wedding album design"" ""12x36 album design""","[{'title': 'How To Create Wedding Album Design in Photoshop #WeddingAlbumDesign', 'link': 'https://www.youtube.com/watch?v=Pcw_otxBzyQ'}, {'title': 'How To Create Wedding Album Design in Photoshop #WeddingAlbumDesign', 'link': 'https://www.youtube.com/watch?v=VhFH87XJi9c'}, {'title': 'How To Create Wedding Album Design in Photoshop #WeddingAlbumDesign', 'link': 'https://www.youtube.com/watch?v=3Y0DDTKg92Q'}]"
Photoshop Tamil Tutor,https://www.youtube.com/channel/UC4epnr_qZ1VL5Fo-KK_M2wQ,@photoshoptamiltutor,2023-04-03T12:33:52.471784Z,"{'viewCount': '388724', 'subscriberCount': '9620', 'videoCount': '158'}",https://yt3.ggpht.com/FbXzZZHnj-P7k9VU2zSQ14R875DwJKsTKatuOXENmKkdu9goLHKVTUr7jdVNjjQU7PPxTFA1wGg=s240-c-k-c0x00ffffff-no-rj,"""adobe photoshop"" ""adobe photoshop tutorial"" photoshop ""photoshop tutorial"" ""photoshop basics"" ""how to use photoshop"" ""adobe photoshop 2023"" ""photoshop tutorials"" ""learn photoshop"" ""photoshop cc"" ""adobe photoshop crack"" ""photoshop 2023"" ""adobe photoshop 2023 crack"" ""photoshop tutorial for beginners"" adobe ""photoshop for beginners"" ""adobe photoshop cc"" ""photoshop cc tutorial"" ""adobe photoshop 2021"" ""learn adobe photoshop"" ""adobe photoshop basics"" ""adobe photoshop crack 2022"" ""photo manipulation""","[{'title': 'Digital Art Hair Drawing வரைவது எப்படி | | Digital Art | Photoshop Beginners', 'link': 'https://www.youtube.com/watch?v=GEaqR4cEAkU'}, {'title': 'How to make Birthday Poster Design in Photoshop | Photoshop Beginners', 'link': 'https://www.youtube.com/watch?v=oj8WWVxAnWs'}, {'title': 'Photoshop-ல் Birthday Poster Design பண்ணுவது எப்படி? சுலபமாக போட்டோ எடிட்டிங் கற்றுக்கொள்ளலாம் வாங்க', 'link': 'https://www.youtube.com/watch?v=d9Pp8xnu2jk'}]"
Learn Photoshop In Twi,https://www.youtube.com/channel/UC7E8-XjCPlpX6GmQglvJs9w,@learnphotoshopintwi,2022-09-18T20:37:35.507936Z,"{'viewCount': '38359', 'subscriberCount': '1260', 'videoCount': '74'}",https://yt3.ggpht.com/8ZhSZoVuS6dYW--fp90SrFMeUVoAuvjZPusS10nJ3mJ2hPVrYt2kTKlQDlcDmlPQdlB-JeSL0Q=s240-c-k-c0x00ffffff-no-rj,,"[{'title': 'Photoshop for beginners Master Class: How to design a church flyer | Another Lesson', 'link': 'https://www.youtube.com/watch?v=pzyhY2-y-og'}, {'title': '3D STANDOUT EFFECT Photoshop Tutorial', 'link': 'https://www.youtube.com/watch?v=kI7ECtq4ANY'}, {'title': 'Photoshop Tutorial - Banana Photo Manipulation In photoshop || Typography', 'link': 'https://www.youtube.com/watch?v=HJdpajVq92Q'}]"
Photoshop tutorial  786,https://www.youtube.com/channel/UCMyVPEk52ZdfOVJxW3FhOcA,@samimmondal316,2024-05-17T16:38:38.44609Z,"{'viewCount': '131103', 'subscriberCount': '360', 'videoCount': '314'}",https://yt3.ggpht.com/OCiU8W8xtggtOJ38EdbExNPrb7GZybcqpzBvLCEOIfPoNRPBSQSSWUjbfDjz6p__FUdb2ZXh3A=s240-c-k-c0x00ffffff-no-rj,"""Photoshop tutorial 786"" ""Photoshop cc"" ""Photoshop cc edit"" ""Photoshop video"" ""photoshop drowing tutorial video"" ""photoshop short video"" ""photoshop 2024 tutoral"" ""photoshop tutorial 2024"" ""photoshop tutorial effects"" ""photoshop tutorial bangla"" ""photoshop tutorial logo design"" ""photoshop tutorial poster"" ""photoshop tutorial in amharic"" ""photoshop tutorial manipulation"" ""photoshop tutorial graphic design"" ""photoshop tutorial easy"" ""photoshop tutorial for beginners"" ""photoshop tutorial in hindi""","[{'title': 'Adobe illustrator Ai #shorts #illustrator #logo', 'link': 'https://www.youtube.com/watch?v=N2yf_hOCgDA'}, {'title': 'Ai Adobe illustrator Pattern Brush', 'link': 'https://www.youtube.com/watch?v=Hh6gocwwQqI'}, {'title': 'Eraser tool in Adobe illustrator#shorts #illustrator #designer #creative', 'link': 'https://www.youtube.com/watch?v=GLdI4YT6kw0'}]"
Real Tutorial,https://www.youtube.com/channel/UCKU3N68Fo2B0RBL8LrqGeUA,@realtutorial550,2019-12-29T13:33:23.283704Z,"{'viewCount': '30009896', 'subscriberCount': '627000', 'videoCount': '124'}",https://yt3.ggpht.com/ytc/AIdro_lZ48V9SJLiABDW72i3BxG5_jUojxd8HjUyh7gE22fofg=s240-c-k-c0x00ffffff-no-rj,"""Real Tutorial"" ""Computer Tutorial"" ""Computer course"" Photoshop ""Tally ERP"" ""Excel Tutorial"" ""Learn More"" ""Computer Tips in Hindi"" ""REAL TUTORIAL"" ""Real Tutorials""","[{'title': 'How to Create a Talking AI Voice Character | Faceless Video Tutorial', 'link': 'https://www.youtube.com/watch?v=HyojA-r479E'}, {'title': '🤯 FREE AI Song Generator! Suno AI Tutorial: Create Music From Scratch', 'link': 'https://www.youtube.com/watch?v=jpAHUznnyQU'}, {'title': 'INSTAGRAM Trending Ghibli art Image Create with 1 Click | Ghibli style Image Generator', 'link': 'https://www.youtube.com/watch?v=XxqYvZ9_XHU'}]"
Endless Knowledge / Photoshop tutorial,https://www.youtube.com/channel/UCHJBrJGHXZixAKmkcLPRsUQ,@endlessknowledgephotoshopt7655,2021-05-16T08:59:16.578185Z,"{'viewCount': '340', 'subscriberCount': '20', 'videoCount': '5'}",https://yt3.ggpht.com/nLo7CDddgBr8DbXRzSpPvUsGzSRsdTF0DeKJh4SutfIJU44XR5jxLVPIH4SG3p74_W8ICtVtNQ=s240-c-k-c0x00ffffff-no-rj,,"[{'title': 'How to create passport size Photo with actions in Adobe Photoshop tutorial videos...', 'link': 'https://www.youtube.com/watch?v=G_BvCsC8OmQ'}, {'title': 'How to Transform Photo into Awesome/ Pencil DRAWING in photoshop - Tamil...', 'link': 'https://www.youtube.com/watch?v=QhqCMQAngOI'}, {'title': 'How to Remove Background in photoshop CC - Using Pen Tool..', 'link': 'https://www.youtube.com/watch?v=PDWBgu9UcCw'}]"
Shahin The Photoshop Tutorial,https://www.youtube.com/channel/UC5NpbjV6SljxS6tpXf5yNZQ,@shahinthephotoshoptutorial9413,2020-04-22T13:12:12.634501Z,"{'viewCount': '1555', 'subscriberCount': '30', 'videoCount': '4'}",https://yt3.ggpht.com/ytc/AIdro_kSVO66pJIC2fFIbdZ3m6evVws9bykdYc8-afCzNpJs9A=s240-c-k-c0x00ffffff-no-rj,"""photoshop tutorial bangla"" ""photoshop tutorial 2020"" ""photoshop bangla tutorial"" ""photoshop tutorials"" ""adobe photoshop tutorial
51"" photoshop
54 ""adobe photoshop""","[{'title': 'Splatter Effect Photoshop Tutorial | খুব সহজেই এডিট করুন আপনার ছবি!', 'link': 'https://www.youtube.com/watch?v=jILJvu5YKsw'}, {'title': 'Photoshop Tutorial | Best Photo Editing in Photoshop 2015  | New | 2020', 'link': 'https://www.youtube.com/watch?v=S5eYCs5qOE0'}, {'title': 'Photoshop Tutorial | How to Cast Realistic Shadows new video 2020', 'link': 'https://www.youtube.com/watch?v=WyuLzeLQa2g'}]"
Photoshop Tutorial,https://www.youtube.com/channel/UCmXFaT08VJ9ZWXeYUSFXdZg,@photoshoptutorial4541,2017-01-15T04:21:12Z,"{'viewCount': '2', 'subscriberCount': '1', 'videoCount': '1'}",https://yt3.ggpht.com/ytc/AIdro_kycUu0SqYSdJnBhMVYb7qJCPL8TnLImc9-n4vWTm0=s240-c-k-c0x00ffffff-no-rj,,"[{'title': 'Photoshop tutorials', 'link': 'https://www.youtube.com/watch?v=RwgDwQm7dyg'}, {'title': 'Photoshop Tutorial Live Stream', 'link': 'https://www.youtube.com/watch?v=rTCl66BUw1I'}]"
ADOBE PHOTOSHOP TUTORIAL,https://www.youtube.com/channel/UCG1YSg2ToeX9NLuoSFqpfrw,@firepicante-jy1xh,2023-03-01T00:18:38.569193Z,"{'viewCount': '32', 'subscriberCount': '6', 'videoCount': '1'}",https://yt3.ggpht.com/DH21Jgo8kTLaAk4BQyjn6T3fFKSn0dDpd-2uJ5gNvzhkwWZStY8pXBdeBiSetbWNGpb71DYTtUE=s240-c-k-c0x00ffffff-no-rj,,"[{'title': 'How to create multiple filters using adobe photoshop CS3 (Lens flare,Diffuse glow, colored pencil)', 'link': 'https://www.youtube.com/watch?v=7nXUK4-Lf2k'}]"
Raj Banik,https://www.youtube.com/channel/UCGlAvXcHZfSt1ZYdxfxyPGA,@rajbanik007,2023-08-23T08:10:41.807605Z,"{'viewCount': '45497', 'subscriberCount': '237', 'videoCount': '26'}",https://yt3.ggpht.com/nTyMgU6kyTbSFQIMgBiv0reEysYc0J23gNScJ0tfYJI9f53z63KAwAtaGktPScdO522P9tocRA=s240-c-k-c0x00ffffff-no-rj,"""video editing"" ""video editor"" ""how to edit video"" ""premiere pro"" ""mobile editing"" ""short form video editing"" ""how to do video editing"" ""make money online"" ""make money through freelancing"" ""freelancing through phone""","[{'title': 'How to Edit like a PRO| Pro Editor দের সব গোপন তথ্য ফাঁস', 'link': 'https://www.youtube.com/watch?v=bZoW5P-FVbg'}, {'title': 'Fiverr এ Client পাওয়ার Ninija টেকনিক | Get Client on Fiverr Fast', 'link': 'https://www.youtube.com/watch?v=x-Hop7oVWmM'}, {'title': 'Scam হয়ে গেলো Freelancing এ😔😔😔। Freelance Scam', 'link': 'https://www.youtube.com/watch?v=bIpxKICbkSM'}]"
Funny Raj pinki banik 0.2,https://www.youtube.com/channel/UCPz2AAPzEvDW5TdSpCj3DTA,@funnyrajpinkibanik0.2,2023-07-20T18:33:11.966819Z,"{'viewCount': '20198536', 'subscriberCount': '19300', 'videoCount': '3359'}",https://yt3.ggpht.com/DFP_JUWa9jzT20VwGsgRxxfi79MMdfuYQjquY3dPLL43-Xlt2-ofNSg6t548oyRsM0SlrjUApg=s240-c-k-c0x00ffffff-no-rj,"""My first vlog"" ""Riya banik"" ""My first vlog viral"" ""My first vlog viral tricks"" ""My viral video"" ""My first vlog video s"" Vlogs Blog Vloging Vlog ""Vlog video"" Comedy ""Comidy videos"" ""Funny videos"" ""My first youtube video"" ""My first youtube channel"" ""My first vlog viral keyese kore""","[{'title': 'Hlw Everyone👋🌹🧿Pinki banik is live! 🧿🌹❤Raadhe Raadhe 🙏❤#live#highlights', 'link': 'https://www.youtube.com/watch?v=2LFUedhHSyg'}, {'title': 'My finger ☝😃😭🤣#funny #comedy #youtubeshorts #viralvideo #shorts', 'link': 'https://www.youtube.com/watch?v=uGtiapMcIXE'}, {'title': 'Party 🎉🥳🎈 main#funny', 'link': 'https://www.youtube.com/watch?v=6JauXbq_TEY'}]"
RKB-The Dreamy_Travellers,https://www.youtube.com/channel/UC1BUrGI79B2Gh8giswdCz1w,@rkb_avengers,2023-09-13T18:44:50.159933Z,"{'viewCount': '8055', 'subscriberCount': '43', 'videoCount': '41'}",https://yt3.ggpht.com/wrfrmI8BGzYFtP9r5O5QYpaUeiX2z3Xm1TdDndim3ArRTj6SO_8Cctm3607KUa6maTF8MRj-14c=s240-c-k-c0x00ffffff-no-rj,"RKB_AVENGERS ""Bike riding blog"" ""Digha funny video""","[{'title': 'আবারও উত্তপ্ত বাংলাদেশ', 'link': 'https://www.youtube.com/watch?v=ZMoTbahhsvc'}, {'title': 'North sikkim #song #travel #shortvideo', 'link': 'https://www.youtube.com/watch?v=d_GkTXrOnvQ'}, {'title': 'Ganga Sagar#travel #song', 'link': 'https://www.youtube.com/watch?v=H9FwotStaTU'}]"
𝐑𝐀𝐉,https://www.youtube.com/channel/UCaRdMTswnpPsYcxsIRcSRZg,@rajbanik1,2017-01-15T11:47:32Z,"{'viewCount': '2008', 'subscriberCount': '29', 'videoCount': '7'}",https://yt3.ggpht.com/oQS9PC35ZuIqp2VrW3nWJTJlj1CCafJO3vWyRwHIJa9-Ezs6i7eW4GHyohQsg-L-i1AtpsMlWA=s240-c-k-c0x00ffffff-no-rj,,"[{'title': 'All Colour Prediction App h@cked | Colour Game Working Tricks Pro Player Bano | 100% Winning गारंटी', 'link': 'https://www.youtube.com/watch?v=K4iND_p6Wac'}, {'title': 'Coochbehar Rajbari | কোচবিহার রাজবাড়ী | Historical Place | Coochbehar |', 'link': 'https://www.youtube.com/watch?v=uNdIF7EIYAg'}, {'title': 'Raiganj Durga pujo 2021 ll Traditional & pandel pujo ll Travel Vlogs ll with Friends ll Raj vlogs', 'link': 'https://www.youtube.com/watch?v=5TqMKG-NuxQ'}]"
Zishan Dhar,https://www.youtube.com/channel/UC4J1l2wZ--0pbR8ESpqbYqQ,@zishandhar8681,2021-05-23T06:39:10.65747Z,"{'viewCount': '245', 'subscriberCount': '23', 'videoCount': '8'}",https://yt3.ggpht.com/8tfYSPiKc13oGYCFHKamEFZbaD4nES3gJKedRSF5I2L7fvgrHfPMJgmdprkhq4Et1662pRIIG6w=s240-c-k-c0x00ffffff-no-rj,"Song Music ""Bollywood songs"" ""Bangla songs"" ""Raj Barman""","[{'title': 'Tu Hi Toh Hai Khuda - Raj Barman, Darshana Banik | Baman & Chand | Sunil Mattu |\xa0', 'link': 'https://www.youtube.com/watch?v=td5HAKtLAVU'}, {'title': 'BELIYA -Raj Barman Unplugged |', 'link': 'https://www.youtube.com/watch?v=scRnv1satDY'}, {'title': 'Aap Ki Nazron Ne Samjha | Raj Barman | Shorts | Unplugged.....💕💕', 'link': 'https://www.youtube.com/watch?v=1TK2sZDIBzs'}]"
music circle tv,https://www.youtube.com/channel/UCTcHmCHEL5Ssx7xqb-v9Fyw,@musiccircletv8571,2021-04-18T02:20:39.328649Z,"{'viewCount': '37252', 'subscriberCount': '96', 'videoCount': '49'}",https://yt3.ggpht.com/sJXCV6egxbcubScaMR7UnvMBR6er6bw6whzWPhidU-sTaOfbMDEJzt5by7M8TxMY6_mQwdwA8A=s240-c-k-c0x00ffffff-no-rj,,"[{'title': 'Kavya Thapar | Stebin Ben | Kausaramot | Zee Music OriginalsLeja Leja Re Mahi - Rohan Mehra & #short', 'link': 'https://www.youtube.com/watch?v=c4Wv3RsL9Tc'}, {'title': 'Vighnaharta | ANTIM: The Final Truth lalman Khan, Aayush S, Varun Dhawan | AjayG, Hitesh,Vaibhav.', 'link': 'https://www.youtube.com/watch?v=7lLQmAMKZx8'}, {'title': '#RashmiRocket #Taapseepannu #GhaniCoolChori #AmitTrivedi #Bhoomi #Garba #Dance #Happy #Fun #Love', 'link': 'https://www.youtube.com/watch?v=hXuCJGTwyvw'}]"
MR-apna music,https://www.youtube.com/channel/UCrIP353i6d5nh5JrIXIGwjA,@mr-apnamusic462,2021-02-16T13:24:27.761165Z,"{'viewCount': '877', 'subscriberCount': '31', 'videoCount': '15'}",https://yt3.ggpht.com/TdOGcjWuL5lyfv0whLzCrPN2-QkoWbIw-RJ0nqVep9piTTjbxvW47zW7OCGpBSTpkG5aoqIevw=s240-c-k-c0x00ffffff-no-rj,"""Music channel"" ""MR new music"" ""channel MR"" new music ""new music"" channel ""MR new music""","[{'title': 'Tum Mile To Lamhe Ban Gaye (Lofi flip remake) Neeraj Shridhar New Song', 'link': 'https://www.youtube.com/watch?v=nl1WPloZaac'}, {'title': 'I Feel Tere Naal Mainu Pyaar Ho Gaya Hardeep Singh   Black Virus   Harj Maan   Latest Punjabi Songs', 'link': 'https://www.youtube.com/watch?v=QlsH3CIkdIs'}, {'title': 'Tu Hi Toh Hai Khuda   Raj Barman  Darshana Banik  new hindi music, tu hi to hai khuda', 'link': 'https://www.youtube.com/watch?v=HZO7_7eOCME'}]"
The Banik,https://www.youtube.com/channel/UChCNaVTJ11fAt1TRRKrs5FA,@thebanik9109,2018-05-26T16:11:19Z,"{'viewCount': '1812', 'subscriberCount': '15', 'videoCount': '27'}",https://yt3.ggpht.com/ytc/AIdro_m_R3IAH0GOM3wowkClc1gIzpGF9G6auKQqroNpbZwC5Ms4=s240-c-k-c0x00ffffff-no-rj,,"[{'title': '#Whatsapp Statas || ❤ তুমি রবে নীরবে ❤ || Whatsapp status 2021 || The Banik ||', 'link': 'https://www.youtube.com/watch?v=0FbiIyd_7_U'}, {'title': '#whatsappstatus2021 || Faisla le le hausla de de Tere rang mainu  rang juliya ||', 'link': 'https://www.youtube.com/watch?v=4JXREKSTpig'}, {'title': '#motivate  #whatsappstatus2021 #TheBanik', 'link': 'https://www.youtube.com/watch?v=0n_B-kEhFJo'}]"
Shahnawaz,https://www.youtube.com/channel/UC0AqQuUT54KyRmgdjq8Whsw,@shahnawaz1-01,2018-08-24T19:02:53Z,"{'viewCount': '8651', 'subscriberCount': '52', 'videoCount': '43'}",https://yt3.ggpht.com/BP1wpUS1eSJyVGToRfj8vIHVYgh8ZElb0u0Rb93LSlPcI-QybI2djG2XVfGLXSn55xredRteEA=s240-c-k-c0x00ffffff-no-rj,,"[{'title': 'Molana Tariq Jamil Emotional bayan||', 'link': 'https://www.youtube.com/watch?v=McUhOj5sOZY'}, {'title': 'Tere Siwa Pana Hai Kya || ( Antim) lyrics Video', 'link': 'https://www.youtube.com/watch?v=YO6j-saPgqM'}, {'title': 'Tu Mera Misra Hai || 😘Love Song', 'link': 'https://www.youtube.com/watch?v=mMF9TWUcdmI'}]"
roshni & banik,https://www.youtube.com/channel/UCT0lJAaH8luH6Cs9uspzDAQ,@banikroy-fw1ik,2023-03-14T10:25:50.368564Z,"{'viewCount': '28643', 'subscriberCount': '53', 'videoCount': '22'}",https://yt3.ggpht.com/TCHoFNRkOkuxmkwYviR7WxNCrxfBvcxNqAqoWsKG9rsu0NaHfCx6S--oeYjqyE4pTBbMm3EU=s240-c-k-c0x00ffffff-no-rj,"""desi vlogs."" ""family vlogs."" ""daily vlogs."" ""daily life style vlog."" vlogger. blog. vlog. vlogs. roshni. banik. ""roshni & banik vlogs."" ""roshni banik."" ""roshni & banik.""","[{'title': 'Nacha Ye Balamua Khesari Style Me | Shilpi Raj | #bhojpuri #shortsfeed #short #shortvideo #viral', 'link': 'https://www.youtube.com/watch?v=0vdEeAddyIE'}, {'title': 'dhani ho sab dhan | pawan singh | #bhojpuri #ytshorts #short #shortsfeed', 'link': 'https://www.youtube.com/watch?v=OSUX1qVw-W0'}, {'title': 'सुना है आबा | pawan singh | #bhojpuri #shortsfeed #ytshorts #shortvideo #short', 'link': 'https://www.youtube.com/watch?v=PipBXtI-fzg'}]"
SnowAngee,https://www.youtube.com/channel/UCIQ5Na9Gx2FXzGVoabmAk8w,@snowangee4276,2020-05-06T18:51:16.566397Z,"{'viewCount': '2715943', 'subscriberCount': '23400', 'videoCount': '197'}",https://yt3.ggpht.com/ytc/AIdro_kGh-P9wqEhLwkw6ZgtzEtldX3sw_0UQaiCCH1UczxKTGI=s240-c-k-c0x00ffffff-no-rj,,"[{'title': 'Bade Miyan Chhote Miyan Song REACTION!! | Amitabh Bachchan & Govinda', 'link': 'https://www.youtube.com/watch?v=88S_JAVYiuY'}, {'title': 'PATRI SATISH KUMAR WITH USTAD ZAKIR HUSSAIN REACTION!!', 'link': 'https://www.youtube.com/watch?v=6YOmIEcs2M0'}, {'title': 'High Rated Gabru/Ban Ja Rani | REACTION!! T-Series Mixtape Punjabi | Guru Randhawa, Neha Kakkar', 'link': 'https://www.youtube.com/watch?v=ANUG0-pSS1A'}]"
SANJIB VLOGE97,https://www.youtube.com/channel/UCuyXEbqq_-r9ztX0nCF0-tQ,@sanjibsahu5768,2021-09-20T17:54:58.825772Z,"{'viewCount': '3222', 'subscriberCount': '94', 'videoCount': '57'}",https://yt3.ggpht.com/FeATBIKUJHjf7ospmcJjbwcBXZpNm2yHscZVrrF_-8aI8yV5GvW7mUhBvxMEvACLsvp-cbxDjg=s240-c-k-c0x00ffffff-no-rj,,"[{'title': '#VIDEO | पायल | #Khesari Lal Yadav | #Shilpi Raj | Payal | #Komal Singh | New Bhojpuri Song 2025', 'link': 'https://www.youtube.com/watch?v=IC7IoOCoN_8'}, {'title': '#video Janna Chahte Hain Kaun Hai Sher hai Sher', 'link': 'https://www.youtube.com/watch?v=njEnGjXx_NM'}, {'title': 'Power Star Pawan Singh - Ghaghari Official Bhojpuri Teaser 2025 Ft. Shweta Sharma | T-Series', 'link': 'https://www.youtube.com/watch?v=Gu7a-ntYTrQ'}]"
Shashibhaiofficel2,https://www.youtube.com/channel/UCdjnhqP66FN_kVUTHo6eNJA,@shashibhaiofficel___8m,2024-09-01T10:34:09.259564Z,"{'viewCount': '170667', 'subscriberCount': '646', 'videoCount': '167'}",https://yt3.ggpht.com/T3DUjw4t_Oy-ScEe_hAqJZgC4XVboOGbF_sxG3f7KURNMAzYotllgU_2fp5Ot4CzmdsvFeg6oQ=s240-c-k-c0x00ffffff-no-rj,,"[{'title': '#song', 'link': 'https://www.youtube.com/watch?v=wOLpAOIFPdM'}, {'title': '#love #song #sad #romantic #ytshorts #shortvideo #trendingvideo #hindisong #sadsong', 'link': 'https://www.youtube.com/watch?v=5DeiSZqy7A0'}, {'title': 'love you #song #vikmar', 'link': 'https://www.youtube.com/watch?v=aStRK8Wm-l8'}]"
Apna Nishad Official ,https://www.youtube.com/channel/UCS_UhKtpYD-1GetKbOjGjNg,@apnanishadofficial1,2021-12-30T13:18:16.220161Z,"{'viewCount': '1457', 'subscriberCount': '135', 'videoCount': '59'}",https://yt3.ggpht.com/B38Ijki0-aHuNu8v8ss5rgFQyocdFmDXJcEecymC474hKCI4GbLOW6ooZVKVjXNPmGEwuEQy=s240-c-k-c0x00ffffff-no-rj,"""Apna Nishad Official"" ApnaNishadOfficial ApnaNishad ""Apna Nishad"" ""Apna Dance"" ""Apna reels"" ""Action Spoof video"" ""Trending video viral"" Reels Viral Shorts ""Hindi Dubbed"" ""Apna Nishad shorts"" ""Nishad shorts"" ""Pawan Singh new"" ""Khesari Lal Yadav"" ""Nilkamal Singh"" ""Sauth Action video"" ""91999 90975"" 9801179000 6203410066 8851795057 ""Apna Nishad Official""","[{'title': 'Teaser | आहो राजा | Power Star Pawan Singh | Feat - Darshana Banik ...YouTube · Wave Music1 day ago', 'link': 'https://www.youtube.com/watch?v=aZhF9Neu5T0'}, {'title': 'Teaser | आहो राजा | Power Star Pawan Singh | Feat - Darshana Banik ...YouTube · Wave Music1 day ago', 'link': 'https://www.youtube.com/watch?v=S2UeKZ7tAlI'}, {'title': 'Teaser | आहो राजा | Power Star Pawan Singh | Feat - Darshana Banik ...YouTube · Wave Music1 day ago', 'link': 'https://www.youtube.com/watch?v=ke7WYfBb3J8'}]"
Green Charm Music,https://www.youtube.com/channel/UC-K8RhJJbHc3KyZXN1QF7fQ,@greencharmmusic,2016-11-10T05:49:24Z,"{'viewCount': '124013', 'subscriberCount': '1460', 'videoCount': '48'}",https://yt3.ggpht.com/hsin56jf1rgyreCBtWNU7CjJrJc_4PHmqoArA9z8XYPVqbYjh1DrktMQO7YMywvctKJrgGwP=s240-c-k-c0x00ffffff-no-rj,,"[{'title': 'Kene Tui Val Basis na (Lyrical Video) | Indranil | Samima Sammi @Nongrasushant', 'link': 'https://www.youtube.com/watch?v=zeSuts4IsLQ'}, {'title': 'Udashi Somoy Toke Mone Pore Aj (Bengali Song) | Ft. Smritikona Saha | Sunny | Indranil | 2025', 'link': 'https://www.youtube.com/watch?v=nrR3FjehA1I'}, {'title': 'Tumi Sukhi Hobe | Swarno Raj | Audio Song | #Mp3', 'link': 'https://www.youtube.com/watch?v=oZ-CsvVwHk8'}]"
How to Graphic Design,https://www.youtube.com/channel/UCJneT8kR87YUTTi_jUEcg5w,@howtographicdesign,2013-12-06T16:17:52Z,"{'viewCount': '5582369', 'subscriberCount': '162000', 'videoCount': '685'}",https://yt3.ggpht.com/ytc/AIdro_lT4pwvTCrcfaStuz7H9lXxijgW1wvJ1pyjJKcZOLjKqw=s240-c-k-c0x00ffffff-no-rj,"""How to Graphic Design"" ""Adobe Illustrator CC Tutorials"" Photoshop ""adobe creative cloud tutorial"" ""vector graphics tutorials"" ""illustrator tutorials"" ""flat designs"" illustrator adobe ""creative cloud"" ""audition tutorials"" ""premier pro tutorials"" #illustrator #GraphicDesign #VectorArt ""adobe illustrator"" ""adobe illustrator tutorials"" ""adobe illustrator tutorial in urdu"" ""adobe illustrator logo design"" ""adobe illustrator tutorials in hindi"" ""adobe illustrator full course"" ""adobe illustrator for beginners"" ""adobe after effect"" ""GIF animation""","[{'title': 'Adobe Illustrator CC Tutorial - How to Work with Panels', 'link': 'https://www.youtube.com/watch?v=DFldwQktRh4'}, {'title': 'Adobe Illustrator CC tutorial - How to make a Vector Fruit Design 😱 #shorts #illustrator', 'link': 'https://www.youtube.com/watch?v=RB2s5jDXuvI'}, {'title': 'Adobe illustrator CC Tutorial - How to make a Flat Radio Design #shorts #illustrator', 'link': 'https://www.youtube.com/watch?v=bp6lNQnm9P0'}]"
Theoracletz,https://www.youtube.com/channel/UCtvUTjvj9yrw7uulKdmxoJw,@theoracletz,2021-02-16T06:30:48.196485Z,"{'viewCount': '46312', 'subscriberCount': '1680', 'videoCount': '130'}",https://yt3.ggpht.com/vSD0IRtrTJ7ZlVpX_QpRAbEFiNapzHk2wIJPm9OM_HFN1WpeIfOZvjn8DxMg3BcJAULnutTPbQ=s240-c-k-c0x00ffffff-no-rj,"""photoshop art"" photomanipulations ""photoshop design"" ""jifunze photoshop kwa kiswahili"" ""creative designer"" ""photoshop in swahili"" ""illustrator kwa kiswahili"" art ""master illustrator"" ""master photoshop"" ""swahili grahics"" theoracletz ""illustrator technique"" ""photoshop technique"" design ""all photoshop feautures"" wasafi ""duamond platnumz"" harmonize ""simba sports tanzania"" yanga ""magoli ya yanga"" ""magoli ya fiston mayele"" ""sports arena"" ""millard ayo"" photoshop2022","[{'title': 'Poster design 🔥🔥', 'link': 'https://www.youtube.com/watch?v=jvDwLi1iwLs'}, {'title': '💪💪 #posterdesign', 'link': 'https://www.youtube.com/watch?v=KiZKenwcQCE'}, {'title': 'Focus \U0001faf6✊.                                    #photoshop #dance #posterdesign', 'link': 'https://www.youtube.com/watch?v=32DZoN931vM'}]"
Swerve Tutorials,https://www.youtube.com/channel/UC9kxpA_FHEsXX1xWMb-Egow,@swervedesignsuk,2012-10-29T11:39:12Z,"{'viewCount': '4989648', 'subscriberCount': '162000', 'videoCount': '107'}",https://yt3.ggpht.com/ytc/AIdro_m_lriWOguDNcCoKno29KPflfWj4WKRWLXmxSchn9b70QY=s240-c-k-c0x00ffffff-no-rj,"Swerve ""Graphic design"" Tutorials Photoshop Illustrator Adobe Voiceover","[{'title': 'Acer Spin 7 by Swerve® ft. Jack Harvatt', 'link': 'https://www.youtube.com/watch?v=0TsbdvLOwOY'}, {'title': 'Adobe Stock x Swerve® | Hovering Art Director (Unboxing + Giveaway)', 'link': 'https://www.youtube.com/watch?v=djrik6FHlt0'}, {'title': 'Swerve® Trailer 2', 'link': 'https://www.youtube.com/watch?v=hzQYRqiYVRM'}]"
Photoshop Tutorials by Theoracle,https://www.youtube.com/channel/UCqCjkdf8zickMqDU9buRZpg,@photoshoptutorialsbytheora904,2021-12-05T09:33:33.888172Z,"{'viewCount': '17', 'subscriberCount': '0', 'videoCount': '1'}",https://yt3.ggpht.com/Lx3Flq-3PrjxXQdkrfS7-byi0GX2Yxz8pDqkzE1TobP14wunUaHhlQoiJ0XKzMWJAvPDiNrH2g=s240-c-k-c0x00ffffff-no-rj,"""creative eyes"" ""graphic design"" photomanipulation photoshop illustrator ""adobe photoshop"" ""adobe illustrator"" creative designer design art photoshopart illustratorart typography ""typography technique"" ""illustrator techniques"" ""design art"" ""photoshop retouching"" ""learning photoshop"" ""learning illustrator"" ""adobe products"" ""master photoshop"" ""master illustrator"" ""master graphic design""","[{'title': 'Photoshop: Create a Powerful, Dramatic, Deep, Overlapping Text Effect with Reflection', 'link': 'https://www.youtube.com/watch?v=_5ofc_JdyrA'}]"
MutualGrid Photoshop Tutorials,https://www.youtube.com/channel/UCe8INVbLVtIXrxl47s-s4Ng,@mutualgridtutorials65,2014-03-11T14:23:22Z,"{'viewCount': '2007849', 'subscriberCount': '37500', 'videoCount': '186'}",https://yt3.ggpht.com/ytc/AIdro_kauyJxxrLTWLn-mbPSMjcKMFwnUV2D3jqjHUq11QRFads=s240-c-k-c0x00ffffff-no-rj,"""Photoshop Tutorials"" MutualGrid ""How to"" DIY Tamil","[{'title': 'Ponniyin Selvan 1 - PS1 | Title Making - Picsart Tutorial | MutualGrid', 'link': 'https://www.youtube.com/watch?v=XDS1HsNjZHU'}, {'title': 'Ponniyin Selvan 1  (PS-1) | Title Making Font Download | Photoshop Tutorial | MutualGrid', 'link': 'https://www.youtube.com/watch?v=1DsnNlYjDwk'}, {'title': 'Thunivu - Thala Ajith | Font Download | Picsart Tutorial | MutualGrid', 'link': 'https://www.youtube.com/watch?v=0Gq2T7WxzK8'}]"
Master Photoshop Tutorials,https://www.youtube.com/channel/UCaIL-BZFjo4dlCf07b1Zk_w,@masterphotoshoptutorials,2016-06-26T15:48:20Z,"{'viewCount': '3446536', 'subscriberCount': '6090', 'videoCount': '1420'}",https://yt3.ggpht.com/J_RpoAcIei0vYTAOH-BxbUKL95qP8V2JrQhTodauwy-HefKcpInFu_R3Pa9fk38o6-Lx7UzqVg=s240-c-k-c0x00ffffff-no-rj,"""Photoshop Tutorials"" ""Adobe Illustrator"" ""Adobe Photoshop"" photoshop ""text effect"" ""photoshop text effects"" ""how to make 3d text in photoshop"" ""text effect in adobe illustrator"" ""3d text effect"" ""3d font photoshop"" ""photoshop text 3d"" ""photoshop text design"" ""Photoshop 3d text effect"" ""3d photoshop"" ""photoshop text effect"" ""3d text"" ""text effect"" ""Photoshop tutorials"" ""Graphic Design Tutorial"" ""Photoshop Tips and Tricks"" ""Creative Photoshop Effects"" """"Photoshop Tutorial Series""","[{'title': '3D Text Effect Photoshop | How to Create Stunning 3D Text in Photoshop || 3D Premium text effect', 'link': 'https://www.youtube.com/watch?v=cPh6sX_NFYA'}, {'title': 'Premium 3D Text Effect in Photoshop – Ultimate Guide for Stunning Typography! 27', 'link': 'https://www.youtube.com/watch?v=qiSgXjyDG1Q'}, {'title': 'Premium 3D Text Effect in Photoshop – Ultimate Guide for Stunning Typography! 26', 'link': 'https://www.youtube.com/watch?v=WU0v5Oe9bIE'}]"
Photoshop tutorials (HYGR),https://www.youtube.com/channel/UCyzvH6xqfnRRX3e0RpPuolQ,@photoshoptutorials3034,2018-11-22T00:41:11Z,"{'viewCount': '11', 'subscriberCount': '2', 'videoCount': '3'}",https://yt3.ggpht.com/ytc/AIdro_mplXbEs7ignSJLpAKSWjNRZx57tAbJt-sH-hTUGXPuFA=s240-c-k-c0x00ffffff-no-rj,hgdc,"[{'title': 'PHOTOSHOP TUTORIAL:LETTER PORTRAIT tutorial', 'link': 'https://www.youtube.com/watch?v=fooEIpJXfPY'}, {'title': 'PHOTOSHOP TUTORIAL: PHOTO MANIPULATION EFFECT', 'link': 'https://www.youtube.com/watch?v=BawN1owAlME'}, {'title': '[PHOTOSHOP] 3D EFFECT  PHOTO MANIPULATION', 'link': 'https://www.youtube.com/watch?v=mAunweKJFIo'}]"
How ,https://www.youtube.com/channel/UCb46rYxLI_qcFa3iX18jWZA,@how-0008,2023-09-12T17:12:08.023318Z,"{'viewCount': '2433', 'subscriberCount': '72', 'videoCount': '20'}",https://yt3.ggpht.com/uKM9qDFUW5MUh118gIkYbEiak7yevriT-59TFQWsF_wbjCr0OmEyWicxfTM_n8-8Q9vKt3YV=s240-c-k-c0x00ffffff-no-rj,"""Graphic design tutorial."" ""Logo design"" ""Photoshop tutorial"" ""Illustrator tutorial"" ""Graphic design tips"" ""Typography tutorial"" ""Digital art tutorial"" ""Branding design""","[{'title': 'Adobe Photoshop Tutorial #photoshop #clippingmask#design #adobe #graphicdesign #graphics #tutorial', 'link': 'https://www.youtube.com/watch?v=h1xgcrsJcKI'}, {'title': 'Adobe Photoshop tutorial #photoshop #howtodesignattractivepostincanva #design  #adobe', 'link': 'https://www.youtube.com/watch?v=Gg3J7cHqGUs'}, {'title': 'Social Media Post Design | Adobe Photoshop Tutorial .', 'link': 'https://www.youtube.com/watch?v=rxDDHqqw9FA'}]"
PROEML GRAPHIC,https://www.youtube.com/channel/UCAvxEUklOgwvcLFGDJgzeDg,@proemlgraphic,2017-07-07T01:25:27Z,"{'viewCount': '921797', 'subscriberCount': '16000', 'videoCount': '127'}",https://yt3.ggpht.com/Hc9Mnehi7MvDLSp7POHjyynmyQzz-WwmWyBdRADyIRNxE84wHKVoOGjdJWHSCdoIK3S9La15tEI=s240-c-k-c0x00ffffff-no-rj,"""PROEML GRAPHIC"" ""graphic design tutorials for beginners"" ""graphic design"" ""photoshop tutorial"" ""logo design"" ""graphic design course"" illustrator ""logo editing"" ""banner editing"" ""photoshop tutorial for beginners"" ""graphic design full course""","[{'title': 'DJI Pocket 3 Camera #shorts #djipocket3 #Pocket3Dji', 'link': 'https://www.youtube.com/watch?v=MwdMF9vzSGc'}, {'title': 'Photoshop social media design tutorial | Photoshop Design Tutorial', 'link': 'https://www.youtube.com/watch?v=4z_AyD7ReLQ'}, {'title': 'Photoshop Tutorial | Creating Stunning Designs | Product Manipulation Photoshop Tutorial', 'link': 'https://www.youtube.com/watch?v=bKCSmTfLLnQ'}]"
Photoshop tutorials,https://www.youtube.com/channel/UCPyTzLameMxuR7BIuxE0w1w,@photoshoptutorials6595,2014-02-26T23:29:55Z,"{'viewCount': '4182', 'subscriberCount': '19', 'videoCount': '1'}",https://yt3.ggpht.com/ytc/AIdro_mb9iAMmKSDEtgVLujSA8KHpgMJmrR2FSpVfmdQX68=s240-c-k-c0x00ffffff-no-rj,,"[{'title': 'Photoshop CS6 Speed Design | What do graphic designers do | Graphic design software', 'link': 'https://www.youtube.com/watch?v=0CGHRTBxNzE'}]"
Creative Tutorials In Graphic Design,https://www.youtube.com/channel/UC4pY29QdSxdaeeblzWMADZg,@creativetutorialsingraphic1605,2015-04-10T15:40:47Z,"{'viewCount': '15489', 'subscriberCount': '253', 'videoCount': '19'}",https://yt3.ggpht.com/ytc/AIdro_lsNsn8ZqrbXxJsi2dcTqTkRco7usaj6YkYufytd90Tdbo=s240-c-k-c0x00ffffff-no-rj,"""photoshop tutorials"" ""graphic design"" ""creative study"" illustration ""adobe illustrator"" ""photo editing"" ""photos manipulation"" ""vector art"" ""text effects"" ""logo tutorial"" ""adobe photoshop"" ""drawing texture patern"" ""logo design"" ""photo filter"" adobe cc ""creative cloud""","[{'title': 'Adobe Illustrator - How to create an Isometric 3D Logo (Letter P)', 'link': 'https://www.youtube.com/watch?v=ARr1o7zbAfk'}, {'title': 'Adobe Illustator - How to draw the heart shape in 3 ways', 'link': 'https://www.youtube.com/watch?v=C4dykiGvYlk'}, {'title': 'Photoshop Tutorials | The Easy and the Best Way to Whiten Teeth', 'link': 'https://www.youtube.com/watch?v=a02OoFl16s8'}]"
Graphic Design By Heba,https://www.youtube.com/channel/UCVUMjnP-SfOPrVnIrH1ZgPQ,@graphicdesignbyheba7593,2021-03-21T12:56:30.896482Z,"{'viewCount': '236', 'subscriberCount': '8', 'videoCount': '3'}",https://yt3.ggpht.com/ytc/AIdro_ktIMhl1880GMeaSbPCQl42d90_AVqqjT6IZDY7ZxQ=s240-c-k-c0x00ffffff-no-rj,"""Graphic designs by Heba"" ""Vector Ilustration"" ""Digital art"" ""Web banner designs"" ""Photoshop tutorials"" ""Illustrator Tutorials"" ""Graphic designs for beginners"" ""Graphic designing course""","[{'title': 'Full Process of Package Design with Mockup in  Photoshop | Product Packaging Design in Photoshop', 'link': 'https://www.youtube.com/watch?v=PVFjTXuLU44'}, {'title': 'How to Create Speed Motion Blur Effect in Photoshop |  Photoshop Tutorial of Motion Blur Effect.', 'link': 'https://www.youtube.com/watch?v=EAeUTIWf3PM'}, {'title': 'Step by Step Professional Web Banner Design Tutorial In Photoshop | Banner Design in Adobe Photoshop', 'link': 'https://www.youtube.com/watch?v=u4M4G41JoNg'}]"
Zi Graphic Designer ,https://www.youtube.com/channel/UC9VBypwEDCcsTz-zqqu4G_g,@zigraphicdesigner,2024-09-27T18:59:42.914835Z,"{'viewCount': '1224', 'subscriberCount': '21', 'videoCount': '26'}",https://yt3.ggpht.com/PnQ8oMhhC-NjEfXsERJfACY6AmHSJnLuhIRMUmImnPdBHxzf5M0Lyx_lECDX1addsISBRfi80Q=s240-c-k-c0x00ffffff-no-rj,"""Graphic Design"" ""Graphic Design Video"" ""Adobe Illustrator"" ""Adobe Photoshop"" ""Logo Design"" ""T-Shirt Design"" Thumbnail ""Instagram Post"" ""Facebook Post"" Mockup Banner ""Book Cover Design"" ""Business Card"" ""Menu Design"" ""Packaging Design"" Figma Typography ""Canva Design"" Letterhead ""Blending Tool"" ""Knif Tool"" ""Transform Effect"" ""Create sun rays in AI Illustration"" ""Type on Path Tool"" ""Letter D Logo Design"" ""Interlocking Design"" ""Shape Design in AI Illustration""","[{'title': 'How to change Dress Color In PS', 'link': 'https://www.youtube.com/watch?v=NcfmUee0vNA'}, {'title': 'How to Use Spot healing Brush Tool', 'link': 'https://www.youtube.com/watch?v=AkFIkAPQZPo'}, {'title': 'Distort & Transform Effect in AI Illustration', 'link': 'https://www.youtube.com/watch?v=GmUEuyGSJqM'}]"
BlackPIXEL,https://www.youtube.com/channel/UC-08CID17jPG1t-xIQt_CGg,@blackpixel_bp,2021-04-07T13:05:12.564857Z,"{'viewCount': '202145', 'subscriberCount': '2480', 'videoCount': '140'}",https://yt3.ggpht.com/Vqi1Ug8i-d-t3171UYZVbi4d-bkkZLsH8YZ3EtG84-rUq02ysbwxcrxtK3t3bRJabCE09nhjig=s240-c-k-c0x00ffffff-no-rj,"""black pixel"" BlackPIXEL ""graphic design"" ""Banner design"" ""Photoshop tutorials"" ""adobe photoshop"" ""banner editing"" blackpixel photoshop tutorials ""photoshop for beginners"" ""graphic design tutorial in hindi"" banner ""photoshop social media design"" ""banner poster design in photoshop"" ""mobile shop banner design"" ""photoshop training channel"" ""photoshop tutorial for beginners"" ""shop banner design"" ""Photoshop Training Channel"" ""mobile repairing banner design"" ""mobile shop flex board design""","[{'title': 'Create AMAZING Grand Opening Card Designs with Photoshop', 'link': 'https://www.youtube.com/watch?v=P1BYXnQdsZk'}, {'title': 'FAST FOOD BANNER', 'link': 'https://www.youtube.com/watch?v=RrupT87ST68'}, {'title': 'How to make FAST FOOD BANNER | Photoshop Tutorial', 'link': 'https://www.youtube.com/watch?v=codCuNX0P9k'}]"
Asad Graphics Art,https://www.youtube.com/channel/UCNSYJ1zue60ShK47swmhBHg,@asadgraphicsart,2021-10-19T17:31:37.463949Z,"{'viewCount': '60488', 'subscriberCount': '1120', 'videoCount': '72'}",https://yt3.ggpht.com/WaoPQRrRnas9dkRUw7yym1Xpf6FTuf_LlzPQb-S9fkyJRErPnVZ6nNFyPQhH5CD3n1LWktMI9A=s240-c-k-c0x00ffffff-no-rj,"video sharing ""camera phone"" ""video phone"" free upload graphic ""graphic design tutorials for beginners"" ""graphic design course"" ""graphic design tutorials"" ""graphic designer day in the life"" ""graphic design photoshop"" ""graphic design"" ""graphic design career"" ""graphic artist"" ""graphic design logo"" ""graphic design student"" ""graphic design adobe illustrator"" ""graphic design art"" ""Free Graphic Design Course for Beginners"" ""Logo Design Course"" logo ""Logo Design Process"" ""Asad Graphics Art"" ""Asad Art""","[{'title': 'Text Behind Image in Adobe Photoshop | Adobe Photoshop Tutorial', 'link': 'https://www.youtube.com/watch?v=mOxQemUYqhE'}, {'title': 'How to Create Water Text Effect in Adobe Photoshop | Adobe Photoshop Tutorial', 'link': 'https://www.youtube.com/watch?v=Y5JhYYaylM8'}, {'title': 'Change the Interface Color Theme in Adobe Photoshop | Adobe Photoshop Tutorial', 'link': 'https://www.youtube.com/watch?v=zaZGcyAs5HE'}]"
Channel,https://www.youtube.com/channel/UCduT8D4-5cXYz_3UTYfIatg,@freeonlinecourse948,2022-08-17T01:41:18.899656Z,"{'viewCount': '10', 'subscriberCount': '1', 'videoCount': '10'}",https://yt3.ggpht.com/2yutw4mSwK2D2uqvA4foP-CyTVE4MPBmRWmoqY1B0YvE1DAYofIM5IjWj0d-RlpkQ3n0jY27hQ=s240-c-k-c0x00ffffff-no-rj,,"[{'title': 'Fiverr complete course in English || how to make 10000$/month through fiverr', 'link': 'https://www.youtube.com/watch?v=27RHn8oEJ64'}, {'title': 'Fiverr online course || lecture 9 ||how to earn money through Fiverr', 'link': 'https://www.youtube.com/watch?v=SjR2kKyoS64'}, {'title': 'Top gigs on fiverr#fiverr_tutorial #lecture 8', 'link': 'https://www.youtube.com/watch?v=RQ7NSp6D9iI'}]"
Fiverr Service,https://www.youtube.com/channel/UCdtAnjRjVJfH0_FEbAysqSA,@fiverrservice6733,2017-10-31T02:48:12Z,"{'viewCount': '301', 'subscriberCount': '4', 'videoCount': '23'}",https://yt3.ggpht.com/ytc/AIdro_l7jZHMLKUQNy_iWJ9oBhdJJk-be18U1Hrf7hLq1DnQEA=s240-c-k-c0x00ffffff-no-rj,,"[{'title': 'school planner Video  (AM)', 'link': 'https://www.youtube.com/watch?v=5uiw7XxPwQk'}, {'title': 'Meet Our Team Employee Communications and customer service', 'link': 'https://www.youtube.com/watch?v=WWYH_48_C34'}, {'title': 'Sample Company Software Video Promo | www.fiverr.com/smith20170', 'link': 'https://www.youtube.com/watch?v=D3iCoVWZsms'}]"
online course,https://www.youtube.com/channel/UCayMB4pjrhP9tS9a9DuNq5g,@onlinecourse1498,2022-03-06T14:33:41.782531Z,"{'viewCount': '323', 'subscriberCount': '14', 'videoCount': '14'}",https://yt3.ggpht.com/TdGzf6-2I5vEAF9sEfO7HKnM9Wv2_O0eluoArHPRYYSe7YONgBF9914FIc6MnSoVhebkRa-ujSk=s240-c-k-c0x00ffffff-no-rj,"""Thanks 👍""","[{'title': 'Sad  boy 😔 #fypシ゚', 'link': 'https://www.youtube.com/watch?v=zCwii-uy3iM'}, {'title': 'Beby and smart perit in 🕊️ flying', 'link': 'https://www.youtube.com/watch?v=F96bc5wwzv8'}, {'title': 'Little beby and little animals happy ☺️', 'link': 'https://www.youtube.com/watch?v=nBe6uXGZtN4'}]"
Digital Education ,https://www.youtube.com/channel/UCY_Da89QXTU-p-zqEGsn42Q,@digitaleducation-g8e,2025-03-09T11:07:17.027275Z,"{'viewCount': '10', 'subscriberCount': '0', 'videoCount': '3'}",https://yt3.ggpht.com/B4oewhLnRJ-pjWVdPaXfPKhvTh-MnZP3JES2zByVldFPlTUQ_ge50fx-xRGv3Y7q-2f1xSJCXQ=s240-c-k-c0x00ffffff-no-rj,"""#online money"" ""#How to make youtube channel 2025"" #monotization ""#how to creat""","[{'title': 'Fiverr Freelancing complete Traning Course Class No 1', 'link': 'https://www.youtube.com/watch?v=Pz6II30OQxQ'}, {'title': 'The most beautifull place in china #beautifuldestinations #nature #travel #explore #lake #china', 'link': 'https://www.youtube.com/watch?v=yuHO07TWXOI'}, {'title': 'Taiwan vs peru and vs china places #beautiful #nature #travel #places #scenery #traveler #explore #t', 'link': 'https://www.youtube.com/watch?v=tw9Qf8NV8i4'}]"
Bright With Us,https://www.youtube.com/channel/UCPlj72PMn7y_JREGJQyjZIg,@brightwithus7227,2022-01-01T17:19:30.300882Z,"{'viewCount': '30430', 'subscriberCount': '1410', 'videoCount': '102'}",https://yt3.ggpht.com/1jgjlvVsFtXDg6hzRrpliTi7g1l0P1JJjRRz5DZLihBfXHOamh7VMqMrvBeHeueN0IE2Z810vg=s240-c-k-c0x00ffffff-no-rj,"Brightwithus BWU Freelancing Fiverr Upwork ""Online earning"" Teaching ""Community Organization"" Amazon ""E commerce"" ""Fiverr gig"" Upwork ""Fiverr problems"" Freelancer Truelancer ""Graphic Designing"" ""Social media team"" ""Content writing"" Teacheron Ecommerce ""Product hunting"" ""Product sourcing"" ""Product Listing"" ""Learn earn and bright with us"" ""Online Jobs"" ""Virtual assistant"" Seminars ""Digital skills"" ""E learning"" ""E earning"" Webinars ""Physical course"" ""Online course"" ""Free course"" ""Tips and tricks""","[{'title': 'Bright With Us: Celebrating the Moments That Truly Matter', 'link': 'https://www.youtube.com/watch?v=-MyAnEcY9TA'}, {'title': '""Spreading Eid Joy to 50 Orphan Kids – A Heartfelt Thank You', 'link': 'https://www.youtube.com/watch?v=UydYyAD9vTg'}, {'title': 'Fiverr Success Course: Learn, Earn & Transform Your Freelance Career', 'link': 'https://www.youtube.com/watch?v=Uq16AZZiIOw'}]"
Fiverr Intro,https://www.youtube.com/channel/UCfQOgiLWsaJXoNKrhnC9Xfw,@fiverrintro8984,2017-11-07T11:39:47Z,"{'viewCount': '35', 'subscriberCount': '2', 'videoCount': '15'}",https://yt3.ggpht.com/ytc/AIdro_nbGx6ruwIcvvUlFGHUs8ZqOOKN18D-sRaparhECvGAcw=s240-c-k-c0x00ffffff-no-rj,,"[{'title': 'Lawyer Video', 'link': 'https://www.youtube.com/watch?v=4zsh1i_eu9E'}, {'title': 'Online Class or Online Course', 'link': 'https://www.youtube.com/watch?v=NLDoLCfXwkY'}, {'title': 'Real estate promo 13', 'link': 'https://www.youtube.com/watch?v=j-ob_1lMc_Y'}]"
Fiverr Multi-Media Services,https://www.youtube.com/channel/UC2L1dgUd6A_ldr97KIwzurg,@fiverrmulti-mediaservices,2024-01-13T05:29:55.563584Z,"{'viewCount': '33', 'subscriberCount': '0', 'videoCount': '14'}",https://yt3.ggpht.com/6L51p-74yb1gIOK6UYpBs94OReu3V8VWaVY5jszQMltzHQUGyqzjOqvmEYeh72D_hkHZJ9TL_w=s240-c-k-c0x00ffffff-no-rj,,"[{'title': 'I will edit your commercial or social media video', 'link': 'https://www.youtube.com/watch?v=lzE81G0wORY'}, {'title': 'I will do professional video editing and post production', 'link': 'https://www.youtube.com/watch?v=X-MBfb3pQrY'}, {'title': 'I will edit your online course', 'link': 'https://www.youtube.com/watch?v=oma4IA5UPy8'}]"
Starr Online Videos ,https://www.youtube.com/channel/UCYomP5yEy2HuFIlP_3V0bsg,@starronlinevideos,2022-09-10T15:24:51.304798Z,"{'viewCount': '51', 'subscriberCount': '19', 'videoCount': '1'}",https://yt3.ggpht.com/5K0OIvLUEyYbj_Fwzykqvtsj_6zdB1pLC1HHgw85udQCy9he1izUTkgRSn_e_gLoAyEB5zjg1g=s240-c-k-c0x00ffffff-no-rj,"""Earn money online"" ""Work from home"" ""Best online income"" ""Free online earning course"" ""Fiverr free course"" ""Freelancing course for free"" ""How to become Freelancer"" ""Earn money without investment"" ""Best Earning Website"" ""Freelancer for biginners"" ""Freelancer online work"" ""Work from home job for ladies"" ""Work from home job for Housewife"" ""Full time job for students"" ""Part time job for students"" ""Full time earn income for Housewife"" ""Part time earn income for Housewife""","[{'title': 'Free Fiverr Freelancer Earn Online Course/Work from Home for Students, House Wife/Full Time/PartTime', 'link': 'https://www.youtube.com/watch?v=Z2nZGwocYL0'}]"
The best online courses,https://www.youtube.com/channel/UCbrjqUy5ThSa_GocLFaSjOQ,@thebestonlinecourses,2023-08-15T08:14:40.996504Z,"{'viewCount': '1389', 'subscriberCount': '5', 'videoCount': '19'}",https://yt3.ggpht.com/0t1JWeDtUl2kQvUpF_7meOJlua88G3fJaCXKaOrqJbkbSxEVFfxOREfOB6RczNrzfg8Mimg5YQ=s240-c-k-c0x00ffffff-no-rj,"""Online courses review"" ""Best MOOCs"" ""E-learning platforms"" ""Course recommendations"" ""Online education reviews"" ""Skill enhancement"" ""Digital learning"" ""Online course assessment"" ""Learning resources"" ""Online certification"" ""Self-paced learning"" ""Educational technology"" ""Career development"" ""Lifelong learning journey"" ""Online course ratings"" ""Course comparison"" ""Distance learning"" ""Online education marketplace"" ""Professional development"" ""Academic courses review""","[{'title': 'Which Digital Marketing Course is Right for You?| Adobe,Google, & Unilever Compared', 'link': 'https://www.youtube.com/watch?v=DD48lVxfn_8'}, {'title': '🎯 Which Digital Marketing Course is Right for You? | Adobe, Google, & Unilever Compared!', 'link': 'https://www.youtube.com/watch?v=3gVpR_5mDiI'}, {'title': 'Free Law Courses with Certificates on Coursera | Best Online Legal Courses 2025 part 2', 'link': 'https://www.youtube.com/watch?v=QhIxLkIPU04'}]"
Ariful Islam - Progati IT,https://www.youtube.com/channel/UC_pRcuSv83BNszxPmJ1EoTg,@progatiit,2022-05-13T04:07:44.770102Z,"{'viewCount': '75934', 'subscriberCount': '2180', 'videoCount': '70'}",https://yt3.ggpht.com/CoSanB06V9lLZHENpv9xDTOSI26SPfVtwFECMXMspeaBAYix7nZsOrGSoH7thMeCyHI1-Mm9Ag=s240-c-k-c0x00ffffff-no-rj,"""Computer Skills"" Freelancing Fiverr Upwork freelancer.com ""information technology"" ""next step with arif"" ""data entry"" ""PDF Convert"" ""web scraping"" ""data scrapping"" ""skip tracing"" ""lead generation"" ""lead generation tools"" ""digital marketing course"" seo ""facebook marketing"" ""linkedin marketing"" ""email marketing""","[{'title': '👉 Fiverr এ $40 ইনকাম করলাম মাত্র ২ মিনিটে | Instant Data Scraper টুল দিয়ে কাজ করুন সহজে! Fiverr 2025', 'link': 'https://www.youtube.com/watch?v=GMjCppVSjck'}, {'title': 'কিভাবে Upwork  কানেক্ট কিনবেন I How to purchase Upwork Connect or Membership I Upwork help Video', 'link': 'https://www.youtube.com/watch?v=3WrtmVvT8Iw'}, {'title': 'Fiverr Profile Create I Seller Profile Approved I Top Seller Reveals Best Fiverr Profile Techniques', 'link': 'https://www.youtube.com/watch?v=zFgiDfQqkdA'}]"
Hasnad Khan,https://www.youtube.com/channel/UCEW4fMH_rIUC_7Mg-irypBQ,@hasnadkhan9552,2021-01-05T00:12:43.09553Z,"{'viewCount': '250', 'subscriberCount': '51', 'videoCount': '4'}",https://yt3.ggpht.com/aa7wBdfIPjG-y4nRJz-o1nG2HAHRnGS4F-nq6_A5-M1m3KtA6Li4KWnIOSZ6ZpYvPtp14-p6dw=s240-c-k-c0x00ffffff-no-rj,"""how to earn money online in pakistan"" ""how to earn money online in pakistan free at home"" ""how to earn money online in pakistan and withdraw with easypaisa"" ""how to earn money online in pakistan without investment 2020"" ""how to earn money online in pakistan 2020"" ""how to earn money online in pakistan free at home for students 2020"" ""how to earn money online in pakistan for students"" ""how to earn money online in pakistan 2020 withdraw easypaisa and jazzcash"" ""how to earn money online in pakistan by playing game""","[{'title': 'how earn most money on fiverr at home || As Fiverr Academy || Graphic Desing Course || Asif khan', 'link': 'https://www.youtube.com/watch?v=8sGj-NpmqTw'}, {'title': 'Adobe Photoshop Online Course 2021 by As Fiverr Academy || Asif khan', 'link': 'https://www.youtube.com/watch?v=4bhe33AGYsw'}, {'title': 'how to eran money internet at home by As Fiverr Academy / Asif khan', 'link': 'https://www.youtube.com/watch?v=d2dowxiTHLo'}]"
AliAsgharLLC ,https://www.youtube.com/channel/UCgSCIkALh1uWJwXXV-w_86Q,@aliasgharllc,2021-12-31T18:48:00.194144Z,"{'viewCount': '15', 'subscriberCount': '24', 'videoCount': '7'}",https://yt3.ggpht.com/p0amXj9eNaxf3Ejh5dcbZhG08apsI4hLhxRaPJQ-U7z4N4hXxTEcnedD-0Y32_Av-OL69gPGeA=s240-c-k-c0x00ffffff-no-rj,"online earn onlinework ""online earning"" earning ""online course"" amazon freelancing fiver webdevlopment onlineclass ""how to make""","[{'title': 'english subtitle 103', 'link': 'https://www.youtube.com/watch?v=NoRaJI4qHuM'}, {'title': 'english subtitle 101', 'link': 'https://www.youtube.com/watch?v=XuwD8lKlUy0'}, {'title': 'english subtitle 102', 'link': 'https://www.youtube.com/watch?v=6-7UNV6E_pk'}]"
shikhboekhon,https://www.youtube.com/channel/UCO2CypRfF2tiaLZO0CwvacQ,@shikhboekhon,2022-10-26T08:24:51.854139Z,"{'viewCount': '18299', 'subscriberCount': '1130', 'videoCount': '57'}",https://yt3.ggpht.com/DfuKWR4tLBAKHl52ZOfM1iXseSequLHknRL5WEr-UgXNR_PRZf2hc-N7GpEwspqXqlQA9Kovrw=s240-c-k-c0x00ffffff-no-rj,"shikhboekhon ""free online class"" ""graphics design free course"" ""graphics design course in bangladesh"" make","[{'title': 'Professional design in Canva pro | with cava pro free giveway', 'link': 'https://www.youtube.com/watch?v=ZwoCQopuvsE'}, {'title': 'How to active freelancing acount 24 hours | Fiverr, Upwork এ ২৪ ঘন্টা Active থাকবো কিভাবে .', 'link': 'https://www.youtube.com/watch?v=4LyK5pGlnWA'}, {'title': 'How To Make A Freelancing Portfolio Website Free in Google sites | Create your own portfolio website', 'link': 'https://www.youtube.com/watch?v=4b9q8CFylxI'}]"
Earning tips,https://www.youtube.com/channel/UCMNJuBLDiCj0C_jAv_Ds71g,@earningtips4719,2020-05-16T12:30:01.207606Z,"{'viewCount': '51', 'subscriberCount': '5', 'videoCount': '10'}",https://yt3.ggpht.com/ytc/AIdro_m2QUYVkAsAmfhHL3GHb6EfUdQfJCdUqivleeIl2z10lw=s240-c-k-c0x00ffffff-no-rj,"""online earning"" ""online learning"" ""learn and earn"" ""online work"" ""part time job"" ""online course"" freelancing","[{'title': 'How to work in Fiverr for earning in 2020 |in Urdu |Earning Tips | Part 10', 'link': 'https://www.youtube.com/watch?v=uGaPIoImMV0'}, {'title': 'How order on Fiverr for work in 2020 | How To Create a Gig on Fiverr Urdu |Earning Tips | PART 9', 'link': 'https://www.youtube.com/watch?v=v6cY82-NcxQ'}, {'title': 'How order on Fiverr for work in 2020 | How To Create a Gig on Fiverr Urdu |Earning Tips | PART 8', 'link': 'https://www.youtube.com/watch?v=O3PfXQYncQU'}]"
Legit Business - How to Money Making Online Course,https://www.youtube.com/channel/UCgY5C6wTjvz6NCE0qoJ-dzg,@legitebusiness,2020-05-12T04:29:42.308194Z,"{'viewCount': '145187', 'subscriberCount': '1030', 'videoCount': '25'}",https://yt3.ggpht.com/97tVw-77PtvRL5Xs7XNblAGyc7snbFNxq5HrtfoudPK1N9GUSdUQyogSRrvUvdAXbVyirAni_A=s240-c-k-c0x00ffffff-no-rj,"""legit business"" ""pi network withdrawal"" ""make money online"" ""free online business course"" ""online business course"" ""find a legitimate business online"" ""make money without investing"" ""how to make money online"" ""is online business legit?"" ""AI digital marketing"" ""Digital marketing course"" ""is ... legit?"" ""how to make money online in Ghana"" ""YouTube growth hacks"" ""1000 YouTube subscribers for small channels"" ""20 YouTube settings that sucks small channels"" ""legit jobs"" ai ""how to make money with ai""","[{'title': 'START Your Drop Shipping Empire on Tendo and WhatsApp TODAY!', 'link': 'https://www.youtube.com/watch?v=EWoGixrvMIs'}, {'title': ""I tried to resell sneakers & airpods on my phone's drop shipping store..."", 'link': 'https://www.youtube.com/watch?v=vE9mTjNVQXA'}, {'title': 'olsp system scammer caught live on facebook - beware', 'link': 'https://www.youtube.com/watch?v=5aTiHk3t9lo'}]"
Skin&Business improvement ideas ,https://www.youtube.com/channel/UCJLnXyo4e5jIJSHHYnn1C1g,@shazianasir-u6s4i,2025-03-21T14:44:15.89046Z,"{'viewCount': '79', 'subscriberCount': '11', 'videoCount': '6'}",https://yt3.ggpht.com/FcZ_mJrVmrtxf6gVWH32c9v6WsYRp7_cmxZEB1d81GTARr7AjTEbIaRpL_ZhecoMjiY2SLmV9A=s240-c-k-c0x00ffffff-no-rj,,"[{'title': 'Partner with local businesses, event planners, or sell online through your website.', 'link': 'https://www.youtube.com/watch?v=Enk1RzAsWIE'}, {'title': 'Sell online through platforms like Etsy or eBay, or at local craft fair,', 'link': 'https://www.youtube.com/watch?v=INj9ICWIwms'}, {'title': 'business ideas,business improvement,business process improvement', 'link': 'https://www.youtube.com/watch?v=4jNn2sPekW8'}]"
Deoun It Solution,https://www.youtube.com/channel/UCAq_OSdrlhIYTaiEZZHA6-g,@deounitsolution,2023-04-24T16:09:01.07558Z,"{'viewCount': '33759', 'subscriberCount': '1200', 'videoCount': '41'}",https://yt3.ggpht.com/exqiKfzKe3aE1bsh8J36B_PM_pIkFGE2ULUn39KRqGfDq2Qlgi-dz1UjlAu4x4BQJcsHfbxrkw=s240-c-k-c0x00ffffff-no-rj,"Deoun_IT_Solution DeounITSolution ""lead generation bangla tutorial"" ""Lead Generation Tutorial"" ""How to Create Fiverr Account"" ""Data Entry Basic"" ""Tech Video"" Fiverr Upwork ""Freelancing Tips"" ""Freelancing Ticks"" ""Freelancing Tips and Tricks"" ""Outsourcing Tips"" ""Youtube tips"" ""Deoun It Solution"" ""Lead Generation T"" ""Lead Generation Tutorial for Beginners 2023"" ""Lead Generation Tutorial for Beginners"" Linkedin ""How to create Fiverr Account"" ""Fiverr Gig SEO"" ""Fiverr Gig Create""","[{'title': 'Lead Generation Paid Course Class 15 |  Lead Generation Tutorial for Beginners 2025 | Deoun It', 'link': 'https://www.youtube.com/watch?v=uET7vIGpDt4'}, {'title': 'Lead Generation Paid Course Class 18 | How to write gig descriptions', 'link': 'https://www.youtube.com/watch?v=LurNPjjC-CY'}, {'title': 'Lead generation Live project', 'link': 'https://www.youtube.com/watch?v=BIKtLZuYyKk'}]"
Onlinecash Acadimy,https://www.youtube.com/channel/UCSKlhiFy1BHkCrBDE-8ydjw,@onlinecashacadimy8905,2013-08-31T05:21:47Z,"{'viewCount': '4207', 'subscriberCount': '26', 'videoCount': '13'}",https://yt3.ggpht.com/ytc/AIdro_k_TxLXXDpIjvgz1xVbJBL1G0EL_vsA1gUJEsA8t2kV1w=s240-c-k-c0x00ffffff-no-rj,,"[{'title': 'How to create animated presentations  PowToon   The PowerPoint Alternative', 'link': 'https://www.youtube.com/watch?v=grHn6_uyTG8'}, {'title': '1ShoppingCart eStore Platform Review 2013   Selling with 1ShoppingCart', 'link': 'https://www.youtube.com/watch?v=ZSLxg5CaWdc'}, {'title': '1 Shopping Cart Tutorial Add A Product', 'link': 'https://www.youtube.com/watch?v=bpc16vqVPo4'}]"
Free online course ,https://www.youtube.com/channel/UCW2R48somvVeXDkP0H8fbMw,@haimaledits,2024-08-06T21:54:28.624162Z,"{'viewCount': '11', 'subscriberCount': '2', 'videoCount': '13'}",https://yt3.ggpht.com/bd8VNBDDTqzGEG5sZYVLEgD1t0xuiGLb_ZEI7txy4HokehQ6PmJnjRpajEI-x7fEvrSplVF_4w=s240-c-k-c0x00ffffff-no-rj,,"[{'title': '034 How I Cut My Faceless YouTube Channel Costs by 90% Without Losing Quality', 'link': 'https://www.youtube.com/watch?v=UrfMztRqvWM'}, {'title': '033 The Exact Formula for YouTube AutomationFaceless Channel Success', 'link': 'https://www.youtube.com/watch?v=_9G0vm7uwcw'}, {'title': '035 15 Unconventional Faceless YouTube Channel Niches that GET VIEWS', 'link': 'https://www.youtube.com/watch?v=Ft-McP2u220'}]"
The Creative Gap Podcast,https://www.youtube.com/channel/UC3ZHXk6sM90lsGWRmmxMR7w,@creativegappodcast,2022-06-12T20:35:14.179923Z,"{'viewCount': '133956', 'subscriberCount': '4760', 'videoCount': '156'}",https://yt3.ggpht.com/4Cl5Rnj9uAu7U_K5gECpbYXaS6Ixb30DK-8NuWxd0Y7mSbsWVCStKIC7S9lJMLIP4mAG4K58=s240-c-k-c0x00ffffff-no-rj,,"[{'title': '#67 - Matheus Bastos - ""Gazer"" Feature FIlm, Cannes Festival & Independent Filmmaking', 'link': 'https://www.youtube.com/watch?v=ztCGJBTn1QM'}, {'title': '#66 - Matthew Rojas - Christianity, Commercial Directing & Fatherhood', 'link': 'https://www.youtube.com/watch?v=IBNK0VRQaRc'}, {'title': '#65 - Frank Mobilio - Starting your Career as a Cinematographer', 'link': 'https://www.youtube.com/watch?v=49biJUDuODo'}]"
The Hungry Creative Podcast,https://www.youtube.com/channel/UCuPOJbFWd-9QeqVkzIBnZ0Q,@thehungrycreativepod,2024-09-10T16:47:15.055774Z,"{'viewCount': '8591', 'subscriberCount': '1090', 'videoCount': '35'}",https://yt3.ggpht.com/oN8lzKgitlbwhbdDtxoMmpLcoV7nUSTmJA8rAh-I8l2NPSgN7xd2n6kvmubdl6-p872mU-LN4A=s240-c-k-c0x00ffffff-no-rj,"podcast creative designers architect founder business CEO ""The Hungry Creative Podcast"" Designer Pentagram ""Niyi Okeowo"" Photoshop Photography ""Career Growth"" Entrepreneur Artist Adobe Illustrator ""Self Development"" THCP Mofiyin ""Art Direction"" ""Product Design"" ""Design Tutorial"" ""Learn Design"" ""Design Podcast"" ""Diary Of a CEO"" ""Chris Do"" ""The Futur"" ""Jay Shetty"" ""With Chude"" ""The Huddle""","[{'title': 'DESIGN SAVED ME \U0001fae0- Its Better To Be Consistently Wrong. #thehungrycreativepodcast', 'link': 'https://www.youtube.com/watch?v=bdoYuoLR56o'}, {'title': 'From Physiotherapy to Design: Finding Purpose Through Creativity | The Hungry Creative Podcast Ep 15', 'link': 'https://www.youtube.com/watch?v=iiY0hOIy8iE'}, {'title': 'Does your business need funding or a different business model? 💸💰 #thehungrycreativepodcast', 'link': 'https://www.youtube.com/watch?v=Rtr-jygGHeU'}]"
Creative Pep Talk,https://www.youtube.com/channel/UCuP4Q6tljoA1c5IWyh5ws6w,@creativepeptalk,2017-07-12T18:58:45Z,"{'viewCount': '127197', 'subscriberCount': '9130', 'videoCount': '49'}",https://yt3.ggpht.com/BhH5UlycQ9yRfiOoCqHvTPyKoOJV9E1ZpLNlecAzyHRagYxATAfsnFemeSL_mTpOmy5Go2gO=s240-c-k-c0x00ffffff-no-rj,,"[{'title': '502 - How to Beat the Analysis Paralysis of ""The Right Path""', 'link': 'https://www.youtube.com/watch?v=uVvwbVM93L4'}, {'title': '501 - How To Create Gentle Habits with Sophie Yanow', 'link': 'https://www.youtube.com/watch?v=3oLAsY4pMSc'}, {'title': '500 - 5 Steps from ADHD Serial Quitter to Podcaster with 500 Episodes', 'link': 'https://www.youtube.com/watch?v=ISOHgSH4V_M'}]"
The Authentic Creative Podcast,https://www.youtube.com/channel/UC3BkGf8yTZ4EldJFO-aJv3A,@theauthenticcreativepodcast,2024-05-18T03:39:12.966473Z,"{'viewCount': '4357', 'subscriberCount': '71', 'videoCount': '320'}",https://yt3.ggpht.com/drMxy1AteLA20mbTWqlEZPHKhp0wb4FsnkTRkfEssW1UpyxJI98yhTW_V0oadxBF_CKxh44Ho7c=s240-c-k-c0x00ffffff-no-rj,,"[{'title': 'Finding Synchronicity through Alignment with Robyn Cohen', 'link': 'https://www.youtube.com/watch?v=tGHPHiz6L24'}, {'title': 'Finding Synchronicity through Alignment with Robyn Cohen', 'link': 'https://www.youtube.com/watch?v=D73nIztYNk0'}, {'title': 'Earth Day After Glow: The Power of Remembering Together', 'link': 'https://www.youtube.com/watch?v=pCoRDGc498k'}]"
Creative Podcast,https://www.youtube.com/channel/UCruRZmdJH9ih_l0nMrSA1Tw,@creativepodcast-h1h,2025-04-28T02:46:13.810539Z,"{'viewCount': '0', 'subscriberCount': '1', 'videoCount': '2'}",https://yt3.ggpht.com/0jfaRX-NgnpjCtXzvyEL9Gtov94iVF8TIfXhCW1AhJMjGOzmlNSwMgKGSUf34WM7Ha5cavpXa14=s240-c-k-c0x00ffffff-no-rj,"""Creative podcast"" ""Podcast video"" Entertainment ""Love 💕"" ""Sad 😢 video"" Podcast","[{'title': 'podcast #podcast #trending #explore #youtubeshorts #ytshorts #trending', 'link': 'https://www.youtube.com/watch?v=DiRXdJBaQVs'}, {'title': 'Rone se to kujh hoga nahi #podcast #youtubeshorts #explore #trending #ytshorts', 'link': 'https://www.youtube.com/watch?v=yMLXHOhJ8pI'}]"
Creative Block,https://www.youtube.com/channel/UCSFYCJopO10SM9QOhIxGskQ,@creativeblock,2020-07-26T21:17:56.211741Z,"{'viewCount': '587353', 'subscriberCount': '11300', 'videoCount': '339'}",https://yt3.ggpht.com/ytc/AIdro_mDUCwJmfCIw1htMtGwQimx3-Cj2bqa0WPekR2meJkPMg=s240-c-k-c0x00ffffff-no-rj,"animation podcast art creative nickelodeon ""cartoon network"" netflix ""warner bros"" cartoons illustration comics ""comic books"" webcomic writing storyboarding directing television drawing ""creative arts""","[{'title': 'KEVIN TEMMER | CREATIVE BLOCK #210', 'link': 'https://www.youtube.com/watch?v=vvoTahigvtg'}, {'title': 'JAXON SORBY | CREATIVE BLOCK #209', 'link': 'https://www.youtube.com/watch?v=R3zuxL9bCnA'}, {'title': 'SAM LANE | CREATIVE BLOCK #208', 'link': 'https://www.youtube.com/watch?v=q4QjXtjLR00'}]"
Created Creative Podcast,https://www.youtube.com/channel/UCy_uOp3HR9asMHn7AaajYqw,@createdcreativepodcast,2011-10-09T16:53:22Z,"{'viewCount': '279', 'subscriberCount': '15', 'videoCount': '13'}",https://yt3.ggpht.com/-EzNmYoQKaPj8905cdvVACl1jA8MXDFZPczBHoEp9EF8gzF45MdjQVLwHHSLlVqY9u-t2rFrOQ=s240-c-k-c0x00ffffff-no-rj,"""Pastrgrrl Podcast"" ""Pastrgrrl Press"" ""Ruth E Hetland""","[{'title': 'Chris Stevens-Yu', 'link': 'https://www.youtube.com/watch?v=2WowRtbWHCk'}, {'title': 'Social Media Evangelism & ""God Didn\'t Make Us to Hate Us"" with Rev Lizzie McManus-Dail', 'link': 'https://www.youtube.com/watch?v=tqWzZP0IfHI'}, {'title': 'Creativity and Healing with Paul Lutter', 'link': 'https://www.youtube.com/watch?v=ZOkUUmyYO88'}]"
Full Stack Creative,https://www.youtube.com/channel/UC-4GdLK9HLyf6watiUMZX7Q,@musicmarketing,2017-02-15T21:45:21Z,"{'viewCount': '1628523', 'subscriberCount': '29300', 'videoCount': '579'}",https://yt3.ggpht.com/ytc/AIdro_lx3KSEuqTO8Vr7sTT1h-NCCTVTVaDNdLZZswqmRVHPDg=s240-c-k-c0x00ffffff-no-rj,"indepreneur ""full stack creative"" audio video reviews tutorials ""music marketing""","[{'title': 'Turning Your Fans Into Customers', 'link': 'https://www.youtube.com/watch?v=RDU8MCBCOUM'}, {'title': 'Timing Your Calls To Action With Your Fans', 'link': 'https://www.youtube.com/watch?v=3UNOAgpsDcI'}, {'title': '3 Split Tests To Perform Across Your Music Marketing', 'link': 'https://www.youtube.com/watch?v=ZT8uwLkGOWE'}]"
CREATIVE KUTCH PODCAST,https://www.youtube.com/channel/UCJZUGc8DkbKyzvbWOMUPwzg,@creativekutchpodcast,2025-03-03T16:35:58.194363Z,"{'viewCount': '17657', 'subscriberCount': '545', 'videoCount': '5'}",https://yt3.ggpht.com/tzWwro0WCsKDvUE4aDBrnhYgShhs_7yH6XECeuFmNqSfPCe1kMirOLelRTw-wsp0TE1m9hTv0EA=s240-c-k-c0x00ffffff-no-rj,,"[{'title': '🎙️ How to Start Parth His Instagram Journey – ft. Paarth Gor 🚀', 'link': 'https://www.youtube.com/watch?v=EcTglsOqaG8'}, {'title': 'Paarth Gor Reveals the Journey of Bhajan | Creative Kutch Podcast', 'link': 'https://www.youtube.com/watch?v=cwkQxBr-Zws'}, {'title': 'Parth Gor’s Unseen Journey: Bhuj Bloggers To Bhajan  Ft. @Being_photographerr', 'link': 'https://www.youtube.com/watch?v=0sKciS90u_k'}]"
The Unmistakable Creative Podcast,https://www.youtube.com/channel/UC1fV0h0qX61f6rkUBEIip-A,@theunmistakablecreativepod5266,2019-10-11T20:15:22.682663Z,"{'viewCount': '34239', 'subscriberCount': '686', 'videoCount': '654'}",https://yt3.ggpht.com/ytc/AIdro_mnzzz-A3AuDROxo8niuYSCrfknSlVK7pZbL7hJ4lFs4Q=s240-c-k-c0x00ffffff-no-rj,,"[{'title': 'Dan Pink | The Power of Regret', 'link': 'https://www.youtube.com/watch?v=3P6TcC3kKo8'}, {'title': 'Vanessa Van Edwards | The Secret Language of Charismatic Communication', 'link': 'https://www.youtube.com/watch?v=_9ZfJw3-rZc'}, {'title': 'From A Slight Change of Plans: A Blind Cook Becomes a Master Chef', 'link': 'https://www.youtube.com/watch?v=kLQyIeix8Y8'}]"
More Creative Podcast,https://www.youtube.com/channel/UCo3Omo_RhvbWea90dbDLhwg,@morecreativepodcast5642,2020-05-12T12:34:34.852296Z,"{'viewCount': '476', 'subscriberCount': '6', 'videoCount': '14'}",https://yt3.ggpht.com/ytc/AIdro_njM-Inn7Tmbo57JsU-E_lP12LqrZrRobmhOvsF_o0vEg=s240-c-k-c0x00ffffff-no-rj,,"[{'title': 'Episode 14: Louis Gonzales, Spark Short Director at Pixar Animation', 'link': 'https://www.youtube.com/watch?v=8oJR6yPe6TM'}, {'title': 'Episode 13: Jessica Craig, Executive Pastry Chef', 'link': 'https://www.youtube.com/watch?v=4X9QSwufLqY'}, {'title': 'Episode 12: Carlie Cairns, Illustrator at Age of Learning and ABC Mouse', 'link': 'https://www.youtube.com/watch?v=jEK0Tf35DFE'}]"
6 Figure Creative,https://www.youtube.com/channel/UCFOmlMLtAtztinBouFdJB9A,@6figurecreative,2017-03-21T14:32:41Z,"{'viewCount': '471279', 'subscriberCount': '12100', 'videoCount': '438'}",https://yt3.ggpht.com/Yx2diadyKaG_O89JEcoofXfonpd2sqFBjbr4H0kFkrdeOI2x_gaX036neXFlXnubfz5z3PyQI7g=s240-c-k-c0x00ffffff-no-rj,"""Recording Studio"" ""Home Studio""","[{'title': '360: You’re the Bottleneck — Here’s the Fix | The Multi 6-Figure Freelancer Series', 'link': 'https://www.youtube.com/watch?v=VFmVnWGJXYY'}, {'title': 'The 5-Step Client Filter Every High-Earning Freelancer Needs | The Multi 6-Figure Freelancer Series', 'link': 'https://www.youtube.com/watch?v=Apk9zXg_vcY'}, {'title': 'Building A Demand Engine That Takes You From $100k to $250k+ | The Multi 6-Figure Freelancer Series', 'link': 'https://www.youtube.com/watch?v=oiP4oLbPIUU'}]"
Creative Ops Podcast,https://www.youtube.com/channel/UCZORWZJCErP4k0TGONdJYnA,@creativeopspodcast,2025-01-29T01:09:47.416053Z,"{'viewCount': '171', 'subscriberCount': '6', 'videoCount': '43'}",https://yt3.ggpht.com/ok3oJ-wLgu_xkGMNJgLZwEbwhDiDiOjbRmpfNXbBuIszhr4-OPuiXpR5XWxVloHJP8pDIHCu=s240-c-k-c0x00ffffff-no-rj,"AI ""AI Leadership"" ""AI Workshops"" ""AI Strategy"" ""Artificial Intelligence"" ""Creative Operations"" Conversations","[{'title': 'Learning to Lead: Why Upskilling in Creative Ops Matters More Than Ever', 'link': 'https://www.youtube.com/watch?v=FUYkLyET8q4'}, {'title': ""Air's Big Bet, Creative Ops' Big Opportunity: A System of Record for Creative Work"", 'link': 'https://www.youtube.com/watch?v=ZYmwrWTIcGA'}, {'title': 'Leadership in an Era of Constant Change w Jason Holzman', 'link': 'https://www.youtube.com/watch?v=XE25aX10LFY'}]"
The Stay Creative Podcast,https://www.youtube.com/channel/UC7TWIEx-554dhganLTqWVYQ,@thestaycreativepodcast206,2020-06-11T01:01:07.999963Z,"{'viewCount': '1098', 'subscriberCount': '45', 'videoCount': '46'}",https://yt3.ggpht.com/ytc/AIdro_loT4FTaiu32CCVrQQXgjS9R6jvSzqAwT-ARRmalXMGzA=s240-c-k-c0x00ffffff-no-rj,Creativity indie music interview podcast encouragement newmusic diy artists production,"[{'title': 'Episode 28: Songwriting with Dewi, Porkboii, and Ayavavron', 'link': 'https://www.youtube.com/watch?v=y5yC3T9UBkA'}, {'title': 'Episode 27: Tone Deaf Jeff', 'link': 'https://www.youtube.com/watch?v=B6tdmDFn8zw'}, {'title': 'Episode 25: Tomer Krail', 'link': 'https://www.youtube.com/watch?v=BGdetSXMvhI'}]"
HAS Creative,https://www.youtube.com/channel/UCio3ArXLJ_Mo8FLLGVzIC5A,@hascreative,2020-08-08T04:29:53.44807Z,"{'viewCount': '781148766', 'subscriberCount': '3710000', 'videoCount': '838'}",https://yt3.ggpht.com/LxcUPs2vmJOtWr8NPDl71opIFqqtlc_pQDnpSA40l6Bzpt7Mm96oGvlrPBf0K5vQK-w2sTxl_w=s240-c-k-c0x00ffffff-no-rj,"milenial millenials podcast hascreative has pwk thehastag creative komika prazteguh krisshatta komedi warkop warmindo warungkopi MamatAlkatiri Maling MamatKeliling ebelcobra undanganmakanrandom podcastwarungkopi politik standupindonesia starling sepeda ""pwk praz"" stasiunjatinegara yanti ""yanti pwk"" closethedoor deddycorbuzier fakmen hascreative.id ""hascreative praz teguh"" ""has cretaive"" mamat ""politik komedi"" profesi comic ""stand up"" ""warung pwk"" ""sepeda mamat"" ""podcast komika"" ""kopi keliling""","[{'title': 'Jadi penasaran deh', 'link': 'https://www.youtube.com/watch?v=UgmREbjL2qU'}, {'title': 'BAPAK BAPAK - DISURUH JADI KOMIKA, RANDHIKA NYESEL NGIKUTIN SARAN ISTRI', 'link': 'https://www.youtube.com/watch?v=MK_tw8bfXuk'}, {'title': 'Keanu ga kuat sama Opie Kumis', 'link': 'https://www.youtube.com/watch?v=llKpAYn5D3c'}]"
Creative podcast ,https://www.youtube.com/channel/UCkD0a5sbaOgKnBmp-bkq_IA,@creativepodcastt,2024-12-25T16:46:05.775414Z,"{'viewCount': '2', 'subscriberCount': '1', 'videoCount': '1'}",https://yt3.ggpht.com/CIwciCI6hl0X5d4B5c23Y-qAYzobsFqxLb7YK_H2i11KRWqelSnl8zRDBp7fWlYrvD-9s1Ft=s240-c-k-c0x00ffffff-no-rj,,"[{'title': ""Shweta Tripathi & SlowCheeta's Love Story#shorts #shortsfeed#trending"", 'link': 'https://www.youtube.com/watch?v=Zslt6-KjpkU'}]"
Creative By Design Podcast,https://www.youtube.com/channel/UCSP74gTpGhUubGnvg2xuUkg,@creativebydesignpodcast,2023-10-23T04:16:41.42603Z,"{'viewCount': '6633', 'subscriberCount': '36', 'videoCount': '25'}",https://yt3.ggpht.com/iH3nrjJNsqgFPxqQeqrSPad2PUYgh_MNqz27ZPMEOPS8oV08K8wk3JFU6GRNR-HEEu6vR9B6gg=s240-c-k-c0x00ffffff-no-rj,,"[{'title': 'Being a Faith-Based Creative #podcast #shorts', 'link': 'https://www.youtube.com/watch?v=Rv2QF63zV40'}, {'title': 'Creating Art With God #podcast #shorts', 'link': 'https://www.youtube.com/watch?v=qn99b3t-Jcg'}, {'title': ""It's Hard to Trust Yourself #podcast #shorts"", 'link': 'https://www.youtube.com/watch?v=cp-dzyqRx6c'}]"
creative podcast,https://www.youtube.com/channel/UCZmaXQSU7AT_zqSx_4qud4A,@creativepodcast-28,2025-04-03T11:48:39.882728Z,"{'viewCount': '10', 'subscriberCount': '6', 'videoCount': '2'}",https://yt3.ggpht.com/vTD0Dpr8aBIZyCZHR5iA71XBBoRMkKM8WzCzhzAb5tn1x7FvAFbvMecKI1-4tFMYqVbR5uE05SM=s240-c-k-c0x00ffffff-no-rj,,"[{'title': 'mot ka Khel 🪖\U0001fae1 jai hind jai bharat 🇮🇳 #youtube #ytshorts #modi #indianarmy', 'link': 'https://www.youtube.com/watch?v=WwZkcUBs7x4'}, {'title': 'modi ji ke spasht shabd aatankwadiyon ke liye \U0001fae1 jai hin jai bharat 🇮🇳 #modi #ytshorts #youtube', 'link': 'https://www.youtube.com/watch?v=q_7Ha0IKzxI'}]"
The Collective Podcast,https://www.youtube.com/channel/UCCD4fnYzxc9TBTsDV9ewlPQ,@thecollectivepod,2022-11-08T19:07:53.730007Z,"{'viewCount': '109519', 'subscriberCount': '4080', 'videoCount': '26'}",https://yt3.ggpht.com/otua6PUaxDwRldid6_kh2WMluZLFNB6wDduybOzyNcB9onveARzMm4iL5u37xHj29OJDlqpgDQ=s240-c-k-c0x00ffffff-no-rj,,"[{'title': 'Ep.  256 -  Patrick Clair', 'link': 'https://www.youtube.com/watch?v=JAwZP5zFSX8'}, {'title': 'Ep.  255 -  Beeple', 'link': 'https://www.youtube.com/watch?v=WxzbSbFPMK4'}, {'title': 'Ep.254 - Nick Carver', 'link': 'https://www.youtube.com/watch?v=70LK3UMioF4'}]"
Creative Podcast,https://www.youtube.com/channel/UC1pd3jF-X_Tu5BU9jp9M26w,@creativepodcast06,2025-02-11T08:30:02.513958Z,"{'viewCount': '10330', 'subscriberCount': '66', 'videoCount': '64'}",https://yt3.ggpht.com/1hH0WNBq8WotB2GlstWlgf5emOtee3Cv6RtBw00IaFIBCDLI7ZBR65_ihwExtVP-O3hJDTcsug=s240-c-k-c0x00ffffff-no-rj,Cptalkshow Punjabpodcast #podcast #aktalkshow,"[{'title': '#shorts#trending#podcast', 'link': 'https://www.youtube.com/watch?v=l8e__EOOGP4'}, {'title': 'USTAAD BABBU MAAN #shorts #viralshorts #podcast #podcastvibes#comedyshorts#amanaujla#babbumaan', 'link': 'https://www.youtube.com/watch?v=GAmJIVPK6BA'}, {'title': 'USTAAD BABBU MAAN Podcast  #shorts#viralshorts#podcast#trendingshorts#babbumaan#shortvideos', 'link': 'https://www.youtube.com/watch?v=H5qTll_1Ivc'}]"
f64 Academy,https://www.youtube.com/channel/UCCtxWq6RSZNFxz_d4hCKxgA,@f64academy,2011-02-02T02:50:57Z,"{'viewCount': '9439333', 'subscriberCount': '137000', 'videoCount': '420'}",https://yt3.ggpht.com/fVrJu8zfvkdpj2DrxXLfbK-E7CQRsH18Wk4jIUgpmhCZ4Z85_yJRfeEuaif9E-XrGUWZnzQ=s240-c-k-c0x00ffffff-no-rj,"f64academy.com ""Photoshop Tutorial"" ""Photoshop How to"" ""Blake Rudis"" ""Photography Help"" ""Photoshop for Photographers"" ""Adobe Camera Raw"" Piximperfect","[{'title': 'GOODBYE Adobe Color!', 'link': 'https://www.youtube.com/watch?v=Yh2Ym3LvAOs'}, {'title': 'SECRET Tone Sliders in ACR & Lightroom', 'link': 'https://www.youtube.com/watch?v=nduh0hGqbjE'}, {'title': 'These Settings Are RUINING Your Photos', 'link': 'https://www.youtube.com/watch?v=-SCxuMVmRZ4'}]"
Vintage Lens File,https://www.youtube.com/channel/UCuk3aeV-ybK69W76RQnCgOg,@lloyd356,2010-04-15T17:34:03Z,"{'viewCount': '77511', 'subscriberCount': '448', 'videoCount': '227'}",https://yt3.ggpht.com/hWBZ827dHXTL08-9enutAnGMt_nltw27ssvnfZtGoqcrRN44ebHZdUWUagS7sPfAipquAtiaWQ=s240-c-k-c0x00ffffff-no-rj,,"[{'title': 'Film Leica  フィルムライカ', 'link': 'https://www.youtube.com/watch?v=Ys5Vj7y1XGs'}, {'title': 'My Velocette', 'link': 'https://www.youtube.com/watch?v=NzDxABVSDYg'}, {'title': '1957 Porsche 356A Cabriolet', 'link': 'https://www.youtube.com/watch?v=N24q39MCSw8'}]"
Vintage Lens Tasting Notes,https://www.youtube.com/channel/UCviaueXPd5OgnKP2wa7Xn7g,@vintagelenses100,2018-01-20T03:33:08Z,"{'viewCount': '256783', 'subscriberCount': '1340', 'videoCount': '119'}",https://yt3.ggpht.com/ytc/AIdro_n3LVmbp7-dHlcBBba_O0sqqPT-mJwWbSVyrLwdaVvlWQ=s240-c-k-c0x00ffffff-no-rj,Vintage Lens Tasting Notes シャハト オールドレンズ M42 leica zeiss olympus flektogon angenieux sonnar biogon tessar biometar voigtlander prominent nokton ultron skopar trioplan canon fd nikon nikkor minolta pentax takumar summicron summaron summilux summitar summar elmar thambar hektor l39 rokkor zuiko elmarit contax zunow planar robot paxette レンズ沼 カメラ女子 フィルムカメラ ライカ ゾナー キヤノン fujinon leitz α7s ソニー sony miranda fed rodenstock meyer primofplan isco enna lithagon jupiter schacht komura biotar,"[{'title': 'Nikkor S.C 8.5cm F1.5 L39 開放〜F32 作例比較  HD 1080p', 'link': 'https://www.youtube.com/watch?v=QfybWhd4IwE'}, {'title': 'Nikkor-HC 5cm F2 collapsible 沈胴\u3000開放〜F16作例比較    HD 1080p', 'link': 'https://www.youtube.com/watch?v=0aAr-vo-plw'}, {'title': 'Yashinon 5cm F1.8 L39 開放〜F22作例比較   HD 1080p', 'link': 'https://www.youtube.com/watch?v=30cAyB5v5s4'}]"
studio99,https://www.youtube.com/channel/UCKdF2N-4jvS4whb999q31TQ,@studio99photography,2008-08-22T09:34:08Z,"{'viewCount': '6437', 'subscriberCount': '577', 'videoCount': '25'}",https://yt3.ggpht.com/6dT0yEhiVyWnC6t2YV_6p8f17earTIhQnvB0-4089bEf1USz4Hxq4HKOh7XYQP3k7BxSsGmpssE=s240-c-k-c0x00ffffff-no-rj,,"[{'title': 'Shooting with a 75-Year-Old Lens - Rediscovering Vintage Magic!', 'link': 'https://www.youtube.com/watch?v=CJv7BcC-0QY'}, {'title': 'Master Slow Sync Flash Photography - Normal & Rear Curtain Technique', 'link': 'https://www.youtube.com/watch?v=AzAD8G8nCXo'}, {'title': 'Master the Art of Bokeh: Tips for Stunning Background Blur!', 'link': 'https://www.youtube.com/watch?v=fkLeCQsTYOk'}]"
Tj LeClair,https://www.youtube.com/channel/UCSAep42a_E7DAl0MELwBWbA,@tjleclairphotography,2023-04-07T16:20:55.2127Z,"{'viewCount': '3073', 'subscriberCount': '10', 'videoCount': '6'}",https://yt3.ggpht.com/ek74x8TYdgvTiKljLonBdfqECTP1g_GMlGna3h2mV3cabjWaC1bQhQ9nTzQpovChwmyUdif3=s240-c-k-c0x00ffffff-no-rj,,"[{'title': 'Wait for the end😅 #photographer #sunset #landscapephotography #travel #photography #photographytips', 'link': 'https://www.youtube.com/watch?v=pJW0Pe16x-E'}, {'title': 'Saving a 150 year old lens🤯🤯 #photographer #landscapephotography #photography #photographytips', 'link': 'https://www.youtube.com/watch?v=VZSJG7DObVQ'}, {'title': 'Wait for it 🤯 #photographer #sunset #landscapephotography #photography #travel #photographytips', 'link': 'https://www.youtube.com/watch?v=78oL85dsjwM'}]"
Tapeless Video,https://www.youtube.com/channel/UCBpToc9dZhYjC0ZyXznbXdg,@theinanfilm,2009-11-03T04:02:11Z,"{'viewCount': '21874', 'subscriberCount': '224', 'videoCount': '45'}",https://yt3.ggpht.com/N4p2w_nE2DYww4anWvAaDq5CVrrlFbuTqr8oYjyS91LKBFBU1J1UDq6gfekS_V7BSxd_YHhmY5g=s240-c-k-c0x00ffffff-no-rj,"""Tapeless Video"" ""vintage lens"" ""digital camera"" ""sigma fp"" ""Lumix s5"" ""anamorphic lens"" photography film ""short film"" ""mirrorless camera"" ""film making"" blackmagicdesign","[{'title': ""dessert boutique  'EAT'A' 디저크 부티끄 '잍아'"", 'link': 'https://www.youtube.com/watch?v=q3uCZ0wb9e8'}, {'title': 'SIGMA FP / Weird Lens TEST', 'link': 'https://www.youtube.com/watch?v=zTWJKxoCX_A'}, {'title': 'SIGMA FP / ANAMORPHIC TEST / SCHNEIDER ES Cinelux', 'link': 'https://www.youtube.com/watch?v=tQER-ucvH7w'}]"
김진형,https://www.youtube.com/channel/UCMb0CmZBw0B6n02XpvEkOcw,@김진형-o6u,2012-11-18T19:35:42Z,"{'viewCount': '10455', 'subscriberCount': '37', 'videoCount': '7'}",https://yt3.ggpht.com/ytc/AIdro_mCyhYtrY3N_pdmyS9kis7HCQ6EXYTDYpGimj0loEnLAw=s240-c-k-c0x00ffffff-no-rj,,"[{'title': '[Short film ‘너의 자리 A room for you’] Alexa mini + Kodak 5219 500t Film', 'link': 'https://www.youtube.com/watch?v=lqIH1fx79b0'}, {'title': 'Mavic pro2 + insta360R test footage', 'link': 'https://www.youtube.com/watch?v=S52e4qSvZqE'}, {'title': '[Vintage lens Tour] Jupiter 9 hybrid on sony A77', 'link': 'https://www.youtube.com/watch?v=R5R1QsTSBEI'}]"
ohjajohh,https://www.youtube.com/channel/UCmd9fs6XJNn9e_XR-zHZ5Uw,@ohjajohh,2006-09-05T13:06:40Z,"{'viewCount': '284325', 'subscriberCount': '1550', 'videoCount': '78'}",https://yt3.ggpht.com/ytc/AIdro_lMr6f-e-9aMzDQg8-dfqK4Wp35krRktxR22wPc0ULRhQ=s240-c-k-c0x00ffffff-no-rj,travel trip airplane holiday tripreport japan korea,"[{'title': 'Tair 3 phs - A day at the Zoo (amazing 40+ years old lens)', 'link': 'https://www.youtube.com/watch?v=-UMN5LDFEoM'}, {'title': 'Riding a bike from Seoul to Busan (and giving up early?) | 자전거로 서울~부산', 'link': 'https://www.youtube.com/watch?v=7qoOoDBJfvk'}, {'title': 'Canon 24mm f2.8 EF | First impressions in Seoul, Korea', 'link': 'https://www.youtube.com/watch?v=G7xT0fpx4PU'}]"
8days film,https://www.youtube.com/channel/UC7HoLYCZS7P3I6Raya1jN-A,@8daysfilm0911,2021-09-17T02:03:25.350065Z,"{'viewCount': '77200', 'subscriberCount': '266', 'videoCount': '20'}",https://yt3.ggpht.com/v8WyHvOsE2xjt2aRrwcdROjhK8TKi9PRTl7zjsgNpKflkLWeCyWKgfe6NRkjLC9EVQnaSrBq=s240-c-k-c0x00ffffff-no-rj,,"[{'title': '【徹底比較】DEHANCER VS ダビンチ『フィルムルック・クリエイター』', 'link': 'https://www.youtube.com/watch?v=xYKy-yZZuZY'}, {'title': '映像文学詩「堕落論 01」#縦型動画 #ニコンバーティカルムービーアワード2025', 'link': 'https://www.youtube.com/watch?v=NtoNMqQ8jvY'}, {'title': '映像文学詩「堕落論 02」 #縦型動画 #ニコンバーティカルムービーアワード2025', 'link': 'https://www.youtube.com/watch?v=ynVXlyC9Bfo'}]"
Ben Ferris ,https://www.youtube.com/channel/UC7omqU5sf_JcWKkuXfZxIKw,@benferris6472,2021-08-11T18:11:16.675541Z,"{'viewCount': '513', 'subscriberCount': '15', 'videoCount': '10'}",https://yt3.ggpht.com/iESiJeYrPvv_KLdpCawEmNZMHb_R6jydN8NhVoriq3eFzjiDgZmsoblUAGx7SuXDl7H0fOtKpd4=s240-c-k-c0x00ffffff-no-rj,,"[{'title': 'Barrier 999 (By Ben Ferris) Original Music Track!', 'link': 'https://www.youtube.com/watch?v=RyTIP-QhiY8'}, {'title': 'Route-66 (by ben ferris) original music track', 'link': 'https://www.youtube.com/watch?v=sB83I6_0TwU'}, {'title': 'The foresaken: original music track (by ben ferris) #Peace', 'link': 'https://www.youtube.com/watch?v=i3oJDerdHtY'}]"
Adam Kopecký,https://www.youtube.com/channel/UCpduZhXdK2TUiTv2y3Q7S0A,@adam_kopecky,2015-09-16T12:32:03Z,"{'viewCount': '47668', 'subscriberCount': '98', 'videoCount': '109'}",https://yt3.ggpht.com/scIFnMoRlfMNCUPUdblHp3g9FyQFEaUiuOoAuoAmtKiAU1Gy3Z5LPZBrQIueTsXAVvY1rk7t584=s240-c-k-c0x00ffffff-no-rj,,"[{'title': 'Amur po nějaké době. #amur #boiles', 'link': 'https://www.youtube.com/watch?v=Q0el6IN_VEI'}, {'title': 'Vintage lens tip #pancolar5018 #pancolar #portrait', 'link': 'https://www.youtube.com/watch?v=fZEV9lRG3yA'}, {'title': 'Kapr řádkáč #boiles  #carpfishing #kaprarina', 'link': 'https://www.youtube.com/watch?v=3Ev8PS1TwvU'}]"
Vintageandfilms,https://www.youtube.com/channel/UC7I2Zmv4gV3QosVxeepzekg,@vintageandfilms,2020-07-30T15:15:30.564205Z,"{'viewCount': '84509', 'subscriberCount': '380', 'videoCount': '11'}",https://yt3.ggpht.com/ytc/AIdro_nUekBFC5UzdARBRuearxC1ncGY9bgDJQO9yvtJtQng5Q=s240-c-k-c0x00ffffff-no-rj,"photography ""photographer in guwahati"" ""sony alpha"" ""sony mirrorless"" ""tashdique mehtaj ahmed"" ""wedding photography"" ""portrait photography"" ""event photography"" ""photographer in guwahati"" assam cinematography","[{'title': ""Bhargav & Minakshi's Wedding Highlight || Assamese Wedding|| Mere Sohneya || Kabir Singh |"", 'link': 'https://www.youtube.com/watch?v=51yIbQjvBQM'}, {'title': 'Honey Bee Farming | Beekeeping Farming (Apiculture | UCO BANK | Pradhan Mantri Mudra Yojna (PMMY)', 'link': 'https://www.youtube.com/watch?v=7GpIfXulGrI'}, {'title': ""Barnali & Rahul's Wedding Video Highlight || Bhaskar Opswel - Xewali|| Assamese Wedding"", 'link': 'https://www.youtube.com/watch?v=TzPCQZ1-n-E'}]"
Nathan Mallek,https://www.youtube.com/channel/UC0aaN6nYmnKggceNFEr_kUg,@nathanmallek,2012-05-17T03:58:56Z,"{'viewCount': '156764', 'subscriberCount': '1060', 'videoCount': '25'}",https://yt3.ggpht.com/3ZiZWuYH2REkoQ_N_wvRnUDOFFcIFPr_MlAaImByGtN5IYAvQ6A51v5oIi2UXjq3roXMEFFpyg=s240-c-k-c0x00ffffff-no-rj,,"[{'title': 'We Did It!', 'link': 'https://www.youtube.com/watch?v=RBTxMzd70r4'}, {'title': 'Rapoo MT760 First Impressions - Better than Apple Magic Mouse?', 'link': 'https://www.youtube.com/watch?v=nQ_bZZLcJBE'}, {'title': 'iPad 4th Gen in 2025', 'link': 'https://www.youtube.com/watch?v=oksV9NyvyiI'}]"
Lemon Head,https://www.youtube.com/channel/UCCfqrgfx3fxj25Sdwzz29hA,@lemonheadnaturebinge,2022-10-01T19:28:40.067286Z,"{'viewCount': '60629', 'subscriberCount': '197', 'videoCount': '147'}",https://yt3.ggpht.com/7vboNX76iTTwOYfYqNUzzQjfKTuzlEJiOoA40-AbqaO3DvNVJV0-SVo6YnfmpVnh6frc3g17=s240-c-k-c0x00ffffff-no-rj,Outdoorlife kayak camping wildlifephotography naturephotography birdphotography Idaho,"[{'title': 'Nature Short filmed on 70 year old lens!', 'link': 'https://www.youtube.com/watch?v=xvoJnthJmLI'}, {'title': 'Redbone Hounds are a pain in the a*s.', 'link': 'https://www.youtube.com/watch?v=_zslNdyWdwU'}, {'title': 'A Beautiful Vintage Lens is Reborn. Nikon-P 105mm 2.5', 'link': 'https://www.youtube.com/watch?v=wFVaNRdHy_8'}]"
